[0m01:32:26.565638 [debug] [MainThread]: Sending event: {'category': 'dbt', 'action': 'invocation', 'label': 'start', 'context': [<snowplow_tracker.self_describing_json.SelfDescribingJson object at 0x112f19ee0>, <snowplow_tracker.self_describing_json.SelfDescribingJson object at 0x1144a3a30>, <snowplow_tracker.self_describing_json.SelfDescribingJson object at 0x1144a3850>]}


============================== 01:32:26.571040 | 6c2cdb05-6119-48e6-a3e0-680a7dffb205 ==============================
[0m01:32:26.571040 [info ] [MainThread]: Running with dbt=1.10.22
[0m01:32:26.571858 [debug] [MainThread]: running dbt with arguments {'no_print': 'None', 'send_anonymous_usage_stats': 'True', 'debug': 'False', 'log_cache_events': 'False', 'warn_error_options': 'WarnErrorOptionsV2(error=[], warn=[], silence=[])', 'version_check': 'True', 'profiles_dir': '/Users/mac/.dbt', 'use_colors': 'True', 'write_json': 'True', 'indirect_selection': 'eager', 'partial_parse': 'True', 'static_parser': 'True', 'empty': 'False', 'quiet': 'False', 'printer_width': '80', 'invocation_command': 'dbt run --select staging', 'warn_error': 'None', 'use_experimental_parser': 'False', 'fail_fast': 'False', 'log_format': 'default', 'log_path': '/Users/mac/projects/DE project/zomato_ai_project/zomato/logs', 'target_path': 'None', 'cache_selected_only': 'False', 'introspect': 'True'}
[0m01:32:28.334715 [debug] [MainThread]: Sending event: {'category': 'dbt', 'action': 'project_id', 'label': '6c2cdb05-6119-48e6-a3e0-680a7dffb205', 'context': [<snowplow_tracker.self_describing_json.SelfDescribingJson object at 0x111cbbf10>]}
[0m01:32:28.435090 [debug] [MainThread]: Sending event: {'category': 'dbt', 'action': 'adapter_info', 'label': '6c2cdb05-6119-48e6-a3e0-680a7dffb205', 'context': [<snowplow_tracker.self_describing_json.SelfDescribingJson object at 0x1290ceb20>]}
[0m01:32:28.436706 [info ] [MainThread]: Registered adapter: snowflake=1.10.2
[0m01:32:28.692421 [debug] [MainThread]: checksum: 04c83ee057a648a2f8e380c895ffead170732fa039f068d62b9d36aaeefaf7cc, vars: {}, profile: , target: , version: 1.10.22
[0m01:32:28.693860 [info ] [MainThread]: Unable to do partial parsing because saved manifest not found. Starting full parse.
[0m01:32:28.694485 [debug] [MainThread]: Sending event: {'category': 'dbt', 'action': 'partial_parser', 'label': '6c2cdb05-6119-48e6-a3e0-680a7dffb205', 'context': [<snowplow_tracker.self_describing_json.SelfDescribingJson object at 0x1293456d0>]}
[0m01:32:30.051998 [warn ] [MainThread]: [[33mWARNING[0m]: Configuration paths exist in your dbt_project.yml file which do not apply to any resources.
There are 3 unused configuration paths:
- models.zomato.staging
- models.zomato.snapshots
- models.zomato.marts
[0m01:32:30.068678 [debug] [MainThread]: Sending event: {'category': 'dbt', 'action': 'load_project', 'label': '6c2cdb05-6119-48e6-a3e0-680a7dffb205', 'context': [<snowplow_tracker.self_describing_json.SelfDescribingJson object at 0x1298d3130>]}
[0m01:32:30.153281 [debug] [MainThread]: Wrote artifact WritableManifest to /Users/mac/projects/DE project/zomato_ai_project/zomato/target/manifest.json
[0m01:32:30.156388 [debug] [MainThread]: Wrote artifact SemanticManifest to /Users/mac/projects/DE project/zomato_ai_project/zomato/target/semantic_manifest.json
[0m01:32:30.191253 [debug] [MainThread]: Sending event: {'category': 'dbt', 'action': 'resource_counts', 'label': '6c2cdb05-6119-48e6-a3e0-680a7dffb205', 'context': [<snowplow_tracker.self_describing_json.SelfDescribingJson object at 0x1297e87f0>]}
[0m01:32:30.192040 [info ] [MainThread]: Found 7 sources, 493 macros
[0m01:32:30.192715 [debug] [MainThread]: Sending event: {'category': 'dbt', 'action': 'runnable_timing', 'label': '6c2cdb05-6119-48e6-a3e0-680a7dffb205', 'context': [<snowplow_tracker.self_describing_json.SelfDescribingJson object at 0x1293f9cd0>]}
[0m01:32:30.193600 [warn ] [MainThread]: The selection criterion 'staging' does not match any enabled nodes
[0m01:32:30.194790 [warn ] [MainThread]: Nothing to do. Try checking your model configs and model specification args
[0m01:32:30.195646 [debug] [MainThread]: Command end result
[0m01:32:30.231673 [debug] [MainThread]: Wrote artifact WritableManifest to /Users/mac/projects/DE project/zomato_ai_project/zomato/target/manifest.json
[0m01:32:30.233917 [debug] [MainThread]: Wrote artifact SemanticManifest to /Users/mac/projects/DE project/zomato_ai_project/zomato/target/semantic_manifest.json
[0m01:32:30.238460 [debug] [MainThread]: Wrote artifact RunExecutionResult to /Users/mac/projects/DE project/zomato_ai_project/zomato/target/run_results.json
[0m01:32:30.243152 [debug] [MainThread]: Resource report: {"command_name": "run", "command_success": true, "command_wall_clock_time": 3.795683, "process_in_blocks": "0", "process_kernel_time": 0.948867, "process_mem_max_rss": "188588032", "process_out_blocks": "0", "process_user_time": 6.703748}
[0m01:32:30.243798 [debug] [MainThread]: Command `dbt run` succeeded at 01:32:30.243657 after 3.80 seconds
[0m01:32:30.244335 [debug] [MainThread]: Sending event: {'category': 'dbt', 'action': 'invocation', 'label': 'end', 'context': [<snowplow_tracker.self_describing_json.SelfDescribingJson object at 0x112f19ee0>, <snowplow_tracker.self_describing_json.SelfDescribingJson object at 0x1290ceb20>, <snowplow_tracker.self_describing_json.SelfDescribingJson object at 0x113da7ac0>]}
[0m01:32:30.244871 [debug] [MainThread]: Flushing usage events
[0m01:32:31.779702 [debug] [MainThread]: An error was encountered while trying to flush usage events
[0m01:36:38.610436 [debug] [MainThread]: Sending event: {'category': 'dbt', 'action': 'invocation', 'label': 'start', 'context': [<snowplow_tracker.self_describing_json.SelfDescribingJson object at 0x10d998c10>, <snowplow_tracker.self_describing_json.SelfDescribingJson object at 0x10ef1e7f0>, <snowplow_tracker.self_describing_json.SelfDescribingJson object at 0x10ef1e9d0>]}


============================== 01:36:38.618248 | f5a47eee-1310-43b7-8fb4-7634b900ae9d ==============================
[0m01:36:38.618248 [info ] [MainThread]: Running with dbt=1.10.22
[0m01:36:38.619272 [debug] [MainThread]: running dbt with arguments {'log_format': 'default', 'static_parser': 'True', 'fail_fast': 'False', 'send_anonymous_usage_stats': 'True', 'quiet': 'False', 'log_path': '/Users/mac/projects/DE project/zomato_ai_project/zomato/logs', 'debug': 'False', 'warn_error': 'None', 'partial_parse': 'True', 'write_json': 'True', 'target_path': 'None', 'use_experimental_parser': 'False', 'log_cache_events': 'False', 'warn_error_options': 'WarnErrorOptionsV2(error=[], warn=[], silence=[])', 'indirect_selection': 'eager', 'profiles_dir': '/Users/mac/.dbt', 'printer_width': '80', 'cache_selected_only': 'False', 'use_colors': 'True', 'introspect': 'True', 'no_print': 'None', 'version_check': 'True', 'invocation_command': 'dbt run --select staging', 'empty': 'False'}
[0m01:36:40.187836 [debug] [MainThread]: Sending event: {'category': 'dbt', 'action': 'project_id', 'label': 'f5a47eee-1310-43b7-8fb4-7634b900ae9d', 'context': [<snowplow_tracker.self_describing_json.SelfDescribingJson object at 0x10eedc220>]}
[0m01:36:40.284390 [debug] [MainThread]: Sending event: {'category': 'dbt', 'action': 'adapter_info', 'label': 'f5a47eee-1310-43b7-8fb4-7634b900ae9d', 'context': [<snowplow_tracker.self_describing_json.SelfDescribingJson object at 0x10ee9faf0>]}
[0m01:36:40.285904 [info ] [MainThread]: Registered adapter: snowflake=1.10.2
[0m01:36:40.542976 [debug] [MainThread]: checksum: 04c83ee057a648a2f8e380c895ffead170732fa039f068d62b9d36aaeefaf7cc, vars: {}, profile: , target: , version: 1.10.22
[0m01:36:40.637883 [info ] [MainThread]: Unable to do partial parsing because a project config has changed
[0m01:36:40.638515 [debug] [MainThread]: Sending event: {'category': 'dbt', 'action': 'partial_parser', 'label': 'f5a47eee-1310-43b7-8fb4-7634b900ae9d', 'context': [<snowplow_tracker.self_describing_json.SelfDescribingJson object at 0x10e77cb50>]}
[0m01:36:41.977568 [warn ] [MainThread]: [[33mWARNING[0m]: Configuration paths exist in your dbt_project.yml file which do not apply to any resources.
There are 3 unused configuration paths:
- models.zomato.staging
- models.snapshot.zomato
- models.zomato.marts
[0m01:36:41.993034 [debug] [MainThread]: Sending event: {'category': 'dbt', 'action': 'load_project', 'label': 'f5a47eee-1310-43b7-8fb4-7634b900ae9d', 'context': [<snowplow_tracker.self_describing_json.SelfDescribingJson object at 0x124389fa0>]}
[0m01:36:42.066245 [debug] [MainThread]: Wrote artifact WritableManifest to /Users/mac/projects/DE project/zomato_ai_project/zomato/target/manifest.json
[0m01:36:42.069287 [debug] [MainThread]: Wrote artifact SemanticManifest to /Users/mac/projects/DE project/zomato_ai_project/zomato/target/semantic_manifest.json
[0m01:36:42.100675 [debug] [MainThread]: Sending event: {'category': 'dbt', 'action': 'resource_counts', 'label': 'f5a47eee-1310-43b7-8fb4-7634b900ae9d', 'context': [<snowplow_tracker.self_describing_json.SelfDescribingJson object at 0x1243d2790>]}
[0m01:36:42.101419 [info ] [MainThread]: Found 7 sources, 493 macros
[0m01:36:42.101973 [debug] [MainThread]: Sending event: {'category': 'dbt', 'action': 'runnable_timing', 'label': 'f5a47eee-1310-43b7-8fb4-7634b900ae9d', 'context': [<snowplow_tracker.self_describing_json.SelfDescribingJson object at 0x1243b3640>]}
[0m01:36:42.102750 [warn ] [MainThread]: The selection criterion 'staging' does not match any enabled nodes
[0m01:36:42.103884 [warn ] [MainThread]: Nothing to do. Try checking your model configs and model specification args
[0m01:36:42.104684 [debug] [MainThread]: Command end result
[0m01:36:42.138148 [debug] [MainThread]: Wrote artifact WritableManifest to /Users/mac/projects/DE project/zomato_ai_project/zomato/target/manifest.json
[0m01:36:42.140436 [debug] [MainThread]: Wrote artifact SemanticManifest to /Users/mac/projects/DE project/zomato_ai_project/zomato/target/semantic_manifest.json
[0m01:36:42.145071 [debug] [MainThread]: Wrote artifact RunExecutionResult to /Users/mac/projects/DE project/zomato_ai_project/zomato/target/run_results.json
[0m01:36:42.150027 [debug] [MainThread]: Resource report: {"command_name": "run", "command_success": true, "command_wall_clock_time": 3.6548023, "process_in_blocks": "0", "process_kernel_time": 1.100206, "process_mem_max_rss": "188850176", "process_out_blocks": "0", "process_user_time": 7.015902}
[0m01:36:42.150769 [debug] [MainThread]: Command `dbt run` succeeded at 01:36:42.150588 after 3.66 seconds
[0m01:36:42.151332 [debug] [MainThread]: Sending event: {'category': 'dbt', 'action': 'invocation', 'label': 'end', 'context': [<snowplow_tracker.self_describing_json.SelfDescribingJson object at 0x10d998c10>, <snowplow_tracker.self_describing_json.SelfDescribingJson object at 0x10ee9faf0>, <snowplow_tracker.self_describing_json.SelfDescribingJson object at 0x1243b3340>]}
[0m01:36:42.151993 [debug] [MainThread]: Flushing usage events
[0m01:36:45.535279 [debug] [MainThread]: An error was encountered while trying to flush usage events
[0m01:43:45.107701 [debug] [MainThread]: Sending event: {'category': 'dbt', 'action': 'invocation', 'label': 'start', 'context': [<snowplow_tracker.self_describing_json.SelfDescribingJson object at 0x1074ceb50>, <snowplow_tracker.self_describing_json.SelfDescribingJson object at 0x108a52b80>, <snowplow_tracker.self_describing_json.SelfDescribingJson object at 0x108a52d60>]}


============================== 01:43:45.114887 | b1dd6be2-711c-4471-a254-d2c185d56ad2 ==============================
[0m01:43:45.114887 [info ] [MainThread]: Running with dbt=1.10.22
[0m01:43:45.115821 [debug] [MainThread]: running dbt with arguments {'log_cache_events': 'False', 'use_colors': 'True', 'empty': 'False', 'quiet': 'False', 'log_path': '/Users/mac/projects/DE project/zomato_ai_project/zomato/logs', 'fail_fast': 'False', 'version_check': 'True', 'log_format': 'default', 'introspect': 'True', 'warn_error_options': 'WarnErrorOptionsV2(error=[], warn=[], silence=[])', 'warn_error': 'None', 'invocation_command': 'dbt run --select staging', 'target_path': 'None', 'partial_parse': 'True', 'cache_selected_only': 'False', 'write_json': 'True', 'indirect_selection': 'eager', 'profiles_dir': '/Users/mac/.dbt', 'no_print': 'None', 'static_parser': 'True', 'send_anonymous_usage_stats': 'True', 'printer_width': '80', 'use_experimental_parser': 'False', 'debug': 'False'}
[0m01:43:46.655123 [debug] [MainThread]: Sending event: {'category': 'dbt', 'action': 'project_id', 'label': 'b1dd6be2-711c-4471-a254-d2c185d56ad2', 'context': [<snowplow_tracker.self_describing_json.SelfDescribingJson object at 0x11d6ad3a0>]}
[0m01:43:46.749770 [debug] [MainThread]: Sending event: {'category': 'dbt', 'action': 'adapter_info', 'label': 'b1dd6be2-711c-4471-a254-d2c185d56ad2', 'context': [<snowplow_tracker.self_describing_json.SelfDescribingJson object at 0x1082dd370>]}
[0m01:43:46.751623 [info ] [MainThread]: Registered adapter: snowflake=1.10.2
[0m01:43:46.996194 [debug] [MainThread]: checksum: 04c83ee057a648a2f8e380c895ffead170732fa039f068d62b9d36aaeefaf7cc, vars: {}, profile: , target: , version: 1.10.22
[0m01:43:47.095225 [info ] [MainThread]: Unable to do partial parsing because a project config has changed
[0m01:43:47.095817 [debug] [MainThread]: Sending event: {'category': 'dbt', 'action': 'partial_parser', 'label': 'b1dd6be2-711c-4471-a254-d2c185d56ad2', 'context': [<snowplow_tracker.self_describing_json.SelfDescribingJson object at 0x107ceb730>]}
[0m01:43:48.476029 [warn ] [MainThread]: [[33mWARNING[0m]: Configuration paths exist in your dbt_project.yml file which do not apply to any resources.
There are 3 unused configuration paths:
- models.zomato.marts
- models.zomato.staging
- snapshots.zomato
[0m01:43:48.490409 [debug] [MainThread]: Sending event: {'category': 'dbt', 'action': 'load_project', 'label': 'b1dd6be2-711c-4471-a254-d2c185d56ad2', 'context': [<snowplow_tracker.self_describing_json.SelfDescribingJson object at 0x11dd1dee0>]}
[0m01:43:48.560844 [debug] [MainThread]: Wrote artifact WritableManifest to /Users/mac/projects/DE project/zomato_ai_project/zomato/target/manifest.json
[0m01:43:48.562873 [debug] [MainThread]: Wrote artifact SemanticManifest to /Users/mac/projects/DE project/zomato_ai_project/zomato/target/semantic_manifest.json
[0m01:43:48.592582 [debug] [MainThread]: Sending event: {'category': 'dbt', 'action': 'resource_counts', 'label': 'b1dd6be2-711c-4471-a254-d2c185d56ad2', 'context': [<snowplow_tracker.self_describing_json.SelfDescribingJson object at 0x11dd65160>]}
[0m01:43:48.593336 [info ] [MainThread]: Found 7 sources, 493 macros
[0m01:43:48.593888 [debug] [MainThread]: Sending event: {'category': 'dbt', 'action': 'runnable_timing', 'label': 'b1dd6be2-711c-4471-a254-d2c185d56ad2', 'context': [<snowplow_tracker.self_describing_json.SelfDescribingJson object at 0x11dd5e0a0>]}
[0m01:43:48.594669 [warn ] [MainThread]: The selection criterion 'staging' does not match any enabled nodes
[0m01:43:48.595823 [warn ] [MainThread]: Nothing to do. Try checking your model configs and model specification args
[0m01:43:48.596605 [debug] [MainThread]: Command end result
[0m01:43:48.631510 [debug] [MainThread]: Wrote artifact WritableManifest to /Users/mac/projects/DE project/zomato_ai_project/zomato/target/manifest.json
[0m01:43:48.633679 [debug] [MainThread]: Wrote artifact SemanticManifest to /Users/mac/projects/DE project/zomato_ai_project/zomato/target/semantic_manifest.json
[0m01:43:48.637957 [debug] [MainThread]: Wrote artifact RunExecutionResult to /Users/mac/projects/DE project/zomato_ai_project/zomato/target/run_results.json
[0m01:43:48.642711 [debug] [MainThread]: Resource report: {"command_name": "run", "command_success": true, "command_wall_clock_time": 3.6498656, "process_in_blocks": "0", "process_kernel_time": 1.041143, "process_mem_max_rss": "189591552", "process_out_blocks": "0", "process_user_time": 7.021833}
[0m01:43:48.643343 [debug] [MainThread]: Command `dbt run` succeeded at 01:43:48.643203 after 3.65 seconds
[0m01:43:48.643879 [debug] [MainThread]: Sending event: {'category': 'dbt', 'action': 'invocation', 'label': 'end', 'context': [<snowplow_tracker.self_describing_json.SelfDescribingJson object at 0x1074ceb50>, <snowplow_tracker.self_describing_json.SelfDescribingJson object at 0x1082dd370>, <snowplow_tracker.self_describing_json.SelfDescribingJson object at 0x11dd46250>]}
[0m01:43:48.644422 [debug] [MainThread]: Flushing usage events
[0m01:43:49.867650 [debug] [MainThread]: An error was encountered while trying to flush usage events
[0m01:48:30.476717 [debug] [MainThread]: Sending event: {'category': 'dbt', 'action': 'invocation', 'label': 'start', 'context': [<snowplow_tracker.self_describing_json.SelfDescribingJson object at 0x109795730>, <snowplow_tracker.self_describing_json.SelfDescribingJson object at 0x10ad23520>, <snowplow_tracker.self_describing_json.SelfDescribingJson object at 0x10ad23340>]}


============================== 01:48:30.484496 | 99fa5101-028e-411b-ac57-3d01f94c3282 ==============================
[0m01:48:30.484496 [info ] [MainThread]: Running with dbt=1.10.22
[0m01:48:30.485541 [debug] [MainThread]: running dbt with arguments {'warn_error_options': 'WarnErrorOptionsV2(error=[], warn=[], silence=[])', 'no_print': 'None', 'indirect_selection': 'eager', 'log_cache_events': 'False', 'send_anonymous_usage_stats': 'True', 'empty': 'False', 'use_colors': 'True', 'version_check': 'True', 'fail_fast': 'False', 'quiet': 'False', 'write_json': 'True', 'introspect': 'True', 'static_parser': 'True', 'warn_error': 'None', 'debug': 'False', 'log_format': 'default', 'use_experimental_parser': 'False', 'partial_parse': 'True', 'printer_width': '80', 'target_path': 'None', 'log_path': '/Users/mac/projects/DE project/zomato_ai_project/zomato/logs', 'invocation_command': 'dbt run --select staging', 'profiles_dir': '/Users/mac/.dbt', 'cache_selected_only': 'False'}
[0m01:48:32.162433 [debug] [MainThread]: Sending event: {'category': 'dbt', 'action': 'project_id', 'label': '99fa5101-028e-411b-ac57-3d01f94c3282', 'context': [<snowplow_tracker.self_describing_json.SelfDescribingJson object at 0x11faa40d0>]}
[0m01:48:32.261221 [debug] [MainThread]: Sending event: {'category': 'dbt', 'action': 'adapter_info', 'label': '99fa5101-028e-411b-ac57-3d01f94c3282', 'context': [<snowplow_tracker.self_describing_json.SelfDescribingJson object at 0x11fb2c850>]}
[0m01:48:32.262692 [info ] [MainThread]: Registered adapter: snowflake=1.10.2
[0m01:48:32.515163 [debug] [MainThread]: checksum: 04c83ee057a648a2f8e380c895ffead170732fa039f068d62b9d36aaeefaf7cc, vars: {}, profile: , target: , version: 1.10.22
[0m01:48:32.710513 [debug] [MainThread]: Partial parsing enabled: 0 files deleted, 7 files added, 0 files changed.
[0m01:48:32.711172 [debug] [MainThread]: Partial parsing: added file: zomato://models/staging/stg_restaurants.sql
[0m01:48:32.711628 [debug] [MainThread]: Partial parsing: added file: zomato://models/staging/stg_order_items.sql
[0m01:48:32.712068 [debug] [MainThread]: Partial parsing: added file: zomato://models/staging/stg_users.sql
[0m01:48:32.712495 [debug] [MainThread]: Partial parsing: added file: zomato://models/staging/stg_orders.sql
[0m01:48:32.712916 [debug] [MainThread]: Partial parsing: added file: zomato://models/staging/stg_reviews.sql
[0m01:48:32.713555 [debug] [MainThread]: Partial parsing: added file: zomato://models/staging/stg_food.sql
[0m01:48:32.714049 [debug] [MainThread]: Partial parsing: added file: zomato://models/staging/stg_menu.sql
[0m01:48:33.250925 [warn ] [MainThread]: [[33mWARNING[0m]: Configuration paths exist in your dbt_project.yml file which do not apply to any resources.
There are 2 unused configuration paths:
- models.zomato.marts
- snapshots.zomato
[0m01:48:33.272448 [debug] [MainThread]: Sending event: {'category': 'dbt', 'action': 'load_project', 'label': '99fa5101-028e-411b-ac57-3d01f94c3282', 'context': [<snowplow_tracker.self_describing_json.SelfDescribingJson object at 0x120150130>]}
[0m01:48:33.380378 [debug] [MainThread]: Wrote artifact WritableManifest to /Users/mac/projects/DE project/zomato_ai_project/zomato/target/manifest.json
[0m01:48:33.384515 [debug] [MainThread]: Wrote artifact SemanticManifest to /Users/mac/projects/DE project/zomato_ai_project/zomato/target/semantic_manifest.json
[0m01:48:33.421687 [debug] [MainThread]: Sending event: {'category': 'dbt', 'action': 'resource_counts', 'label': '99fa5101-028e-411b-ac57-3d01f94c3282', 'context': [<snowplow_tracker.self_describing_json.SelfDescribingJson object at 0x120179dc0>]}
[0m01:48:33.422481 [info ] [MainThread]: Found 7 models, 7 sources, 493 macros
[0m01:48:33.423064 [debug] [MainThread]: Sending event: {'category': 'dbt', 'action': 'runnable_timing', 'label': '99fa5101-028e-411b-ac57-3d01f94c3282', 'context': [<snowplow_tracker.self_describing_json.SelfDescribingJson object at 0x12002c880>]}
[0m01:48:33.425175 [info ] [MainThread]: 
[0m01:48:33.425753 [info ] [MainThread]: Concurrency: 8 threads (target='dev')
[0m01:48:33.426271 [info ] [MainThread]: 
[0m01:48:33.427094 [debug] [MainThread]: Acquiring new snowflake connection 'master'
[0m01:48:33.435756 [debug] [ThreadPool]: Acquiring new snowflake connection 'list_Zomato_WH'
[0m01:48:33.575441 [debug] [ThreadPool]: Using snowflake connection "list_Zomato_WH"
[0m01:48:33.576007 [debug] [ThreadPool]: On list_Zomato_WH: show terse schemas in database Zomato_WH
    limit 10000
/* {"app": "dbt", "dbt_version": "1.10.22", "profile_name": "zomato", "target_name": "dev", "connection_name": "list_Zomato_WH"} */
[0m01:48:33.576460 [debug] [ThreadPool]: Opening a new connection, currently in state init
[0m01:48:37.603337 [debug] [ThreadPool]: Snowflake adapter: Error running SQL: show terse schemas in database Zomato_WH
    limit 10000
/* {"app": "dbt", "dbt_version": "1.10.22", "profile_name": "zomato", "target_name": "dev", "connection_name": "list_Zomato_WH"} */
[0m01:48:37.603963 [debug] [ThreadPool]: Snowflake adapter: Rolling back transaction.
[0m01:48:37.604569 [debug] [ThreadPool]: Snowflake adapter: Error running SQL: macro list_schemas
[0m01:48:37.605086 [debug] [ThreadPool]: Snowflake adapter: Rolling back transaction.
[0m01:48:37.606147 [debug] [MainThread]: Connection 'master' was properly closed.
[0m01:48:37.606655 [debug] [MainThread]: Connection 'list_Zomato_WH' was left open.
[0m01:48:37.607159 [debug] [MainThread]: On list_Zomato_WH: No close available on handle
[0m01:48:37.607654 [info ] [MainThread]: 
[0m01:48:37.608211 [info ] [MainThread]: Finished running  in 0 hours 0 minutes and 4.18 seconds (4.18s).
[0m01:48:37.608976 [error] [MainThread]: Encountered an error:
Runtime Error
  Database error while listing schemas in database "Zomato_WH"
  Database Error
    250001 (08001): Failed to connect to DB: DWSDCBM-IY54695.snowflakecomputing.com:443. Incorrect username or password was specified. [2a98a0e2-c8ac-4997-b16c-12095a3ac29b]
[0m01:48:37.614332 [debug] [MainThread]: Resource report: {"command_name": "run", "command_success": false, "command_wall_clock_time": 7.2612557, "process_in_blocks": "0", "process_kernel_time": 1.328774, "process_mem_max_rss": "221986816", "process_out_blocks": "0", "process_user_time": 7.065134}
[0m01:48:37.615104 [debug] [MainThread]: Command `dbt run` failed at 01:48:37.614903 after 7.26 seconds
[0m01:48:37.615708 [debug] [MainThread]: Sending event: {'category': 'dbt', 'action': 'invocation', 'label': 'end', 'context': [<snowplow_tracker.self_describing_json.SelfDescribingJson object at 0x109795730>, <snowplow_tracker.self_describing_json.SelfDescribingJson object at 0x1201e6460>, <snowplow_tracker.self_describing_json.SelfDescribingJson object at 0x1200668b0>]}
[0m01:48:37.616355 [debug] [MainThread]: Flushing usage events
[0m01:48:38.881313 [debug] [MainThread]: An error was encountered while trying to flush usage events
[0m01:51:01.714243 [debug] [MainThread]: Sending event: {'category': 'dbt', 'action': 'invocation', 'label': 'start', 'context': [<snowplow_tracker.self_describing_json.SelfDescribingJson object at 0x1041b92b0>, <snowplow_tracker.self_describing_json.SelfDescribingJson object at 0x1057389a0>, <snowplow_tracker.self_describing_json.SelfDescribingJson object at 0x1057387c0>]}


============================== 01:51:01.722344 | c2d171b9-d506-4c54-aec6-2d18dcf0816d ==============================
[0m01:51:01.722344 [info ] [MainThread]: Running with dbt=1.10.22
[0m01:51:01.723278 [debug] [MainThread]: running dbt with arguments {'profiles_dir': '/Users/mac/.dbt', 'invocation_command': 'dbt run --select staging', 'warn_error': 'None', 'send_anonymous_usage_stats': 'True', 'no_print': 'None', 'use_colors': 'True', 'write_json': 'True', 'quiet': 'False', 'target_path': 'None', 'use_experimental_parser': 'False', 'fail_fast': 'False', 'log_format': 'default', 'printer_width': '80', 'indirect_selection': 'eager', 'log_path': '/Users/mac/projects/DE project/zomato_ai_project/zomato/logs', 'static_parser': 'True', 'introspect': 'True', 'cache_selected_only': 'False', 'version_check': 'True', 'log_cache_events': 'False', 'warn_error_options': 'WarnErrorOptionsV2(error=[], warn=[], silence=[])', 'debug': 'False', 'partial_parse': 'True', 'empty': 'False'}
[0m01:51:03.314015 [debug] [MainThread]: Sending event: {'category': 'dbt', 'action': 'project_id', 'label': 'c2d171b9-d506-4c54-aec6-2d18dcf0816d', 'context': [<snowplow_tracker.self_describing_json.SelfDescribingJson object at 0x102f54af0>]}
[0m01:51:03.424063 [debug] [MainThread]: Sending event: {'category': 'dbt', 'action': 'adapter_info', 'label': 'c2d171b9-d506-4c54-aec6-2d18dcf0816d', 'context': [<snowplow_tracker.self_describing_json.SelfDescribingJson object at 0x104fe5040>]}
[0m01:51:03.425250 [info ] [MainThread]: Registered adapter: snowflake=1.10.2
[0m01:51:03.689362 [debug] [MainThread]: checksum: 04c83ee057a648a2f8e380c895ffead170732fa039f068d62b9d36aaeefaf7cc, vars: {}, profile: , target: , version: 1.10.22
[0m01:51:03.937973 [debug] [MainThread]: Partial parsing enabled: 0 files deleted, 0 files added, 0 files changed.
[0m01:51:03.938432 [debug] [MainThread]: Partial parsing enabled, no changes found, skipping parsing
[0m01:51:03.946456 [warn ] [MainThread]: [[33mWARNING[0m]: Configuration paths exist in your dbt_project.yml file which do not apply to any resources.
There are 2 unused configuration paths:
- models.zomato.marts
- snapshots.zomato
[0m01:51:03.992587 [debug] [MainThread]: Sending event: {'category': 'dbt', 'action': 'load_project', 'label': 'c2d171b9-d506-4c54-aec6-2d18dcf0816d', 'context': [<snowplow_tracker.self_describing_json.SelfDescribingJson object at 0x11aa2e130>]}
[0m01:51:04.200028 [debug] [MainThread]: Wrote artifact WritableManifest to /Users/mac/projects/DE project/zomato_ai_project/zomato/target/manifest.json
[0m01:51:04.204221 [debug] [MainThread]: Wrote artifact SemanticManifest to /Users/mac/projects/DE project/zomato_ai_project/zomato/target/semantic_manifest.json
[0m01:51:04.238150 [debug] [MainThread]: Sending event: {'category': 'dbt', 'action': 'resource_counts', 'label': 'c2d171b9-d506-4c54-aec6-2d18dcf0816d', 'context': [<snowplow_tracker.self_describing_json.SelfDescribingJson object at 0x11a9d31f0>]}
[0m01:51:04.238966 [info ] [MainThread]: Found 7 models, 7 sources, 493 macros
[0m01:51:04.239543 [debug] [MainThread]: Sending event: {'category': 'dbt', 'action': 'runnable_timing', 'label': 'c2d171b9-d506-4c54-aec6-2d18dcf0816d', 'context': [<snowplow_tracker.self_describing_json.SelfDescribingJson object at 0x11a676280>]}
[0m01:51:04.241687 [info ] [MainThread]: 
[0m01:51:04.242257 [info ] [MainThread]: Concurrency: 8 threads (target='dev')
[0m01:51:04.242759 [info ] [MainThread]: 
[0m01:51:04.243493 [debug] [MainThread]: Acquiring new snowflake connection 'master'
[0m01:51:04.253446 [debug] [ThreadPool]: Acquiring new snowflake connection 'list_Zomato_WH'
[0m01:51:04.364293 [debug] [ThreadPool]: Using snowflake connection "list_Zomato_WH"
[0m01:51:04.364889 [debug] [ThreadPool]: On list_Zomato_WH: show terse schemas in database Zomato_WH
    limit 10000
/* {"app": "dbt", "dbt_version": "1.10.22", "profile_name": "zomato", "target_name": "dev", "connection_name": "list_Zomato_WH"} */
[0m01:51:04.365369 [debug] [ThreadPool]: Opening a new connection, currently in state init
[0m01:51:06.618800 [debug] [ThreadPool]: Snowflake adapter: Error running SQL: show terse schemas in database Zomato_WH
    limit 10000
/* {"app": "dbt", "dbt_version": "1.10.22", "profile_name": "zomato", "target_name": "dev", "connection_name": "list_Zomato_WH"} */
[0m01:51:06.619448 [debug] [ThreadPool]: Snowflake adapter: Rolling back transaction.
[0m01:51:06.620039 [debug] [ThreadPool]: Snowflake adapter: Error running SQL: macro list_schemas
[0m01:51:06.620541 [debug] [ThreadPool]: Snowflake adapter: Rolling back transaction.
[0m01:51:06.621576 [debug] [MainThread]: Connection 'master' was properly closed.
[0m01:51:06.622090 [debug] [MainThread]: Connection 'list_Zomato_WH' was left open.
[0m01:51:06.622593 [debug] [MainThread]: On list_Zomato_WH: No close available on handle
[0m01:51:06.623090 [info ] [MainThread]: 
[0m01:51:06.623643 [info ] [MainThread]: Finished running  in 0 hours 0 minutes and 2.38 seconds (2.38s).
[0m01:51:06.624414 [error] [MainThread]: Encountered an error:
Runtime Error
  Database error while listing schemas in database "Zomato_WH"
  Database Error
    250001 (08001): Failed to connect to DB: DWSDCBM-IY54695.snowflakecomputing.com:443. Incorrect username or password was specified. [df08803f-3aae-49fd-be25-9b6164e7d1f6]
[0m01:51:06.630011 [debug] [MainThread]: Resource report: {"command_name": "run", "command_success": false, "command_wall_clock_time": 5.0423865, "process_in_blocks": "0", "process_kernel_time": 1.28862, "process_mem_max_rss": "213864448", "process_out_blocks": "0", "process_user_time": 6.675211}
[0m01:51:06.630751 [debug] [MainThread]: Command `dbt run` failed at 01:51:06.630589 after 5.04 seconds
[0m01:51:06.631427 [debug] [MainThread]: Sending event: {'category': 'dbt', 'action': 'invocation', 'label': 'end', 'context': [<snowplow_tracker.self_describing_json.SelfDescribingJson object at 0x1041b92b0>, <snowplow_tracker.self_describing_json.SelfDescribingJson object at 0x11a9f1340>, <snowplow_tracker.self_describing_json.SelfDescribingJson object at 0x11a9f7250>]}
[0m01:51:06.632092 [debug] [MainThread]: Flushing usage events
[0m01:51:07.897384 [debug] [MainThread]: An error was encountered while trying to flush usage events
[0m02:01:02.324578 [debug] [MainThread]: Sending event: {'category': 'dbt', 'action': 'invocation', 'label': 'start', 'context': [<snowplow_tracker.self_describing_json.SelfDescribingJson object at 0x10e1cfe50>, <snowplow_tracker.self_describing_json.SelfDescribingJson object at 0x10f759a30>, <snowplow_tracker.self_describing_json.SelfDescribingJson object at 0x10f759850>]}


============================== 02:01:02.332301 | bd5b8112-4d9f-48c2-9f8d-5e2efd37337b ==============================
[0m02:01:02.332301 [info ] [MainThread]: Running with dbt=1.10.22
[0m02:01:02.333303 [debug] [MainThread]: running dbt with arguments {'log_format': 'default', 'use_experimental_parser': 'False', 'empty': 'False', 'introspect': 'True', 'log_cache_events': 'False', 'log_path': '/Users/mac/projects/DE project/zomato_ai_project/zomato/logs', 'version_check': 'True', 'use_colors': 'True', 'partial_parse': 'True', 'warn_error': 'None', 'printer_width': '80', 'fail_fast': 'False', 'write_json': 'True', 'quiet': 'False', 'send_anonymous_usage_stats': 'True', 'target_path': 'None', 'cache_selected_only': 'False', 'invocation_command': 'dbt run --select staging', 'warn_error_options': 'WarnErrorOptionsV2(error=[], warn=[], silence=[])', 'no_print': 'None', 'indirect_selection': 'eager', 'profiles_dir': '/Users/mac/.dbt', 'debug': 'False', 'static_parser': 'True'}
[0m02:01:04.104248 [debug] [MainThread]: Sending event: {'category': 'dbt', 'action': 'project_id', 'label': 'bd5b8112-4d9f-48c2-9f8d-5e2efd37337b', 'context': [<snowplow_tracker.self_describing_json.SelfDescribingJson object at 0x10cf71850>]}
[0m02:01:04.201108 [debug] [MainThread]: Sending event: {'category': 'dbt', 'action': 'adapter_info', 'label': 'bd5b8112-4d9f-48c2-9f8d-5e2efd37337b', 'context': [<snowplow_tracker.self_describing_json.SelfDescribingJson object at 0x10efdeb80>]}
[0m02:01:04.202645 [info ] [MainThread]: Registered adapter: snowflake=1.10.2
[0m02:01:04.449058 [debug] [MainThread]: checksum: 04c83ee057a648a2f8e380c895ffead170732fa039f068d62b9d36aaeefaf7cc, vars: {}, profile: , target: , version: 1.10.22
[0m02:01:04.698091 [debug] [MainThread]: Partial parsing enabled: 0 files deleted, 0 files added, 0 files changed.
[0m02:01:04.698554 [debug] [MainThread]: Partial parsing enabled, no changes found, skipping parsing
[0m02:01:04.706325 [warn ] [MainThread]: [[33mWARNING[0m]: Configuration paths exist in your dbt_project.yml file which do not apply to any resources.
There are 2 unused configuration paths:
- models.zomato.marts
- snapshots.zomato
[0m02:01:04.750373 [debug] [MainThread]: Sending event: {'category': 'dbt', 'action': 'load_project', 'label': 'bd5b8112-4d9f-48c2-9f8d-5e2efd37337b', 'context': [<snowplow_tracker.self_describing_json.SelfDescribingJson object at 0x12497c130>]}
[0m02:01:04.950251 [debug] [MainThread]: Wrote artifact WritableManifest to /Users/mac/projects/DE project/zomato_ai_project/zomato/target/manifest.json
[0m02:01:04.953682 [debug] [MainThread]: Wrote artifact SemanticManifest to /Users/mac/projects/DE project/zomato_ai_project/zomato/target/semantic_manifest.json
[0m02:01:04.978252 [debug] [MainThread]: Sending event: {'category': 'dbt', 'action': 'resource_counts', 'label': 'bd5b8112-4d9f-48c2-9f8d-5e2efd37337b', 'context': [<snowplow_tracker.self_describing_json.SelfDescribingJson object at 0x12493f820>]}
[0m02:01:04.978962 [info ] [MainThread]: Found 7 models, 7 sources, 493 macros
[0m02:01:04.979481 [debug] [MainThread]: Sending event: {'category': 'dbt', 'action': 'runnable_timing', 'label': 'bd5b8112-4d9f-48c2-9f8d-5e2efd37337b', 'context': [<snowplow_tracker.self_describing_json.SelfDescribingJson object at 0x1245f8f70>]}
[0m02:01:04.981375 [info ] [MainThread]: 
[0m02:01:04.981885 [info ] [MainThread]: Concurrency: 8 threads (target='dev')
[0m02:01:04.982339 [info ] [MainThread]: 
[0m02:01:04.983004 [debug] [MainThread]: Acquiring new snowflake connection 'master'
[0m02:01:04.991251 [debug] [ThreadPool]: Acquiring new snowflake connection 'list_Zomato_WH'
[0m02:01:05.089720 [debug] [ThreadPool]: Using snowflake connection "list_Zomato_WH"
[0m02:01:05.090286 [debug] [ThreadPool]: On list_Zomato_WH: show terse schemas in database Zomato_WH
    limit 10000
/* {"app": "dbt", "dbt_version": "1.10.22", "profile_name": "zomato", "target_name": "dev", "connection_name": "list_Zomato_WH"} */
[0m02:01:05.090732 [debug] [ThreadPool]: Opening a new connection, currently in state init
[0m02:01:09.132754 [debug] [ThreadPool]: Snowflake adapter: Snowflake query id: 01c6372f-3203-180e-0017-e2020003866a
[0m02:01:09.133548 [debug] [ThreadPool]: Snowflake adapter: Snowflake error: 002043 (02000): SQL compilation error:
Object does not exist, or operation cannot be performed.
[0m02:01:09.134205 [debug] [ThreadPool]: Snowflake adapter: Error running SQL: macro list_schemas
[0m02:01:09.134689 [debug] [ThreadPool]: Snowflake adapter: Rolling back transaction.
[0m02:01:09.135737 [debug] [MainThread]: Connection 'master' was properly closed.
[0m02:01:09.136211 [debug] [MainThread]: Connection 'list_Zomato_WH' was left open.
[0m02:01:09.136681 [debug] [MainThread]: On list_Zomato_WH: Close
[0m02:01:10.140370 [info ] [MainThread]: 
[0m02:01:10.141496 [info ] [MainThread]: Finished running  in 0 hours 0 minutes and 5.16 seconds (5.16s).
[0m02:01:10.142669 [error] [MainThread]: Encountered an error:
Runtime Error
  Database error while listing schemas in database "Zomato_WH"
  Database Error
    002043 (02000): SQL compilation error:
    Object does not exist, or operation cannot be performed.
[0m02:01:10.148946 [debug] [MainThread]: Resource report: {"command_name": "run", "command_success": false, "command_wall_clock_time": 7.9468656, "process_in_blocks": "0", "process_kernel_time": 1.321644, "process_mem_max_rss": "213839872", "process_out_blocks": "0", "process_user_time": 6.307721}
[0m02:01:10.149767 [debug] [MainThread]: Command `dbt run` failed at 02:01:10.149596 after 7.95 seconds
[0m02:01:10.150411 [debug] [MainThread]: Sending event: {'category': 'dbt', 'action': 'invocation', 'label': 'end', 'context': [<snowplow_tracker.self_describing_json.SelfDescribingJson object at 0x10e1cfe50>, <snowplow_tracker.self_describing_json.SelfDescribingJson object at 0x1244a9fa0>, <snowplow_tracker.self_describing_json.SelfDescribingJson object at 0x12440af40>]}
[0m02:01:10.151098 [debug] [MainThread]: Flushing usage events
[0m02:01:15.462558 [debug] [MainThread]: An error was encountered while trying to flush usage events
[0m02:03:38.894339 [debug] [MainThread]: Sending event: {'category': 'dbt', 'action': 'invocation', 'label': 'start', 'context': [<snowplow_tracker.self_describing_json.SelfDescribingJson object at 0x10f9a2310>, <snowplow_tracker.self_describing_json.SelfDescribingJson object at 0x110f21be0>, <snowplow_tracker.self_describing_json.SelfDescribingJson object at 0x110f21a00>]}


============================== 02:03:38.901719 | 077e17be-01e1-42f7-bd7a-f10de5e5d8e5 ==============================
[0m02:03:38.901719 [info ] [MainThread]: Running with dbt=1.10.22
[0m02:03:38.902846 [debug] [MainThread]: running dbt with arguments {'use_colors': 'True', 'printer_width': '80', 'static_parser': 'True', 'warn_error': 'None', 'quiet': 'False', 'version_check': 'True', 'write_json': 'True', 'no_print': 'None', 'send_anonymous_usage_stats': 'True', 'indirect_selection': 'eager', 'target_path': 'None', 'cache_selected_only': 'False', 'use_experimental_parser': 'False', 'warn_error_options': 'WarnErrorOptionsV2(error=[], warn=[], silence=[])', 'log_path': '/Users/mac/projects/DE project/zomato_ai_project/zomato/logs', 'log_cache_events': 'False', 'fail_fast': 'False', 'empty': 'False', 'invocation_command': 'dbt run --select staging', 'partial_parse': 'True', 'debug': 'False', 'profiles_dir': '/Users/mac/.dbt', 'log_format': 'default', 'introspect': 'True'}
[0m02:03:40.410542 [debug] [MainThread]: Sending event: {'category': 'dbt', 'action': 'project_id', 'label': '077e17be-01e1-42f7-bd7a-f10de5e5d8e5', 'context': [<snowplow_tracker.self_describing_json.SelfDescribingJson object at 0x10e73daf0>]}
[0m02:03:40.508631 [debug] [MainThread]: Sending event: {'category': 'dbt', 'action': 'adapter_info', 'label': '077e17be-01e1-42f7-bd7a-f10de5e5d8e5', 'context': [<snowplow_tracker.self_describing_json.SelfDescribingJson object at 0x125c40910>]}
[0m02:03:40.510210 [info ] [MainThread]: Registered adapter: snowflake=1.10.2
[0m02:03:40.752974 [debug] [MainThread]: checksum: 04c83ee057a648a2f8e380c895ffead170732fa039f068d62b9d36aaeefaf7cc, vars: {}, profile: , target: , version: 1.10.22
[0m02:03:40.882207 [info ] [MainThread]: Unable to do partial parsing because profile has changed
[0m02:03:40.882885 [debug] [MainThread]: Sending event: {'category': 'dbt', 'action': 'partial_parser', 'label': '077e17be-01e1-42f7-bd7a-f10de5e5d8e5', 'context': [<snowplow_tracker.self_describing_json.SelfDescribingJson object at 0x1107b9c10>]}
[0m02:03:42.549045 [warn ] [MainThread]: [[33mWARNING[0m]: Configuration paths exist in your dbt_project.yml file which do not apply to any resources.
There are 2 unused configuration paths:
- models.zomato.marts
- snapshots.zomato
[0m02:03:42.565365 [debug] [MainThread]: Sending event: {'category': 'dbt', 'action': 'load_project', 'label': '077e17be-01e1-42f7-bd7a-f10de5e5d8e5', 'context': [<snowplow_tracker.self_describing_json.SelfDescribingJson object at 0x126545130>]}
[0m02:03:42.670687 [debug] [MainThread]: Wrote artifact WritableManifest to /Users/mac/projects/DE project/zomato_ai_project/zomato/target/manifest.json
[0m02:03:42.674271 [debug] [MainThread]: Wrote artifact SemanticManifest to /Users/mac/projects/DE project/zomato_ai_project/zomato/target/semantic_manifest.json
[0m02:03:42.711746 [debug] [MainThread]: Sending event: {'category': 'dbt', 'action': 'resource_counts', 'label': '077e17be-01e1-42f7-bd7a-f10de5e5d8e5', 'context': [<snowplow_tracker.self_describing_json.SelfDescribingJson object at 0x1265c7760>]}
[0m02:03:42.712548 [info ] [MainThread]: Found 7 models, 7 sources, 493 macros
[0m02:03:42.713123 [debug] [MainThread]: Sending event: {'category': 'dbt', 'action': 'runnable_timing', 'label': '077e17be-01e1-42f7-bd7a-f10de5e5d8e5', 'context': [<snowplow_tracker.self_describing_json.SelfDescribingJson object at 0x12655acd0>]}
[0m02:03:42.715218 [info ] [MainThread]: 
[0m02:03:42.715799 [info ] [MainThread]: Concurrency: 8 threads (target='dev')
[0m02:03:42.716309 [info ] [MainThread]: 
[0m02:03:42.717047 [debug] [MainThread]: Acquiring new snowflake connection 'master'
[0m02:03:42.725265 [debug] [ThreadPool]: Acquiring new snowflake connection 'list_Zomato'
[0m02:03:42.827439 [debug] [ThreadPool]: Using snowflake connection "list_Zomato"
[0m02:03:42.828050 [debug] [ThreadPool]: On list_Zomato: show terse schemas in database Zomato
    limit 10000
/* {"app": "dbt", "dbt_version": "1.10.22", "profile_name": "zomato", "target_name": "dev", "connection_name": "list_Zomato"} */
[0m02:03:42.828541 [debug] [ThreadPool]: Opening a new connection, currently in state init
[0m02:03:46.414249 [debug] [ThreadPool]: SQL status: SUCCESS 8 in 3.586 seconds
[0m02:03:46.419071 [debug] [ThreadPool]: Re-using an available connection from the pool (formerly list_Zomato, now list_Zomato_staging)
[0m02:03:46.438170 [debug] [ThreadPool]: Using snowflake connection "list_Zomato_staging"
[0m02:03:46.438706 [debug] [ThreadPool]: On list_Zomato_staging: show objects in Zomato.staging
    limit 10000
    

/* {"app": "dbt", "dbt_version": "1.10.22", "profile_name": "zomato", "target_name": "dev", "connection_name": "list_Zomato_staging"} */;
[0m02:03:46.592465 [debug] [ThreadPool]: SQL status: SUCCESS 0 in 0.153 seconds
[0m02:03:46.595424 [debug] [MainThread]: Sending event: {'category': 'dbt', 'action': 'runnable_timing', 'label': '077e17be-01e1-42f7-bd7a-f10de5e5d8e5', 'context': [<snowplow_tracker.self_describing_json.SelfDescribingJson object at 0x10e65a910>]}
[0m02:03:46.601662 [debug] [Thread-1  ]: Began running node model.zomato.stg_food
[0m02:03:46.602426 [debug] [Thread-2  ]: Began running node model.zomato.stg_menu
[0m02:03:46.603091 [debug] [Thread-3  ]: Began running node model.zomato.stg_order_items
[0m02:03:46.603674 [debug] [Thread-4  ]: Began running node model.zomato.stg_orders
[0m02:03:46.605037 [debug] [Thread-5  ]: Began running node model.zomato.stg_restaurants
[0m02:03:46.604463 [info ] [Thread-1  ]: 1 of 7 START sql view model staging.stg_food ................................... [RUN]
[0m02:03:46.605856 [debug] [Thread-6  ]: Began running node model.zomato.stg_reviews
[0m02:03:46.606543 [debug] [Thread-7  ]: Began running node model.zomato.stg_users
[0m02:03:46.607349 [info ] [Thread-2  ]: 2 of 7 START sql view model staging.stg_menu ................................... [RUN]
[0m02:03:46.608278 [info ] [Thread-3  ]: 3 of 7 START sql view model staging.stg_order_items ............................ [RUN]
[0m02:03:46.609179 [info ] [Thread-4  ]: 4 of 7 START sql view model staging.stg_orders ................................. [RUN]
[0m02:03:46.610050 [info ] [Thread-5  ]: 5 of 7 START sql view model staging.stg_restaurants ............................ [RUN]
[0m02:03:46.610854 [debug] [Thread-1  ]: Re-using an available connection from the pool (formerly list_Zomato_staging, now model.zomato.stg_food)
[0m02:03:46.611675 [info ] [Thread-6  ]: 6 of 7 START sql view model staging.stg_reviews ................................ [RUN]
[0m02:03:46.612520 [info ] [Thread-7  ]: 7 of 7 START sql view model staging.stg_users .................................. [RUN]
[0m02:03:46.613503 [debug] [Thread-2  ]: Acquiring new snowflake connection 'model.zomato.stg_menu'
[0m02:03:46.614427 [debug] [Thread-3  ]: Acquiring new snowflake connection 'model.zomato.stg_order_items'
[0m02:03:46.615267 [debug] [Thread-4  ]: Acquiring new snowflake connection 'model.zomato.stg_orders'
[0m02:03:46.616072 [debug] [Thread-5  ]: Acquiring new snowflake connection 'model.zomato.stg_restaurants'
[0m02:03:46.616719 [debug] [Thread-1  ]: Began compiling node model.zomato.stg_food
[0m02:03:46.617515 [debug] [Thread-6  ]: Acquiring new snowflake connection 'model.zomato.stg_reviews'
[0m02:03:46.618312 [debug] [Thread-7  ]: Acquiring new snowflake connection 'model.zomato.stg_users'
[0m02:03:46.618985 [debug] [Thread-2  ]: Began compiling node model.zomato.stg_menu
[0m02:03:46.619653 [debug] [Thread-3  ]: Began compiling node model.zomato.stg_order_items
[0m02:03:46.620288 [debug] [Thread-4  ]: Began compiling node model.zomato.stg_orders
[0m02:03:46.620946 [debug] [Thread-5  ]: Began compiling node model.zomato.stg_restaurants
[0m02:03:46.633508 [debug] [Thread-6  ]: Began compiling node model.zomato.stg_reviews
[0m02:03:46.635508 [debug] [Thread-1  ]: Writing injected SQL for node "model.zomato.stg_food"
[0m02:03:46.636176 [debug] [Thread-7  ]: Began compiling node model.zomato.stg_users
[0m02:03:46.641042 [debug] [Thread-2  ]: Writing injected SQL for node "model.zomato.stg_menu"
[0m02:03:46.647452 [debug] [Thread-3  ]: Writing injected SQL for node "model.zomato.stg_order_items"
[0m02:03:46.652350 [debug] [Thread-4  ]: Writing injected SQL for node "model.zomato.stg_orders"
[0m02:03:46.657682 [debug] [Thread-5  ]: Writing injected SQL for node "model.zomato.stg_restaurants"
[0m02:03:46.662668 [debug] [Thread-6  ]: Writing injected SQL for node "model.zomato.stg_reviews"
[0m02:03:46.667875 [debug] [Thread-7  ]: Writing injected SQL for node "model.zomato.stg_users"
[0m02:03:46.670309 [debug] [Thread-4  ]: Began executing node model.zomato.stg_orders
[0m02:03:46.671180 [debug] [Thread-5  ]: Began executing node model.zomato.stg_restaurants
[0m02:03:46.690993 [debug] [Thread-6  ]: Began executing node model.zomato.stg_reviews
[0m02:03:46.714673 [debug] [Thread-3  ]: Began executing node model.zomato.stg_order_items
[0m02:03:46.718503 [debug] [Thread-5  ]: Writing runtime sql for node "model.zomato.stg_restaurants"
[0m02:03:46.719016 [debug] [Thread-7  ]: Began executing node model.zomato.stg_users
[0m02:03:46.714337 [debug] [Thread-4  ]: Writing runtime sql for node "model.zomato.stg_orders"
[0m02:03:46.719826 [debug] [Thread-1  ]: Began executing node model.zomato.stg_food
[0m02:03:46.720327 [debug] [Thread-2  ]: Began executing node model.zomato.stg_menu
[0m02:03:46.723969 [debug] [Thread-6  ]: Writing runtime sql for node "model.zomato.stg_reviews"
[0m02:03:46.727545 [debug] [Thread-3  ]: Writing runtime sql for node "model.zomato.stg_order_items"
[0m02:03:46.730987 [debug] [Thread-7  ]: Writing runtime sql for node "model.zomato.stg_users"
[0m02:03:46.734334 [debug] [Thread-1  ]: Writing runtime sql for node "model.zomato.stg_food"
[0m02:03:46.863737 [debug] [Thread-2  ]: Writing runtime sql for node "model.zomato.stg_menu"
[0m02:03:46.866203 [debug] [Thread-4  ]: Using snowflake connection "model.zomato.stg_orders"
[0m02:03:46.867680 [debug] [Thread-6  ]: Using snowflake connection "model.zomato.stg_reviews"
[0m02:03:46.869106 [debug] [Thread-5  ]: Using snowflake connection "model.zomato.stg_restaurants"
[0m02:03:46.870332 [debug] [Thread-7  ]: Using snowflake connection "model.zomato.stg_users"
[0m02:03:46.871435 [debug] [Thread-3  ]: Using snowflake connection "model.zomato.stg_order_items"
[0m02:03:46.872727 [debug] [Thread-1  ]: Using snowflake connection "model.zomato.stg_food"
[0m02:03:46.873519 [debug] [Thread-4  ]: On model.zomato.stg_orders: create or replace   view Zomato.staging.stg_orders
  
  
  
  
  as (
    select
    *
from ZOMATO.RAW.orders
  )
/* {"app": "dbt", "dbt_version": "1.10.22", "profile_name": "zomato", "target_name": "dev", "node_id": "model.zomato.stg_orders"} */;
[0m02:03:46.874528 [debug] [Thread-6  ]: On model.zomato.stg_reviews: create or replace   view Zomato.staging.stg_reviews
  
  
  
  
  as (
    select
    *
from ZOMATO.RAW.reviews
  )
/* {"app": "dbt", "dbt_version": "1.10.22", "profile_name": "zomato", "target_name": "dev", "node_id": "model.zomato.stg_reviews"} */;
[0m02:03:46.875612 [debug] [Thread-2  ]: Using snowflake connection "model.zomato.stg_menu"
[0m02:03:46.876325 [debug] [Thread-5  ]: On model.zomato.stg_restaurants: create or replace   view Zomato.staging.stg_restaurants
  
  
  
  
  as (
    select
    *
from ZOMATO.RAW.restaurants
  )
/* {"app": "dbt", "dbt_version": "1.10.22", "profile_name": "zomato", "target_name": "dev", "node_id": "model.zomato.stg_restaurants"} */;
[0m02:03:46.877047 [debug] [Thread-7  ]: On model.zomato.stg_users: create or replace   view Zomato.staging.stg_users
  
  
  
  
  as (
    select
    *
from ZOMATO.RAW.users
  )
/* {"app": "dbt", "dbt_version": "1.10.22", "profile_name": "zomato", "target_name": "dev", "node_id": "model.zomato.stg_users"} */;
[0m02:03:46.877739 [debug] [Thread-3  ]: On model.zomato.stg_order_items: create or replace   view Zomato.staging.stg_order_items
  
  
  
  
  as (
    select
    *
from ZOMATO.RAW.order_items
  )
/* {"app": "dbt", "dbt_version": "1.10.22", "profile_name": "zomato", "target_name": "dev", "node_id": "model.zomato.stg_order_items"} */;
[0m02:03:46.878421 [debug] [Thread-1  ]: On model.zomato.stg_food: create or replace   view Zomato.staging.stg_food
  
  
  
  
  as (
    select
    *
from ZOMATO.RAW.food
  )
/* {"app": "dbt", "dbt_version": "1.10.22", "profile_name": "zomato", "target_name": "dev", "node_id": "model.zomato.stg_food"} */;
[0m02:03:46.879081 [debug] [Thread-4  ]: Opening a new connection, currently in state init
[0m02:03:46.879716 [debug] [Thread-6  ]: Opening a new connection, currently in state init
[0m02:03:46.880364 [debug] [Thread-2  ]: On model.zomato.stg_menu: create or replace   view Zomato.staging.stg_menu
  
  
  
  
  as (
    select
    *
from ZOMATO.RAW.menu
  )
/* {"app": "dbt", "dbt_version": "1.10.22", "profile_name": "zomato", "target_name": "dev", "node_id": "model.zomato.stg_menu"} */;
[0m02:03:46.880988 [debug] [Thread-5  ]: Opening a new connection, currently in state init
[0m02:03:46.881580 [debug] [Thread-7  ]: Opening a new connection, currently in state init
[0m02:03:46.882172 [debug] [Thread-3  ]: Opening a new connection, currently in state init
[0m02:03:46.884762 [debug] [Thread-2  ]: Opening a new connection, currently in state init
[0m02:03:47.224734 [debug] [Thread-1  ]: SQL status: SUCCESS 1 in 0.342 seconds
[0m02:03:47.261294 [debug] [Thread-1  ]: Sending event: {'category': 'dbt', 'action': 'run_model', 'label': '077e17be-01e1-42f7-bd7a-f10de5e5d8e5', 'context': [<snowplow_tracker.self_describing_json.SelfDescribingJson object at 0x12d65d8b0>]}
[0m02:03:47.262366 [info ] [Thread-1  ]: 1 of 7 OK created sql view model staging.stg_food .............................. [[32mSUCCESS 1[0m in 0.65s]
[0m02:03:47.263405 [debug] [Thread-1  ]: Finished running node model.zomato.stg_food
[0m02:03:49.880423 [debug] [Thread-4  ]: SQL status: SUCCESS 1 in 3.001 seconds
[0m02:03:49.884180 [debug] [Thread-4  ]: Sending event: {'category': 'dbt', 'action': 'run_model', 'label': '077e17be-01e1-42f7-bd7a-f10de5e5d8e5', 'context': [<snowplow_tracker.self_describing_json.SelfDescribingJson object at 0x12d844d30>]}
[0m02:03:49.885322 [info ] [Thread-4  ]: 4 of 7 OK created sql view model staging.stg_orders ............................ [[32mSUCCESS 1[0m in 3.27s]
[0m02:03:49.886290 [debug] [Thread-4  ]: Finished running node model.zomato.stg_orders
[0m02:03:50.003000 [debug] [Thread-5  ]: SQL status: SUCCESS 1 in 3.122 seconds
[0m02:03:50.006669 [debug] [Thread-5  ]: Sending event: {'category': 'dbt', 'action': 'run_model', 'label': '077e17be-01e1-42f7-bd7a-f10de5e5d8e5', 'context': [<snowplow_tracker.self_describing_json.SelfDescribingJson object at 0x1262134f0>]}
[0m02:03:50.007812 [info ] [Thread-5  ]: 5 of 7 OK created sql view model staging.stg_restaurants ....................... [[32mSUCCESS 1[0m in 3.39s]
[0m02:03:50.008767 [debug] [Thread-5  ]: Finished running node model.zomato.stg_restaurants
[0m02:03:50.128165 [debug] [Thread-2  ]: SQL status: SUCCESS 1 in 3.243 seconds
[0m02:03:50.131781 [debug] [Thread-2  ]: Sending event: {'category': 'dbt', 'action': 'run_model', 'label': '077e17be-01e1-42f7-bd7a-f10de5e5d8e5', 'context': [<snowplow_tracker.self_describing_json.SelfDescribingJson object at 0x1264fed00>]}
[0m02:03:50.132889 [info ] [Thread-2  ]: 2 of 7 OK created sql view model staging.stg_menu .............................. [[32mSUCCESS 1[0m in 3.52s]
[0m02:03:50.133858 [debug] [Thread-2  ]: Finished running node model.zomato.stg_menu
[0m02:03:50.246170 [debug] [Thread-6  ]: SQL status: SUCCESS 1 in 3.366 seconds
[0m02:03:50.247545 [debug] [Thread-3  ]: SQL status: SUCCESS 1 in 3.365 seconds
[0m02:03:50.250772 [debug] [Thread-6  ]: Sending event: {'category': 'dbt', 'action': 'run_model', 'label': '077e17be-01e1-42f7-bd7a-f10de5e5d8e5', 'context': [<snowplow_tracker.self_describing_json.SelfDescribingJson object at 0x12d86cfa0>]}
[0m02:03:50.254066 [debug] [Thread-3  ]: Sending event: {'category': 'dbt', 'action': 'run_model', 'label': '077e17be-01e1-42f7-bd7a-f10de5e5d8e5', 'context': [<snowplow_tracker.self_describing_json.SelfDescribingJson object at 0x12d654e80>]}
[0m02:03:50.255076 [debug] [Thread-7  ]: SQL status: SUCCESS 1 in 3.373 seconds
[0m02:03:50.256074 [info ] [Thread-6  ]: 6 of 7 OK created sql view model staging.stg_reviews ........................... [[32mSUCCESS 1[0m in 3.63s]
[0m02:03:50.257134 [info ] [Thread-3  ]: 3 of 7 OK created sql view model staging.stg_order_items ....................... [[32mSUCCESS 1[0m in 3.64s]
[0m02:03:50.259878 [debug] [Thread-7  ]: Sending event: {'category': 'dbt', 'action': 'run_model', 'label': '077e17be-01e1-42f7-bd7a-f10de5e5d8e5', 'context': [<snowplow_tracker.self_describing_json.SelfDescribingJson object at 0x12d808fd0>]}
[0m02:03:50.260786 [debug] [Thread-6  ]: Finished running node model.zomato.stg_reviews
[0m02:03:50.261662 [debug] [Thread-3  ]: Finished running node model.zomato.stg_order_items
[0m02:03:50.262566 [info ] [Thread-7  ]: 7 of 7 OK created sql view model staging.stg_users ............................. [[32mSUCCESS 1[0m in 3.64s]
[0m02:03:50.263876 [debug] [Thread-7  ]: Finished running node model.zomato.stg_users
[0m02:03:50.265769 [debug] [MainThread]: Connection 'master' was properly closed.
[0m02:03:50.266272 [debug] [MainThread]: Connection 'model.zomato.stg_food' was left open.
[0m02:03:50.266771 [debug] [MainThread]: On model.zomato.stg_food: Close
[0m02:03:50.482284 [debug] [MainThread]: Connection 'model.zomato.stg_menu' was left open.
[0m02:03:50.483241 [debug] [MainThread]: On model.zomato.stg_menu: Close
[0m02:03:50.673027 [debug] [MainThread]: Connection 'model.zomato.stg_order_items' was left open.
[0m02:03:50.673770 [debug] [MainThread]: On model.zomato.stg_order_items: Close
[0m02:03:50.905877 [debug] [MainThread]: Connection 'model.zomato.stg_orders' was left open.
[0m02:03:50.906629 [debug] [MainThread]: On model.zomato.stg_orders: Close
[0m02:03:51.095651 [debug] [MainThread]: Connection 'model.zomato.stg_restaurants' was left open.
[0m02:03:51.096398 [debug] [MainThread]: On model.zomato.stg_restaurants: Close
[0m02:03:51.313698 [debug] [MainThread]: Connection 'model.zomato.stg_reviews' was left open.
[0m02:03:51.314328 [debug] [MainThread]: On model.zomato.stg_reviews: Close
[0m02:03:51.529807 [debug] [MainThread]: Connection 'model.zomato.stg_users' was left open.
[0m02:03:51.530532 [debug] [MainThread]: On model.zomato.stg_users: Close
[0m02:03:51.767597 [info ] [MainThread]: 
[0m02:03:51.768395 [info ] [MainThread]: Finished running 7 view models in 0 hours 0 minutes and 9.05 seconds (9.05s).
[0m02:03:51.771190 [debug] [MainThread]: Command end result
[0m02:03:51.814157 [debug] [MainThread]: Wrote artifact WritableManifest to /Users/mac/projects/DE project/zomato_ai_project/zomato/target/manifest.json
[0m02:03:51.816850 [debug] [MainThread]: Wrote artifact SemanticManifest to /Users/mac/projects/DE project/zomato_ai_project/zomato/target/semantic_manifest.json
[0m02:03:51.827131 [debug] [MainThread]: Wrote artifact RunExecutionResult to /Users/mac/projects/DE project/zomato_ai_project/zomato/target/run_results.json
[0m02:03:51.827694 [info ] [MainThread]: 
[0m02:03:51.828281 [info ] [MainThread]: [32mCompleted successfully[0m
[0m02:03:51.828791 [info ] [MainThread]: 
[0m02:03:51.829331 [info ] [MainThread]: Done. PASS=7 WARN=0 ERROR=0 SKIP=0 NO-OP=0 TOTAL=7
[0m02:03:51.834492 [debug] [MainThread]: Resource report: {"command_name": "run", "command_success": true, "command_wall_clock_time": 13.055959, "process_in_blocks": "0", "process_kernel_time": 1.359761, "process_mem_max_rss": "232366080", "process_out_blocks": "0", "process_user_time": 8.85644}
[0m02:03:51.835190 [debug] [MainThread]: Command `dbt run` succeeded at 02:03:51.835042 after 13.06 seconds
[0m02:03:51.835740 [debug] [MainThread]: Sending event: {'category': 'dbt', 'action': 'invocation', 'label': 'end', 'context': [<snowplow_tracker.self_describing_json.SelfDescribingJson object at 0x10f9a2310>, <snowplow_tracker.self_describing_json.SelfDescribingJson object at 0x125c40910>, <snowplow_tracker.self_describing_json.SelfDescribingJson object at 0x1265c7190>]}
[0m02:03:51.836295 [debug] [MainThread]: Flushing usage events
[0m02:03:53.391488 [debug] [MainThread]: An error was encountered while trying to flush usage events
[0m14:03:59.674255 [debug] [MainThread]: Sending event: {'category': 'dbt', 'action': 'invocation', 'label': 'start', 'context': [<snowplow_tracker.self_describing_json.SelfDescribingJson object at 0x1091e7a00>, <snowplow_tracker.self_describing_json.SelfDescribingJson object at 0x10a76a940>, <snowplow_tracker.self_describing_json.SelfDescribingJson object at 0x10a76ab20>]}


============================== 14:03:59.681905 | 274c8350-cfb3-408d-9365-36d5814774f9 ==============================
[0m14:03:59.681905 [info ] [MainThread]: Running with dbt=1.10.22
[0m14:03:59.682951 [debug] [MainThread]: running dbt with arguments {'log_cache_events': 'False', 'static_parser': 'True', 'write_json': 'True', 'printer_width': '80', 'log_path': '/Users/mac/projects/DE project/zomato_ai_project/zomato/logs', 'use_experimental_parser': 'False', 'quiet': 'False', 'target_path': 'None', 'partial_parse': 'True', 'log_format': 'default', 'empty': 'False', 'fail_fast': 'False', 'version_check': 'True', 'warn_error': 'None', 'warn_error_options': 'WarnErrorOptionsV2(error=[], warn=[], silence=[])', 'no_print': 'None', 'send_anonymous_usage_stats': 'True', 'use_colors': 'True', 'debug': 'False', 'cache_selected_only': 'False', 'invocation_command': 'dbt run --select marts', 'indirect_selection': 'eager', 'profiles_dir': '/Users/mac/.dbt', 'introspect': 'True'}
[0m14:04:01.646577 [debug] [MainThread]: Sending event: {'category': 'dbt', 'action': 'project_id', 'label': '274c8350-cfb3-408d-9365-36d5814774f9', 'context': [<snowplow_tracker.self_describing_json.SelfDescribingJson object at 0x107f8b6d0>]}
[0m14:04:01.744717 [debug] [MainThread]: Sending event: {'category': 'dbt', 'action': 'adapter_info', 'label': '274c8350-cfb3-408d-9365-36d5814774f9', 'context': [<snowplow_tracker.self_describing_json.SelfDescribingJson object at 0x11f5110d0>]}
[0m14:04:01.746350 [info ] [MainThread]: Registered adapter: snowflake=1.10.2
[0m14:04:02.041170 [debug] [MainThread]: checksum: 04c83ee057a648a2f8e380c895ffead170732fa039f068d62b9d36aaeefaf7cc, vars: {}, profile: , target: , version: 1.10.22
[0m14:04:02.293417 [debug] [MainThread]: Partial parsing enabled: 0 files deleted, 10 files added, 0 files changed.
[0m14:04:02.294062 [debug] [MainThread]: Partial parsing: added file: zomato://models/marts/dim_customer.sql
[0m14:04:02.294513 [debug] [MainThread]: Partial parsing: added file: zomato://models/marts/mart_restaurant_performance.sql
[0m14:04:02.294939 [debug] [MainThread]: Partial parsing: added file: zomato://models/marts/mart_delivery_sla.sql
[0m14:04:02.295369 [debug] [MainThread]: Partial parsing: added file: zomato://models/marts/fact_order_items.sql
[0m14:04:02.295776 [debug] [MainThread]: Partial parsing: added file: zomato://models/marts/dim_restaurants.sql
[0m14:04:02.296184 [debug] [MainThread]: Partial parsing: added file: zomato://models/marts/mart_review_insights.sql
[0m14:04:02.296596 [debug] [MainThread]: Partial parsing: added file: zomato://models/marts/fct_orders.sql
[0m14:04:02.297001 [debug] [MainThread]: Partial parsing: added file: zomato://models/marts/dim_date.sql
[0m14:04:02.297434 [debug] [MainThread]: Partial parsing: added file: zomato://models/marts/dim_food.sql
[0m14:04:02.297889 [debug] [MainThread]: Partial parsing: added file: zomato://models/marts/mart_daily_city_revenune.sql
[0m14:04:02.728192 [error] [MainThread]: Encountered an error:
Compilation Error
  Model 'model.zomato.mart_review_insights' (models/marts/mart_review_insights.sql) depends on a source named 'ai.review_enriched' which was not found
[0m14:04:02.732230 [debug] [MainThread]: Resource report: {"command_name": "run", "command_success": false, "command_wall_clock_time": 3.173421, "process_in_blocks": "0", "process_kernel_time": 1.110204, "process_mem_max_rss": "188604416", "process_out_blocks": "0", "process_user_time": 6.059186}
[0m14:04:02.732745 [debug] [MainThread]: Command `dbt run` failed at 14:04:02.732632 after 3.17 seconds
[0m14:04:02.733207 [debug] [MainThread]: Sending event: {'category': 'dbt', 'action': 'invocation', 'label': 'end', 'context': [<snowplow_tracker.self_describing_json.SelfDescribingJson object at 0x1091e7a00>, <snowplow_tracker.self_describing_json.SelfDescribingJson object at 0x11fa848e0>, <snowplow_tracker.self_describing_json.SelfDescribingJson object at 0x11f965e50>]}
[0m14:04:02.733669 [debug] [MainThread]: Flushing usage events
[0m14:04:05.683892 [debug] [MainThread]: An error was encountered while trying to flush usage events
[0m14:08:04.873241 [debug] [MainThread]: Sending event: {'category': 'dbt', 'action': 'invocation', 'label': 'start', 'context': [<snowplow_tracker.self_describing_json.SelfDescribingJson object at 0x10d1a4700>, <snowplow_tracker.self_describing_json.SelfDescribingJson object at 0x10e7334c0>, <snowplow_tracker.self_describing_json.SelfDescribingJson object at 0x10e7332e0>]}


============================== 14:08:04.880815 | 8776cdb3-30a7-44ff-acc7-7da68ea57c0f ==============================
[0m14:08:04.880815 [info ] [MainThread]: Running with dbt=1.10.22
[0m14:08:04.881839 [debug] [MainThread]: running dbt with arguments {'quiet': 'False', 'use_colors': 'True', 'target_path': 'None', 'version_check': 'True', 'use_experimental_parser': 'False', 'send_anonymous_usage_stats': 'True', 'partial_parse': 'True', 'printer_width': '80', 'empty': 'False', 'warn_error_options': 'WarnErrorOptionsV2(error=[], warn=[], silence=[])', 'cache_selected_only': 'False', 'debug': 'False', 'log_path': '/Users/mac/projects/DE project/zomato_ai_project/zomato/logs', 'log_cache_events': 'False', 'introspect': 'True', 'static_parser': 'True', 'warn_error': 'None', 'no_print': 'None', 'fail_fast': 'False', 'indirect_selection': 'eager', 'profiles_dir': '/Users/mac/.dbt', 'write_json': 'True', 'log_format': 'default', 'invocation_command': 'dbt run --select marts'}
[0m14:08:06.390524 [debug] [MainThread]: Sending event: {'category': 'dbt', 'action': 'project_id', 'label': '8776cdb3-30a7-44ff-acc7-7da68ea57c0f', 'context': [<snowplow_tracker.self_describing_json.SelfDescribingJson object at 0x10df7c910>]}
[0m14:08:06.485713 [debug] [MainThread]: Sending event: {'category': 'dbt', 'action': 'adapter_info', 'label': '8776cdb3-30a7-44ff-acc7-7da68ea57c0f', 'context': [<snowplow_tracker.self_describing_json.SelfDescribingJson object at 0x123465a00>]}
[0m14:08:06.487294 [info ] [MainThread]: Registered adapter: snowflake=1.10.2
[0m14:08:06.740817 [debug] [MainThread]: checksum: 04c83ee057a648a2f8e380c895ffead170732fa039f068d62b9d36aaeefaf7cc, vars: {}, profile: , target: , version: 1.10.22
[0m14:08:06.957305 [debug] [MainThread]: Partial parsing enabled: 0 files deleted, 10 files added, 0 files changed.
[0m14:08:06.957933 [debug] [MainThread]: Partial parsing: added file: zomato://models/marts/fact_order_items.sql
[0m14:08:06.958360 [debug] [MainThread]: Partial parsing: added file: zomato://models/marts/mart_restaurant_performance.sql
[0m14:08:06.958774 [debug] [MainThread]: Partial parsing: added file: zomato://models/marts/mart_delivery_sla.sql
[0m14:08:06.959184 [debug] [MainThread]: Partial parsing: added file: zomato://models/marts/mart_daily_city_revenune.sql
[0m14:08:06.959610 [debug] [MainThread]: Partial parsing: added file: zomato://models/marts/dim_customer.sql
[0m14:08:06.960023 [debug] [MainThread]: Partial parsing: added file: zomato://models/marts/fct_orders.sql
[0m14:08:06.960436 [debug] [MainThread]: Partial parsing: added file: zomato://models/marts/dim_food.sql
[0m14:08:06.960846 [debug] [MainThread]: Partial parsing: added file: zomato://models/marts/dim_restaurants.sql
[0m14:08:06.961259 [debug] [MainThread]: Partial parsing: added file: zomato://models/marts/dim_date.sql
[0m14:08:06.961665 [debug] [MainThread]: Partial parsing: added file: zomato://models/marts/mart_review_insights.sql
[0m14:08:07.429721 [error] [MainThread]: Encountered an error:
Compilation Error
  Model 'model.zomato.mart_review_insights' (models/marts/mart_review_insights.sql) depends on a source named 'ai.review_enriched' which was not found
[0m14:08:07.433828 [debug] [MainThread]: Resource report: {"command_name": "run", "command_success": false, "command_wall_clock_time": 2.675912, "process_in_blocks": "0", "process_kernel_time": 0.948689, "process_mem_max_rss": "186814464", "process_out_blocks": "0", "process_user_time": 5.975297}
[0m14:08:07.434356 [debug] [MainThread]: Command `dbt run` failed at 14:08:07.434240 after 2.68 seconds
[0m14:08:07.434820 [debug] [MainThread]: Sending event: {'category': 'dbt', 'action': 'invocation', 'label': 'end', 'context': [<snowplow_tracker.self_describing_json.SelfDescribingJson object at 0x10d1a4700>, <snowplow_tracker.self_describing_json.SelfDescribingJson object at 0x123a365e0>, <snowplow_tracker.self_describing_json.SelfDescribingJson object at 0x123914b50>]}
[0m14:08:07.435298 [debug] [MainThread]: Flushing usage events
[0m14:08:10.486165 [debug] [MainThread]: An error was encountered while trying to flush usage events
[0m14:08:36.995419 [debug] [MainThread]: Sending event: {'category': 'dbt', 'action': 'invocation', 'label': 'start', 'context': [<snowplow_tracker.self_describing_json.SelfDescribingJson object at 0x112931970>, <snowplow_tracker.self_describing_json.SelfDescribingJson object at 0x113ec1430>, <snowplow_tracker.self_describing_json.SelfDescribingJson object at 0x113ec1250>]}


============================== 14:08:37.000474 | ab6e0122-a39e-4f28-89e4-4afcaf22c81b ==============================
[0m14:08:37.000474 [info ] [MainThread]: Running with dbt=1.10.22
[0m14:08:37.001283 [debug] [MainThread]: running dbt with arguments {'target_path': 'None', 'fail_fast': 'False', 'indirect_selection': 'eager', 'warn_error_options': 'WarnErrorOptionsV2(error=[], warn=[], silence=[])', 'log_path': '/Users/mac/projects/DE project/zomato_ai_project/zomato/logs', 'cache_selected_only': 'False', 'write_json': 'True', 'log_cache_events': 'False', 'static_parser': 'True', 'warn_error': 'None', 'use_colors': 'True', 'profiles_dir': '/Users/mac/.dbt', 'invocation_command': 'dbt run --select staging', 'version_check': 'True', 'send_anonymous_usage_stats': 'True', 'quiet': 'False', 'printer_width': '80', 'debug': 'False', 'log_format': 'default', 'introspect': 'True', 'empty': 'False', 'use_experimental_parser': 'False', 'no_print': 'None', 'partial_parse': 'True'}
[0m14:08:37.979543 [debug] [MainThread]: Sending event: {'category': 'dbt', 'action': 'project_id', 'label': 'ab6e0122-a39e-4f28-89e4-4afcaf22c81b', 'context': [<snowplow_tracker.self_describing_json.SelfDescribingJson object at 0x128c63f10>]}
[0m14:08:38.073985 [debug] [MainThread]: Sending event: {'category': 'dbt', 'action': 'adapter_info', 'label': 'ab6e0122-a39e-4f28-89e4-4afcaf22c81b', 'context': [<snowplow_tracker.self_describing_json.SelfDescribingJson object at 0x128d48ee0>]}
[0m14:08:38.074874 [info ] [MainThread]: Registered adapter: snowflake=1.10.2
[0m14:08:38.304351 [debug] [MainThread]: checksum: 04c83ee057a648a2f8e380c895ffead170732fa039f068d62b9d36aaeefaf7cc, vars: {}, profile: , target: , version: 1.10.22
[0m14:08:38.472390 [debug] [MainThread]: Partial parsing enabled: 0 files deleted, 10 files added, 0 files changed.
[0m14:08:38.473041 [debug] [MainThread]: Partial parsing: added file: zomato://models/marts/dim_date.sql
[0m14:08:38.473483 [debug] [MainThread]: Partial parsing: added file: zomato://models/marts/mart_daily_city_revenune.sql
[0m14:08:38.473915 [debug] [MainThread]: Partial parsing: added file: zomato://models/marts/dim_food.sql
[0m14:08:38.474344 [debug] [MainThread]: Partial parsing: added file: zomato://models/marts/dim_customer.sql
[0m14:08:38.474770 [debug] [MainThread]: Partial parsing: added file: zomato://models/marts/fct_orders.sql
[0m14:08:38.475193 [debug] [MainThread]: Partial parsing: added file: zomato://models/marts/fact_order_items.sql
[0m14:08:38.475615 [debug] [MainThread]: Partial parsing: added file: zomato://models/marts/mart_delivery_sla.sql
[0m14:08:38.476042 [debug] [MainThread]: Partial parsing: added file: zomato://models/marts/mart_restaurant_performance.sql
[0m14:08:38.476466 [debug] [MainThread]: Partial parsing: added file: zomato://models/marts/dim_restaurants.sql
[0m14:08:38.476886 [debug] [MainThread]: Partial parsing: added file: zomato://models/marts/mart_review_insights.sql
[0m14:08:38.961144 [error] [MainThread]: Encountered an error:
Compilation Error
  Model 'model.zomato.mart_review_insights' (models/marts/mart_review_insights.sql) depends on a source named 'ai.review_enriched' which was not found
[0m14:08:38.965099 [debug] [MainThread]: Resource report: {"command_name": "run", "command_success": false, "command_wall_clock_time": 2.070992, "process_in_blocks": "0", "process_kernel_time": 0.677796, "process_mem_max_rss": "188334080", "process_out_blocks": "0", "process_user_time": 5.592167}
[0m14:08:38.965609 [debug] [MainThread]: Command `dbt run` failed at 14:08:38.965494 after 2.07 seconds
[0m14:08:38.966075 [debug] [MainThread]: Sending event: {'category': 'dbt', 'action': 'invocation', 'label': 'end', 'context': [<snowplow_tracker.self_describing_json.SelfDescribingJson object at 0x112931970>, <snowplow_tracker.self_describing_json.SelfDescribingJson object at 0x1290f0e20>, <snowplow_tracker.self_describing_json.SelfDescribingJson object at 0x1290f0e50>]}
[0m14:08:38.966586 [debug] [MainThread]: Flushing usage events
[0m14:08:40.180760 [debug] [MainThread]: An error was encountered while trying to flush usage events
[0m14:11:03.419617 [debug] [MainThread]: Sending event: {'category': 'dbt', 'action': 'invocation', 'label': 'start', 'context': [<snowplow_tracker.self_describing_json.SelfDescribingJson object at 0x10c3f1b80>, <snowplow_tracker.self_describing_json.SelfDescribingJson object at 0x10d946790>, <snowplow_tracker.self_describing_json.SelfDescribingJson object at 0x10d9460d0>]}


============================== 14:11:03.427236 | 5c1ac6cb-b766-450f-babb-3e9aac014ea5 ==============================
[0m14:11:03.427236 [info ] [MainThread]: Running with dbt=1.10.22
[0m14:11:03.428267 [debug] [MainThread]: running dbt with arguments {'static_parser': 'True', 'indirect_selection': 'eager', 'warn_error': 'None', 'write_json': 'True', 'empty': 'False', 'profiles_dir': '/Users/mac/.dbt', 'use_colors': 'True', 'log_path': '/Users/mac/projects/DE project/zomato_ai_project/zomato/logs', 'log_cache_events': 'False', 'quiet': 'False', 'log_format': 'default', 'send_anonymous_usage_stats': 'True', 'target_path': 'None', 'warn_error_options': 'WarnErrorOptionsV2(error=[], warn=[], silence=[])', 'introspect': 'True', 'cache_selected_only': 'False', 'version_check': 'True', 'use_experimental_parser': 'False', 'no_print': 'None', 'fail_fast': 'False', 'invocation_command': 'dbt run --select marts', 'partial_parse': 'True', 'printer_width': '80', 'debug': 'False'}
[0m14:11:04.930191 [debug] [MainThread]: Sending event: {'category': 'dbt', 'action': 'project_id', 'label': '5c1ac6cb-b766-450f-babb-3e9aac014ea5', 'context': [<snowplow_tracker.self_describing_json.SelfDescribingJson object at 0x10b14f7f0>]}
[0m14:11:05.025155 [debug] [MainThread]: Sending event: {'category': 'dbt', 'action': 'adapter_info', 'label': '5c1ac6cb-b766-450f-babb-3e9aac014ea5', 'context': [<snowplow_tracker.self_describing_json.SelfDescribingJson object at 0x1227ea790>]}
[0m14:11:05.026665 [info ] [MainThread]: Registered adapter: snowflake=1.10.2
[0m14:11:05.280531 [debug] [MainThread]: checksum: 04c83ee057a648a2f8e380c895ffead170732fa039f068d62b9d36aaeefaf7cc, vars: {}, profile: , target: , version: 1.10.22
[0m14:11:05.423193 [warn ] [MainThread]: [[33mWARNING[0m][DuplicateYAMLKeysDeprecation]: Deprecated functionality
Duplicate key 'sources' in "<unicode string>", line 21, column 1 in file
`models/staging/_sources.yml`
[0m14:11:05.423978 [debug] [MainThread]: Sending event: {'category': 'dbt', 'action': 'deprecation', 'label': '5c1ac6cb-b766-450f-babb-3e9aac014ea5', 'property_': 'warn', 'context': [<snowplow_tracker.self_describing_json.SelfDescribingJson object at 0x122b5d760>]}
[0m14:11:05.510179 [debug] [MainThread]: Partial parsing enabled: 0 files deleted, 10 files added, 1 files changed.
[0m14:11:05.510805 [debug] [MainThread]: Partial parsing: added file: zomato://models/marts/fct_orders.sql
[0m14:11:05.511339 [debug] [MainThread]: Partial parsing: added file: zomato://models/marts/mart_restaurant_performance.sql
[0m14:11:05.511772 [debug] [MainThread]: Partial parsing: added file: zomato://models/marts/dim_food.sql
[0m14:11:05.512205 [debug] [MainThread]: Partial parsing: added file: zomato://models/marts/dim_restaurants.sql
[0m14:11:05.512633 [debug] [MainThread]: Partial parsing: added file: zomato://models/marts/fact_order_items.sql
[0m14:11:05.513066 [debug] [MainThread]: Partial parsing: added file: zomato://models/marts/mart_delivery_sla.sql
[0m14:11:05.513492 [debug] [MainThread]: Partial parsing: added file: zomato://models/marts/dim_date.sql
[0m14:11:05.513924 [debug] [MainThread]: Partial parsing: added file: zomato://models/marts/mart_daily_city_revenune.sql
[0m14:11:05.514356 [debug] [MainThread]: Partial parsing: added file: zomato://models/marts/dim_customer.sql
[0m14:11:05.514781 [debug] [MainThread]: Partial parsing: added file: zomato://models/marts/mart_review_insights.sql
[0m14:11:05.515803 [debug] [MainThread]: Partial parsing: updated file: zomato://models/staging/_sources.yml
[0m14:11:06.117624 [error] [MainThread]: Encountered an error:
Compilation Error
  Model 'model.zomato.stg_restaurants' (models/staging/stg_restaurants.sql) depends on a source named 'raw.restaurants' which was not found
[0m14:11:06.118413 [warn ] [MainThread]: [[33mWARNING[0m][DeprecationsSummary]: Deprecated functionality
Summary of encountered deprecations:
- DuplicateYAMLKeysDeprecation: 1 occurrence
To see all deprecation instances instead of just the first occurrence of each,
run command again with the `--show-all-deprecations` flag. You may also need to
run with `--no-partial-parse` as some deprecations are only encountered during
parsing.
[0m14:11:06.122325 [debug] [MainThread]: Resource report: {"command_name": "run", "command_success": false, "command_wall_clock_time": 2.8202076, "process_in_blocks": "0", "process_kernel_time": 1.026355, "process_mem_max_rss": "192151552", "process_out_blocks": "0", "process_user_time": 6.085292}
[0m14:11:06.122833 [debug] [MainThread]: Command `dbt run` failed at 14:11:06.122719 after 2.82 seconds
[0m14:11:06.123436 [debug] [MainThread]: Sending event: {'category': 'dbt', 'action': 'invocation', 'label': 'end', 'context': [<snowplow_tracker.self_describing_json.SelfDescribingJson object at 0x10c3f1b80>, <snowplow_tracker.self_describing_json.SelfDescribingJson object at 0x122df0610>, <snowplow_tracker.self_describing_json.SelfDescribingJson object at 0x122e06730>]}
[0m14:11:06.124187 [debug] [MainThread]: Flushing usage events
[0m14:11:08.233753 [debug] [MainThread]: An error was encountered while trying to flush usage events
[0m14:12:14.464585 [debug] [MainThread]: Sending event: {'category': 'dbt', 'action': 'invocation', 'label': 'start', 'context': [<snowplow_tracker.self_describing_json.SelfDescribingJson object at 0x109dffa00>, <snowplow_tracker.self_describing_json.SelfDescribingJson object at 0x10b390640>, <snowplow_tracker.self_describing_json.SelfDescribingJson object at 0x10b390460>]}


============================== 14:12:14.472089 | 3f9c89fc-bad0-43cb-9f2b-57dbdaaeef7d ==============================
[0m14:12:14.472089 [info ] [MainThread]: Running with dbt=1.10.22
[0m14:12:14.473129 [debug] [MainThread]: running dbt with arguments {'use_experimental_parser': 'False', 'cache_selected_only': 'False', 'use_colors': 'True', 'target_path': 'None', 'indirect_selection': 'eager', 'log_format': 'default', 'quiet': 'False', 'static_parser': 'True', 'warn_error_options': 'WarnErrorOptionsV2(error=[], warn=[], silence=[])', 'send_anonymous_usage_stats': 'True', 'log_cache_events': 'False', 'version_check': 'True', 'printer_width': '80', 'write_json': 'True', 'introspect': 'True', 'debug': 'False', 'fail_fast': 'False', 'no_print': 'None', 'partial_parse': 'True', 'warn_error': 'None', 'log_path': '/Users/mac/projects/DE project/zomato_ai_project/zomato/logs', 'empty': 'False', 'invocation_command': 'dbt run --select marts', 'profiles_dir': '/Users/mac/.dbt'}
[0m14:12:16.049262 [debug] [MainThread]: Sending event: {'category': 'dbt', 'action': 'project_id', 'label': '3f9c89fc-bad0-43cb-9f2b-57dbdaaeef7d', 'context': [<snowplow_tracker.self_describing_json.SelfDescribingJson object at 0x108ba56d0>]}
[0m14:12:16.150279 [debug] [MainThread]: Sending event: {'category': 'dbt', 'action': 'adapter_info', 'label': '3f9c89fc-bad0-43cb-9f2b-57dbdaaeef7d', 'context': [<snowplow_tracker.self_describing_json.SelfDescribingJson object at 0x1201e3ca0>]}
[0m14:12:16.151792 [info ] [MainThread]: Registered adapter: snowflake=1.10.2
[0m14:12:16.401234 [debug] [MainThread]: checksum: 04c83ee057a648a2f8e380c895ffead170732fa039f068d62b9d36aaeefaf7cc, vars: {}, profile: , target: , version: 1.10.22
[0m14:12:16.656528 [debug] [MainThread]: Partial parsing enabled: 0 files deleted, 10 files added, 1 files changed.
[0m14:12:16.657362 [debug] [MainThread]: Partial parsing: added file: zomato://models/marts/dim_customer.sql
[0m14:12:16.657966 [debug] [MainThread]: Partial parsing: added file: zomato://models/marts/dim_restaurants.sql
[0m14:12:16.658554 [debug] [MainThread]: Partial parsing: added file: zomato://models/marts/mart_delivery_sla.sql
[0m14:12:16.659135 [debug] [MainThread]: Partial parsing: added file: zomato://models/marts/mart_restaurant_performance.sql
[0m14:12:16.659730 [debug] [MainThread]: Partial parsing: added file: zomato://models/marts/mart_review_insights.sql
[0m14:12:16.660316 [debug] [MainThread]: Partial parsing: added file: zomato://models/marts/dim_food.sql
[0m14:12:16.660894 [debug] [MainThread]: Partial parsing: added file: zomato://models/marts/fct_orders.sql
[0m14:12:16.661476 [debug] [MainThread]: Partial parsing: added file: zomato://models/marts/dim_date.sql
[0m14:12:16.662055 [debug] [MainThread]: Partial parsing: added file: zomato://models/marts/fact_order_items.sql
[0m14:12:16.662643 [debug] [MainThread]: Partial parsing: added file: zomato://models/marts/mart_daily_city_revenune.sql
[0m14:12:16.663412 [debug] [MainThread]: Partial parsing: updated file: zomato://models/staging/_sources.yml
[0m14:12:17.359410 [warn ] [MainThread]: [[33mWARNING[0m]: Configuration paths exist in your dbt_project.yml file which do not apply to any resources.
There are 1 unused configuration paths:
- snapshots.zomato
[0m14:12:17.373266 [debug] [MainThread]: Sending event: {'category': 'dbt', 'action': 'load_project', 'label': '3f9c89fc-bad0-43cb-9f2b-57dbdaaeef7d', 'context': [<snowplow_tracker.self_describing_json.SelfDescribingJson object at 0x1209c6130>]}
[0m14:12:17.491630 [debug] [MainThread]: Wrote artifact WritableManifest to /Users/mac/projects/DE project/zomato_ai_project/zomato/target/manifest.json
[0m14:12:17.494937 [debug] [MainThread]: Wrote artifact SemanticManifest to /Users/mac/projects/DE project/zomato_ai_project/zomato/target/semantic_manifest.json
[0m14:12:17.538700 [debug] [MainThread]: Sending event: {'category': 'dbt', 'action': 'resource_counts', 'label': '3f9c89fc-bad0-43cb-9f2b-57dbdaaeef7d', 'context': [<snowplow_tracker.self_describing_json.SelfDescribingJson object at 0x12063e160>]}
[0m14:12:17.539531 [info ] [MainThread]: Found 17 models, 8 sources, 493 macros
[0m14:12:17.540130 [debug] [MainThread]: Sending event: {'category': 'dbt', 'action': 'runnable_timing', 'label': '3f9c89fc-bad0-43cb-9f2b-57dbdaaeef7d', 'context': [<snowplow_tracker.self_describing_json.SelfDescribingJson object at 0x12066d610>]}
[0m14:12:17.542494 [info ] [MainThread]: 
[0m14:12:17.543092 [info ] [MainThread]: Concurrency: 8 threads (target='dev')
[0m14:12:17.543633 [info ] [MainThread]: 
[0m14:12:17.544403 [debug] [MainThread]: Acquiring new snowflake connection 'master'
[0m14:12:17.552984 [debug] [ThreadPool]: Acquiring new snowflake connection 'list_Zomato'
[0m14:12:17.698054 [debug] [ThreadPool]: Using snowflake connection "list_Zomato"
[0m14:12:17.698668 [debug] [ThreadPool]: On list_Zomato: show terse schemas in database Zomato
    limit 10000
/* {"app": "dbt", "dbt_version": "1.10.22", "profile_name": "zomato", "target_name": "dev", "connection_name": "list_Zomato"} */
[0m14:12:17.699167 [debug] [ThreadPool]: Opening a new connection, currently in state init
[0m14:12:22.057097 [debug] [ThreadPool]: SQL status: SUCCESS 8 in 4.358 seconds
[0m14:12:22.062765 [debug] [ThreadPool]: Re-using an available connection from the pool (formerly list_Zomato, now list_Zomato_staging)
[0m14:12:22.063657 [debug] [ThreadPool]: Acquiring new snowflake connection 'list_Zomato_marts'
[0m14:12:22.096396 [debug] [ThreadPool]: Using snowflake connection "list_Zomato_staging"
[0m14:12:22.097473 [debug] [ThreadPool]: Using snowflake connection "list_Zomato_marts"
[0m14:12:22.097955 [debug] [ThreadPool]: On list_Zomato_staging: show objects in Zomato.staging
    limit 10000
    

/* {"app": "dbt", "dbt_version": "1.10.22", "profile_name": "zomato", "target_name": "dev", "connection_name": "list_Zomato_staging"} */;
[0m14:12:22.098484 [debug] [ThreadPool]: On list_Zomato_marts: show objects in Zomato.marts
    limit 10000
    

/* {"app": "dbt", "dbt_version": "1.10.22", "profile_name": "zomato", "target_name": "dev", "connection_name": "list_Zomato_marts"} */;
[0m14:12:22.099725 [debug] [ThreadPool]: Opening a new connection, currently in state init
[0m14:12:22.584266 [debug] [ThreadPool]: SQL status: SUCCESS 7 in 0.485 seconds
[0m14:12:25.446518 [debug] [ThreadPool]: SQL status: SUCCESS 0 in 3.347 seconds
[0m14:12:25.449770 [debug] [MainThread]: Sending event: {'category': 'dbt', 'action': 'runnable_timing', 'label': '3f9c89fc-bad0-43cb-9f2b-57dbdaaeef7d', 'context': [<snowplow_tracker.self_describing_json.SelfDescribingJson object at 0x108c60be0>]}
[0m14:12:25.456624 [debug] [Thread-1  ]: Began running node model.zomato.dim_customer
[0m14:12:25.457393 [debug] [Thread-2  ]: Began running node model.zomato.dim_date
[0m14:12:25.458249 [info ] [Thread-1  ]: 1 of 10 START sql table model marts.dim_customer ............................... [RUN]
[0m14:12:25.459039 [debug] [Thread-3  ]: Began running node model.zomato.dim_food
[0m14:12:25.459672 [debug] [Thread-4  ]: Began running node model.zomato.dim_restaurants
[0m14:12:25.460420 [info ] [Thread-2  ]: 2 of 10 START sql table model marts.dim_date ................................... [RUN]
[0m14:12:25.461191 [debug] [Thread-5  ]: Began running node model.zomato.fact_order_items
[0m14:12:25.461885 [debug] [Thread-1  ]: Re-using an available connection from the pool (formerly list_Zomato_staging, now model.zomato.dim_customer)
[0m14:12:25.462516 [debug] [Thread-6  ]: Began running node model.zomato.fct_orders
[0m14:12:25.463461 [debug] [Thread-7  ]: Began running node model.zomato.mart_review_insights
[0m14:12:25.464240 [info ] [Thread-3  ]: 3 of 10 START sql table model marts.dim_food ................................... [RUN]
[0m14:12:25.465122 [info ] [Thread-4  ]: 4 of 10 START sql table model marts.dim_restaurants ............................ [RUN]
[0m14:12:25.465905 [debug] [Thread-2  ]: Re-using an available connection from the pool (formerly list_Zomato_marts, now model.zomato.dim_date)
[0m14:12:25.466719 [info ] [Thread-5  ]: 5 of 10 START sql incremental model marts.fact_order_items ..................... [RUN]
[0m14:12:25.467450 [debug] [Thread-1  ]: Began compiling node model.zomato.dim_customer
[0m14:12:25.468254 [info ] [Thread-6  ]: 6 of 10 START sql incremental model marts.fct_orders ........................... [RUN]
[0m14:12:25.469128 [info ] [Thread-7  ]: 7 of 10 START sql table model marts.mart_review_insights ....................... [RUN]
[0m14:12:25.470087 [debug] [Thread-3  ]: Acquiring new snowflake connection 'model.zomato.dim_food'
[0m14:12:25.470976 [debug] [Thread-4  ]: Acquiring new snowflake connection 'model.zomato.dim_restaurants'
[0m14:12:25.471665 [debug] [Thread-2  ]: Began compiling node model.zomato.dim_date
[0m14:12:25.472480 [debug] [Thread-5  ]: Acquiring new snowflake connection 'model.zomato.fact_order_items'
[0m14:12:25.485281 [debug] [Thread-6  ]: Acquiring new snowflake connection 'model.zomato.fct_orders'
[0m14:12:25.488290 [debug] [Thread-1  ]: Writing injected SQL for node "model.zomato.dim_customer"
[0m14:12:25.489228 [debug] [Thread-7  ]: Acquiring new snowflake connection 'model.zomato.mart_review_insights'
[0m14:12:25.489893 [debug] [Thread-3  ]: Began compiling node model.zomato.dim_food
[0m14:12:25.490546 [debug] [Thread-4  ]: Began compiling node model.zomato.dim_restaurants
[0m14:12:25.494288 [debug] [Thread-2  ]: Writing injected SQL for node "model.zomato.dim_date"
[0m14:12:25.495208 [debug] [Thread-5  ]: Began compiling node model.zomato.fact_order_items
[0m14:12:25.495951 [debug] [Thread-6  ]: Began compiling node model.zomato.fct_orders
[0m14:12:25.496833 [debug] [Thread-7  ]: Began compiling node model.zomato.mart_review_insights
[0m14:12:25.501630 [debug] [Thread-3  ]: Writing injected SQL for node "model.zomato.dim_food"
[0m14:12:25.507457 [debug] [Thread-4  ]: Writing injected SQL for node "model.zomato.dim_restaurants"
[0m14:12:25.515505 [debug] [Thread-5  ]: Writing injected SQL for node "model.zomato.fact_order_items"
[0m14:12:25.516412 [debug] [Thread-2  ]: Began executing node model.zomato.dim_date
[0m14:12:25.517013 [debug] [Thread-1  ]: Began executing node model.zomato.dim_customer
[0m14:12:25.522582 [debug] [Thread-6  ]: Writing injected SQL for node "model.zomato.fct_orders"
[0m14:12:25.528231 [debug] [Thread-7  ]: Writing injected SQL for node "model.zomato.mart_review_insights"
[0m14:12:25.529770 [debug] [Thread-3  ]: Began executing node model.zomato.dim_food
[0m14:12:25.536275 [debug] [Thread-4  ]: Began executing node model.zomato.dim_restaurants
[0m14:12:25.566463 [debug] [Thread-5  ]: Began executing node model.zomato.fact_order_items
[0m14:12:25.601734 [debug] [Thread-6  ]: Began executing node model.zomato.fct_orders
[0m14:12:25.602618 [debug] [Thread-2  ]: Writing runtime sql for node "model.zomato.dim_date"
[0m14:12:25.603250 [debug] [Thread-1  ]: Writing runtime sql for node "model.zomato.dim_customer"
[0m14:12:25.606664 [debug] [Thread-3  ]: Writing runtime sql for node "model.zomato.dim_food"
[0m14:12:25.607227 [debug] [Thread-7  ]: Began executing node model.zomato.mart_review_insights
[0m14:12:25.611133 [debug] [Thread-4  ]: Writing runtime sql for node "model.zomato.dim_restaurants"
[0m14:12:25.669015 [debug] [Thread-7  ]: Writing runtime sql for node "model.zomato.mart_review_insights"
[0m14:12:25.691004 [debug] [Thread-5  ]: Writing runtime sql for node "model.zomato.fact_order_items"
[0m14:12:25.692147 [debug] [Thread-1  ]: Using snowflake connection "model.zomato.dim_customer"
[0m14:12:25.696016 [debug] [Thread-6  ]: Writing runtime sql for node "model.zomato.fct_orders"
[0m14:12:25.696930 [debug] [Thread-3  ]: Using snowflake connection "model.zomato.dim_food"
[0m14:12:25.698177 [debug] [Thread-2  ]: Using snowflake connection "model.zomato.dim_date"
[0m14:12:25.698996 [debug] [Thread-4  ]: Using snowflake connection "model.zomato.dim_restaurants"
[0m14:12:25.699669 [debug] [Thread-1  ]: On model.zomato.dim_customer: create or replace transient table Zomato.marts.dim_customer
    
    
    
    as (select
customer_id,
customer_name,
email,
age,
CASE WHEN age < 25 then 'Gen Z'
     WHEN age < 40 then 'Millennial'
     WHEN age < 55 then 'Gen X'
     WHEN age is null then 'Unknown'
     ELSE 'Boomer' END as age_segment,
gender,
marital_status,
occupation,
income_band,
education,
family_size
from Zomato.staging.stg_users
    )

/* {"app": "dbt", "dbt_version": "1.10.22", "profile_name": "zomato", "target_name": "dev", "node_id": "model.zomato.dim_customer"} */;
[0m14:12:25.700741 [debug] [Thread-7  ]: Using snowflake connection "model.zomato.mart_review_insights"
[0m14:12:25.701893 [debug] [Thread-5  ]: Using snowflake connection "model.zomato.fact_order_items"
[0m14:12:25.702368 [debug] [Thread-3  ]: On model.zomato.dim_food: create or replace transient table Zomato.marts.dim_food
    
    
    
    as (select f_id, food_name, veg_or_non_veg from Zomato.staging.stg_food
    )

/* {"app": "dbt", "dbt_version": "1.10.22", "profile_name": "zomato", "target_name": "dev", "node_id": "model.zomato.dim_food"} */;
[0m14:12:25.702936 [debug] [Thread-2  ]: On model.zomato.dim_date: create or replace transient table Zomato.marts.dim_date
    
    
    
    as (with spine as (
    select dateadd(day, seq4(), '2024-01-01'::date) as date_day 
    from 
    table(generator(rowcount=>1200)))
select date_day, year(date_day) as year, month(date_day) as month, monthname(date_day) as month_name,
       dayname(date_day) as day_name, (dayofweekiso(date_day)>=6) as is_weekend
from spine where date_day <= '2026-12-31'
    )

/* {"app": "dbt", "dbt_version": "1.10.22", "profile_name": "zomato", "target_name": "dev", "node_id": "model.zomato.dim_date"} */;
[0m14:12:25.703931 [debug] [Thread-6  ]: Using snowflake connection "model.zomato.fct_orders"
[0m14:12:25.704404 [debug] [Thread-4  ]: On model.zomato.dim_restaurants: create or replace transient table Zomato.marts.dim_restaurants
    
    
    
    as (select 
restaurant_id, 
restaurant_name, 
city, cuisine, 
rating, 
rating_count, 
cost_for_two
from Zomato.staging.stg_restaurants
    )

/* {"app": "dbt", "dbt_version": "1.10.22", "profile_name": "zomato", "target_name": "dev", "node_id": "model.zomato.dim_restaurants"} */;
[0m14:12:25.705207 [debug] [Thread-7  ]: On model.zomato.mart_review_insights: create or replace transient table Zomato.marts.mart_review_insights
    
    
    
    as (

select 
rr.city,
e.topic,
e.sentiment_label,
count(*) as reviews,
round(avg(e.sentiment_score), 3) as avg_sentiment_score,
round(avg(rr.rating), 2)        as avg_star_rating,
count_if(e.key_issue is not null) as flagged_issues
from ZOMATO.AI.review_enriched e
inner join Zomato.staging.stg_reviews rr using (review_id)
group by 1, 2, 3
    )

/* {"app": "dbt", "dbt_version": "1.10.22", "profile_name": "zomato", "target_name": "dev", "node_id": "model.zomato.mart_review_insights"} */;
[0m14:12:25.706527 [debug] [Thread-5  ]: On model.zomato.fact_order_items: create or replace transient table Zomato.marts.fact_order_items
    
    
    
    as (
select oi.order_item_id, oi.order_id, oi.restaurant_id, oi.f_id, o.order_timestamp as order_ts,
       o.order_date, o.city, oi.price, oi.quantity, oi.line_amount
from Zomato.staging.stg_order_items oi
inner join Zomato.staging.stg_orders o using (order_id)

    )

/* {"app": "dbt", "dbt_version": "1.10.22", "profile_name": "zomato", "target_name": "dev", "node_id": "model.zomato.fact_order_items"} */;
[0m14:12:25.707163 [debug] [Thread-3  ]: Opening a new connection, currently in state init
[0m14:12:25.708999 [debug] [Thread-6  ]: On model.zomato.fct_orders: create or replace transient table Zomato.marts.fct_orders
    
    
    
    as (
select order_id, order_timestamp, order_date, customer_id, restaurant_id, city, cuisine,
       payment_method, order_status, is_delivered, items_count, sales_qty, subtotal, discount,
       delivery_fee, gst, sales_amount, customer_rating, delivery_time_min
from Zomato.staging.stg_orders

    )

/* {"app": "dbt", "dbt_version": "1.10.22", "profile_name": "zomato", "target_name": "dev", "node_id": "model.zomato.fct_orders"} */;
[0m14:12:25.710076 [debug] [Thread-4  ]: Opening a new connection, currently in state init
[0m14:12:25.710709 [debug] [Thread-7  ]: Opening a new connection, currently in state init
[0m14:12:25.711181 [debug] [Thread-5  ]: Opening a new connection, currently in state init
[0m14:12:25.712404 [debug] [Thread-6  ]: Opening a new connection, currently in state init
[0m14:12:26.049072 [debug] [Thread-1  ]: Snowflake adapter: Snowflake query id: 01c63a0a-3203-19ff-0017-e2020003d5ce
[0m14:12:26.049895 [debug] [Thread-1  ]: Snowflake adapter: Snowflake error: 000904 (42000): SQL compilation error: error line 6 at position 0
invalid identifier 'CUSTOMER_ID'
[0m14:12:26.066032 [debug] [Thread-1  ]: Database Error in model dim_customer (models/marts/dim_customer.sql)
  000904 (42000): SQL compilation error: error line 6 at position 0
  invalid identifier 'CUSTOMER_ID'
  compiled code at target/run/zomato/models/marts/dim_customer.sql
[0m14:12:26.068988 [debug] [Thread-1  ]: Sending event: {'category': 'dbt', 'action': 'run_model', 'label': '3f9c89fc-bad0-43cb-9f2b-57dbdaaeef7d', 'context': [<snowplow_tracker.self_describing_json.SelfDescribingJson object at 0x127d0fa60>]}
[0m14:12:26.070207 [error] [Thread-1  ]: 1 of 10 ERROR creating sql table model marts.dim_customer ...................... [[31mERROR[0m in 0.60s]
[0m14:12:26.071378 [debug] [Thread-1  ]: Finished running node model.zomato.dim_customer
[0m14:12:26.072285 [debug] [Thread-11 ]: Marking all children of 'model.zomato.dim_customer' to be skipped because of status 'error'.  Reason: Database Error in model dim_customer (models/marts/dim_customer.sql)
  000904 (42000): SQL compilation error: error line 6 at position 0
  invalid identifier 'CUSTOMER_ID'
  compiled code at target/run/zomato/models/marts/dim_customer.sql.
[0m14:12:26.804516 [debug] [Thread-2  ]: SQL status: SUCCESS 1 in 1.097 seconds
[0m14:12:26.835817 [debug] [Thread-2  ]: Sending event: {'category': 'dbt', 'action': 'run_model', 'label': '3f9c89fc-bad0-43cb-9f2b-57dbdaaeef7d', 'context': [<snowplow_tracker.self_describing_json.SelfDescribingJson object at 0x108b81070>]}
[0m14:12:26.836819 [info ] [Thread-2  ]: 2 of 10 OK created sql table model marts.dim_date .............................. [[32mSUCCESS 1[0m in 1.37s]
[0m14:12:26.837773 [debug] [Thread-2  ]: Finished running node model.zomato.dim_date
[0m14:12:26.876192 [debug] [Thread-6  ]: Snowflake adapter: Snowflake query id: 01c63a0a-3203-180e-0017-e20200038c7a
[0m14:12:26.877015 [debug] [Thread-6  ]: Snowflake adapter: Snowflake error: 000904 (42000): SQL compilation error: error line 6 at position 46
invalid identifier 'CUSTOMER_ID'
[0m14:12:26.895362 [debug] [Thread-3  ]: Snowflake adapter: Snowflake query id: 01c63a0a-3203-180e-0017-e20200038c76
[0m14:12:26.901562 [debug] [Thread-3  ]: Snowflake adapter: Snowflake error: 000904 (42000): SQL compilation error: error line 5 at position 21
invalid identifier 'FOOD_NAME'
[0m14:12:26.904664 [debug] [Thread-4  ]: Snowflake adapter: Snowflake query id: 01c63a0a-3203-19ff-0017-e2020003d5d6
[0m14:12:26.905944 [debug] [Thread-4  ]: Snowflake adapter: Snowflake error: 000904 (42000): SQL compilation error: error line 6 at position 0
invalid identifier 'RESTAURANT_ID'
[0m14:12:26.918214 [debug] [Thread-6  ]: Database Error in model fct_orders (models/marts/fct_orders.sql)
  000904 (42000): SQL compilation error: error line 6 at position 46
  invalid identifier 'CUSTOMER_ID'
  compiled code at target/run/zomato/models/marts/fct_orders.sql
[0m14:12:26.919007 [debug] [Thread-6  ]: Sending event: {'category': 'dbt', 'action': 'run_model', 'label': '3f9c89fc-bad0-43cb-9f2b-57dbdaaeef7d', 'context': [<snowplow_tracker.self_describing_json.SelfDescribingJson object at 0x127d6ccd0>]}
[0m14:12:26.919989 [error] [Thread-6  ]: 6 of 10 ERROR creating sql incremental model marts.fct_orders .................. [[31mERROR[0m in 1.43s]
[0m14:12:26.921781 [debug] [Thread-6  ]: Finished running node model.zomato.fct_orders
[0m14:12:26.922532 [debug] [Thread-11 ]: Marking all children of 'model.zomato.fct_orders' to be skipped because of status 'error'.  Reason: Database Error in model fct_orders (models/marts/fct_orders.sql)
  000904 (42000): SQL compilation error: error line 6 at position 46
  invalid identifier 'CUSTOMER_ID'
  compiled code at target/run/zomato/models/marts/fct_orders.sql.
[0m14:12:26.923334 [debug] [Thread-8  ]: Began running node model.zomato.mart_daily_city_revenune
[0m14:12:26.923930 [debug] [Thread-1  ]: Began running node model.zomato.mart_delivery_sla
[0m14:12:26.924497 [info ] [Thread-8  ]: 8 of 10 SKIP relation marts.mart_daily_city_revenune ........................... [[33mSKIP[0m]
[0m14:12:26.942120 [info ] [Thread-1  ]: 9 of 10 SKIP relation marts.mart_delivery_sla .................................. [[33mSKIP[0m]
[0m14:12:26.945615 [debug] [Thread-4  ]: Database Error in model dim_restaurants (models/marts/dim_restaurants.sql)
  000904 (42000): SQL compilation error: error line 6 at position 0
  invalid identifier 'RESTAURANT_ID'
  compiled code at target/run/zomato/models/marts/dim_restaurants.sql
[0m14:12:26.951743 [debug] [Thread-8  ]: Finished running node model.zomato.mart_daily_city_revenune
[0m14:12:26.954301 [debug] [Thread-3  ]: Database Error in model dim_food (models/marts/dim_food.sql)
  000904 (42000): SQL compilation error: error line 5 at position 21
  invalid identifier 'FOOD_NAME'
  compiled code at target/run/zomato/models/marts/dim_food.sql
[0m14:12:26.955119 [debug] [Thread-1  ]: Finished running node model.zomato.mart_delivery_sla
[0m14:12:26.956036 [debug] [Thread-4  ]: Sending event: {'category': 'dbt', 'action': 'run_model', 'label': '3f9c89fc-bad0-43cb-9f2b-57dbdaaeef7d', 'context': [<snowplow_tracker.self_describing_json.SelfDescribingJson object at 0x127cb0e80>]}
[0m14:12:26.973955 [debug] [Thread-5  ]: Snowflake adapter: Snowflake query id: 01c63a0a-3203-19ff-0017-e2020003d5da
[0m14:12:26.975941 [debug] [Thread-3  ]: Sending event: {'category': 'dbt', 'action': 'run_model', 'label': '3f9c89fc-bad0-43cb-9f2b-57dbdaaeef7d', 'context': [<snowplow_tracker.self_describing_json.SelfDescribingJson object at 0x108c60be0>]}
[0m14:12:26.977312 [error] [Thread-4  ]: 4 of 10 ERROR creating sql table model marts.dim_restaurants ................... [[31mERROR[0m in 1.49s]
[0m14:12:26.978106 [debug] [Thread-5  ]: Snowflake adapter: Snowflake error: 000904 (42000): SQL compilation error: error line 6 at position 38
invalid identifier 'OI.RESTAURANT_ID'
[0m14:12:26.979200 [error] [Thread-3  ]: 3 of 10 ERROR creating sql table model marts.dim_food .......................... [[31mERROR[0m in 1.51s]
[0m14:12:26.980317 [debug] [Thread-4  ]: Finished running node model.zomato.dim_restaurants
[0m14:12:26.995775 [debug] [Thread-7  ]: Snowflake adapter: Snowflake query id: 01c63a0a-3203-19ff-0017-e2020003d5de
[0m14:12:26.996872 [debug] [Thread-3  ]: Finished running node model.zomato.dim_food
[0m14:12:26.997844 [debug] [Thread-11 ]: Marking all children of 'model.zomato.dim_restaurants' to be skipped because of status 'error'.  Reason: Database Error in model dim_restaurants (models/marts/dim_restaurants.sql)
  000904 (42000): SQL compilation error: error line 6 at position 0
  invalid identifier 'RESTAURANT_ID'
  compiled code at target/run/zomato/models/marts/dim_restaurants.sql.
[0m14:12:26.998516 [debug] [Thread-7  ]: Snowflake adapter: Snowflake error: 002003 (42S02): SQL compilation error:
Object 'ZOMATO.AI.REVIEW_ENRICHED' does not exist or not authorized.
[0m14:12:27.000197 [debug] [Thread-11 ]: Marking all children of 'model.zomato.dim_food' to be skipped because of status 'error'.  Reason: Database Error in model dim_food (models/marts/dim_food.sql)
  000904 (42000): SQL compilation error: error line 5 at position 21
  invalid identifier 'FOOD_NAME'
  compiled code at target/run/zomato/models/marts/dim_food.sql.
[0m14:12:27.007379 [debug] [Thread-6  ]: Began running node model.zomato.mart_restaurant_performance
[0m14:12:27.017754 [debug] [Thread-5  ]: Database Error in model fact_order_items (models/marts/fact_order_items.sql)
  000904 (42000): SQL compilation error: error line 6 at position 38
  invalid identifier 'OI.RESTAURANT_ID'
  compiled code at target/run/zomato/models/marts/fact_order_items.sql
[0m14:12:27.018762 [info ] [Thread-6  ]: 10 of 10 SKIP relation marts.mart_restaurant_performance ....................... [[33mSKIP[0m]
[0m14:12:27.019689 [debug] [Thread-5  ]: Sending event: {'category': 'dbt', 'action': 'run_model', 'label': '3f9c89fc-bad0-43cb-9f2b-57dbdaaeef7d', 'context': [<snowplow_tracker.self_describing_json.SelfDescribingJson object at 0x127cd6430>]}
[0m14:12:27.020504 [debug] [Thread-6  ]: Finished running node model.zomato.mart_restaurant_performance
[0m14:12:27.021675 [error] [Thread-5  ]: 5 of 10 ERROR creating sql incremental model marts.fact_order_items ............ [[31mERROR[0m in 1.55s]
[0m14:12:27.022897 [debug] [Thread-5  ]: Finished running node model.zomato.fact_order_items
[0m14:12:27.029668 [debug] [Thread-11 ]: Marking all children of 'model.zomato.fact_order_items' to be skipped because of status 'error'.  Reason: Database Error in model fact_order_items (models/marts/fact_order_items.sql)
  000904 (42000): SQL compilation error: error line 6 at position 38
  invalid identifier 'OI.RESTAURANT_ID'
  compiled code at target/run/zomato/models/marts/fact_order_items.sql.
[0m14:12:27.041885 [debug] [Thread-7  ]: Database Error in model mart_review_insights (models/marts/mart_review_insights.sql)
  002003 (42S02): SQL compilation error:
  Object 'ZOMATO.AI.REVIEW_ENRICHED' does not exist or not authorized.
  compiled code at target/run/zomato/models/marts/mart_review_insights.sql
[0m14:12:27.042824 [debug] [Thread-7  ]: Sending event: {'category': 'dbt', 'action': 'run_model', 'label': '3f9c89fc-bad0-43cb-9f2b-57dbdaaeef7d', 'context': [<snowplow_tracker.self_describing_json.SelfDescribingJson object at 0x127c9d4c0>]}
[0m14:12:27.043841 [error] [Thread-7  ]: 7 of 10 ERROR creating sql table model marts.mart_review_insights .............. [[31mERROR[0m in 1.55s]
[0m14:12:27.044831 [debug] [Thread-7  ]: Finished running node model.zomato.mart_review_insights
[0m14:12:27.045697 [debug] [Thread-11 ]: Marking all children of 'model.zomato.mart_review_insights' to be skipped because of status 'error'.  Reason: Database Error in model mart_review_insights (models/marts/mart_review_insights.sql)
  002003 (42S02): SQL compilation error:
  Object 'ZOMATO.AI.REVIEW_ENRICHED' does not exist or not authorized.
  compiled code at target/run/zomato/models/marts/mart_review_insights.sql.
[0m14:12:27.047849 [debug] [MainThread]: Connection 'master' was properly closed.
[0m14:12:27.048467 [debug] [MainThread]: Connection 'model.zomato.dim_customer' was left open.
[0m14:12:27.049034 [debug] [MainThread]: On model.zomato.dim_customer: Close
[0m14:12:27.483105 [debug] [MainThread]: Connection 'model.zomato.dim_date' was left open.
[0m14:12:27.483870 [debug] [MainThread]: On model.zomato.dim_date: Close
[0m14:12:27.986497 [debug] [MainThread]: Connection 'model.zomato.dim_food' was left open.
[0m14:12:27.987258 [debug] [MainThread]: On model.zomato.dim_food: Close
[0m14:12:28.333717 [debug] [MainThread]: Connection 'model.zomato.dim_restaurants' was left open.
[0m14:12:28.334484 [debug] [MainThread]: On model.zomato.dim_restaurants: Close
[0m14:12:28.621289 [debug] [MainThread]: Connection 'model.zomato.fact_order_items' was left open.
[0m14:12:28.622053 [debug] [MainThread]: On model.zomato.fact_order_items: Close
[0m14:12:28.936533 [debug] [MainThread]: Connection 'model.zomato.fct_orders' was left open.
[0m14:12:28.937291 [debug] [MainThread]: On model.zomato.fct_orders: Close
[0m14:12:29.263948 [debug] [MainThread]: Connection 'model.zomato.mart_review_insights' was left open.
[0m14:12:29.264645 [debug] [MainThread]: On model.zomato.mart_review_insights: Close
[0m14:12:29.640672 [info ] [MainThread]: 
[0m14:12:29.641520 [info ] [MainThread]: Finished running 2 incremental models, 8 table models in 0 hours 0 minutes and 12.10 seconds (12.10s).
[0m14:12:29.644425 [debug] [MainThread]: Command end result
[0m14:12:29.689319 [debug] [MainThread]: Wrote artifact WritableManifest to /Users/mac/projects/DE project/zomato_ai_project/zomato/target/manifest.json
[0m14:12:29.692153 [debug] [MainThread]: Wrote artifact SemanticManifest to /Users/mac/projects/DE project/zomato_ai_project/zomato/target/semantic_manifest.json
[0m14:12:29.703080 [debug] [MainThread]: Wrote artifact RunExecutionResult to /Users/mac/projects/DE project/zomato_ai_project/zomato/target/run_results.json
[0m14:12:29.703706 [info ] [MainThread]: 
[0m14:12:29.704353 [info ] [MainThread]: [31mCompleted with 6 errors, 0 partial successes, and 0 warnings:[0m
[0m14:12:29.704928 [info ] [MainThread]: 
[0m14:12:29.705614 [error] [MainThread]: [31mFailure in model dim_customer (models/marts/dim_customer.sql)[0m
[0m14:12:29.706287 [error] [MainThread]:   Database Error in model dim_customer (models/marts/dim_customer.sql)
  000904 (42000): SQL compilation error: error line 6 at position 0
  invalid identifier 'CUSTOMER_ID'
  compiled code at target/run/zomato/models/marts/dim_customer.sql
[0m14:12:29.706848 [info ] [MainThread]: 
[0m14:12:29.707619 [info ] [MainThread]:   compiled code at target/compiled/zomato/models/marts/dim_customer.sql
[0m14:12:29.708208 [info ] [MainThread]: 
[0m14:12:29.708883 [error] [MainThread]: [31mFailure in model fct_orders (models/marts/fct_orders.sql)[0m
[0m14:12:29.709537 [error] [MainThread]:   Database Error in model fct_orders (models/marts/fct_orders.sql)
  000904 (42000): SQL compilation error: error line 6 at position 46
  invalid identifier 'CUSTOMER_ID'
  compiled code at target/run/zomato/models/marts/fct_orders.sql
[0m14:12:29.710164 [info ] [MainThread]: 
[0m14:12:29.710851 [info ] [MainThread]:   compiled code at target/compiled/zomato/models/marts/fct_orders.sql
[0m14:12:29.711414 [info ] [MainThread]: 
[0m14:12:29.712060 [error] [MainThread]: [31mFailure in model dim_restaurants (models/marts/dim_restaurants.sql)[0m
[0m14:12:29.712908 [error] [MainThread]:   Database Error in model dim_restaurants (models/marts/dim_restaurants.sql)
  000904 (42000): SQL compilation error: error line 6 at position 0
  invalid identifier 'RESTAURANT_ID'
  compiled code at target/run/zomato/models/marts/dim_restaurants.sql
[0m14:12:29.713535 [info ] [MainThread]: 
[0m14:12:29.714229 [info ] [MainThread]:   compiled code at target/compiled/zomato/models/marts/dim_restaurants.sql
[0m14:12:29.714837 [info ] [MainThread]: 
[0m14:12:29.715544 [error] [MainThread]: [31mFailure in model dim_food (models/marts/dim_food.sql)[0m
[0m14:12:29.716374 [error] [MainThread]:   Database Error in model dim_food (models/marts/dim_food.sql)
  000904 (42000): SQL compilation error: error line 5 at position 21
  invalid identifier 'FOOD_NAME'
  compiled code at target/run/zomato/models/marts/dim_food.sql
[0m14:12:29.716926 [info ] [MainThread]: 
[0m14:12:29.717589 [info ] [MainThread]:   compiled code at target/compiled/zomato/models/marts/dim_food.sql
[0m14:12:29.718145 [info ] [MainThread]: 
[0m14:12:29.718951 [error] [MainThread]: [31mFailure in model fact_order_items (models/marts/fact_order_items.sql)[0m
[0m14:12:29.719787 [error] [MainThread]:   Database Error in model fact_order_items (models/marts/fact_order_items.sql)
  000904 (42000): SQL compilation error: error line 6 at position 38
  invalid identifier 'OI.RESTAURANT_ID'
  compiled code at target/run/zomato/models/marts/fact_order_items.sql
[0m14:12:29.720383 [info ] [MainThread]: 
[0m14:12:29.721032 [info ] [MainThread]:   compiled code at target/compiled/zomato/models/marts/fact_order_items.sql
[0m14:12:29.721580 [info ] [MainThread]: 
[0m14:12:29.722355 [error] [MainThread]: [31mFailure in model mart_review_insights (models/marts/mart_review_insights.sql)[0m
[0m14:12:29.723061 [error] [MainThread]:   Database Error in model mart_review_insights (models/marts/mart_review_insights.sql)
  002003 (42S02): SQL compilation error:
  Object 'ZOMATO.AI.REVIEW_ENRICHED' does not exist or not authorized.
  compiled code at target/run/zomato/models/marts/mart_review_insights.sql
[0m14:12:29.723681 [info ] [MainThread]: 
[0m14:12:29.724324 [info ] [MainThread]:   compiled code at target/compiled/zomato/models/marts/mart_review_insights.sql
[0m14:12:29.724878 [info ] [MainThread]: 
[0m14:12:29.725446 [info ] [MainThread]: Done. PASS=1 WARN=0 ERROR=6 SKIP=3 NO-OP=0 TOTAL=10
[0m14:12:29.731176 [debug] [MainThread]: Resource report: {"command_name": "run", "command_success": false, "command_wall_clock_time": 15.380669, "process_in_blocks": "0", "process_kernel_time": 1.432299, "process_mem_max_rss": "233058304", "process_out_blocks": "0", "process_user_time": 8.371339}
[0m14:12:29.731951 [debug] [MainThread]: Command `dbt run` failed at 14:12:29.731803 after 15.38 seconds
[0m14:12:29.732562 [debug] [MainThread]: Sending event: {'category': 'dbt', 'action': 'invocation', 'label': 'end', 'context': [<snowplow_tracker.self_describing_json.SelfDescribingJson object at 0x109dffa00>, <snowplow_tracker.self_describing_json.SelfDescribingJson object at 0x11ffa7f40>, <snowplow_tracker.self_describing_json.SelfDescribingJson object at 0x120a0e100>]}
[0m14:12:29.733227 [debug] [MainThread]: Flushing usage events
[0m14:12:31.603677 [debug] [MainThread]: An error was encountered while trying to flush usage events
[0m14:29:18.497887 [debug] [MainThread]: Sending event: {'category': 'dbt', 'action': 'invocation', 'label': 'start', 'context': [<snowplow_tracker.self_describing_json.SelfDescribingJson object at 0x10abd7c70>, <snowplow_tracker.self_describing_json.SelfDescribingJson object at 0x10c15e880>, <snowplow_tracker.self_describing_json.SelfDescribingJson object at 0x10c15ea60>]}


============================== 14:29:18.505298 | e25d5513-9953-4226-849f-06a4462d9ec2 ==============================
[0m14:29:18.505298 [info ] [MainThread]: Running with dbt=1.10.22
[0m14:29:18.506337 [debug] [MainThread]: running dbt with arguments {'version_check': 'True', 'log_format': 'default', 'no_print': 'None', 'log_path': '/Users/mac/projects/DE project/zomato_ai_project/zomato/logs', 'indirect_selection': 'eager', 'write_json': 'True', 'profiles_dir': '/Users/mac/.dbt', 'static_parser': 'True', 'empty': 'False', 'warn_error_options': 'WarnErrorOptionsV2(error=[], warn=[], silence=[])', 'use_experimental_parser': 'False', 'log_cache_events': 'False', 'debug': 'False', 'target_path': 'None', 'warn_error': 'None', 'introspect': 'True', 'cache_selected_only': 'False', 'quiet': 'False', 'use_colors': 'True', 'send_anonymous_usage_stats': 'True', 'invocation_command': 'dbt run --select marts', 'printer_width': '80', 'partial_parse': 'True', 'fail_fast': 'False'}
[0m14:29:20.239426 [debug] [MainThread]: Sending event: {'category': 'dbt', 'action': 'project_id', 'label': 'e25d5513-9953-4226-849f-06a4462d9ec2', 'context': [<snowplow_tracker.self_describing_json.SelfDescribingJson object at 0x120eba3a0>]}
[0m14:29:20.339312 [debug] [MainThread]: Sending event: {'category': 'dbt', 'action': 'adapter_info', 'label': 'e25d5513-9953-4226-849f-06a4462d9ec2', 'context': [<snowplow_tracker.self_describing_json.SelfDescribingJson object at 0x120f20160>]}
[0m14:29:20.340943 [info ] [MainThread]: Registered adapter: snowflake=1.10.2
[0m14:29:20.589427 [debug] [MainThread]: checksum: 04c83ee057a648a2f8e380c895ffead170732fa039f068d62b9d36aaeefaf7cc, vars: {}, profile: , target: , version: 1.10.22
[0m14:29:20.841992 [debug] [MainThread]: Partial parsing enabled: 0 files deleted, 0 files added, 5 files changed.
[0m14:29:20.842774 [debug] [MainThread]: Partial parsing: updated file: zomato://models/marts/dim_customer.sql
[0m14:29:20.843314 [debug] [MainThread]: Partial parsing: updated file: zomato://models/marts/fct_orders.sql
[0m14:29:20.843844 [debug] [MainThread]: Partial parsing: updated file: zomato://models/marts/fact_order_items.sql
[0m14:29:20.844347 [debug] [MainThread]: Partial parsing: updated file: zomato://models/marts/dim_food.sql
[0m14:29:20.844859 [debug] [MainThread]: Partial parsing: updated file: zomato://models/marts/dim_restaurants.sql
[0m14:29:21.314397 [warn ] [MainThread]: [[33mWARNING[0m]: Configuration paths exist in your dbt_project.yml file which do not apply to any resources.
There are 1 unused configuration paths:
- snapshots.zomato
[0m14:29:21.333850 [debug] [MainThread]: Sending event: {'category': 'dbt', 'action': 'load_project', 'label': 'e25d5513-9953-4226-849f-06a4462d9ec2', 'context': [<snowplow_tracker.self_describing_json.SelfDescribingJson object at 0x1216bd130>]}
[0m14:29:21.440625 [debug] [MainThread]: Wrote artifact WritableManifest to /Users/mac/projects/DE project/zomato_ai_project/zomato/target/manifest.json
[0m14:29:21.443588 [debug] [MainThread]: Wrote artifact SemanticManifest to /Users/mac/projects/DE project/zomato_ai_project/zomato/target/semantic_manifest.json
[0m14:29:21.480222 [debug] [MainThread]: Sending event: {'category': 'dbt', 'action': 'resource_counts', 'label': 'e25d5513-9953-4226-849f-06a4462d9ec2', 'context': [<snowplow_tracker.self_describing_json.SelfDescribingJson object at 0x121466250>]}
[0m14:29:21.481034 [info ] [MainThread]: Found 17 models, 8 sources, 493 macros
[0m14:29:21.481636 [debug] [MainThread]: Sending event: {'category': 'dbt', 'action': 'runnable_timing', 'label': 'e25d5513-9953-4226-849f-06a4462d9ec2', 'context': [<snowplow_tracker.self_describing_json.SelfDescribingJson object at 0x12144ed90>]}
[0m14:29:21.483951 [info ] [MainThread]: 
[0m14:29:21.484552 [info ] [MainThread]: Concurrency: 8 threads (target='dev')
[0m14:29:21.485097 [info ] [MainThread]: 
[0m14:29:21.485867 [debug] [MainThread]: Acquiring new snowflake connection 'master'
[0m14:29:21.494087 [debug] [ThreadPool]: Acquiring new snowflake connection 'list_Zomato'
[0m14:29:21.593271 [debug] [ThreadPool]: Using snowflake connection "list_Zomato"
[0m14:29:21.593857 [debug] [ThreadPool]: On list_Zomato: show terse schemas in database Zomato
    limit 10000
/* {"app": "dbt", "dbt_version": "1.10.22", "profile_name": "zomato", "target_name": "dev", "connection_name": "list_Zomato"} */
[0m14:29:21.594337 [debug] [ThreadPool]: Opening a new connection, currently in state init
[0m14:29:25.444929 [debug] [ThreadPool]: SQL status: SUCCESS 8 in 3.850 seconds
[0m14:29:25.450615 [debug] [ThreadPool]: Re-using an available connection from the pool (formerly list_Zomato, now list_Zomato_marts)
[0m14:29:25.451510 [debug] [ThreadPool]: Acquiring new snowflake connection 'list_Zomato_staging'
[0m14:29:25.484652 [debug] [ThreadPool]: Using snowflake connection "list_Zomato_staging"
[0m14:29:25.485701 [debug] [ThreadPool]: Using snowflake connection "list_Zomato_marts"
[0m14:29:25.486170 [debug] [ThreadPool]: On list_Zomato_staging: show objects in Zomato.staging
    limit 10000
    

/* {"app": "dbt", "dbt_version": "1.10.22", "profile_name": "zomato", "target_name": "dev", "connection_name": "list_Zomato_staging"} */;
[0m14:29:25.486678 [debug] [ThreadPool]: On list_Zomato_marts: show objects in Zomato.marts
    limit 10000
    

/* {"app": "dbt", "dbt_version": "1.10.22", "profile_name": "zomato", "target_name": "dev", "connection_name": "list_Zomato_marts"} */;
[0m14:29:25.487163 [debug] [ThreadPool]: Opening a new connection, currently in state init
[0m14:29:25.700118 [debug] [ThreadPool]: SQL status: SUCCESS 1 in 0.212 seconds
[0m14:29:28.624289 [debug] [ThreadPool]: SQL status: SUCCESS 7 in 3.137 seconds
[0m14:29:28.629596 [debug] [MainThread]: Sending event: {'category': 'dbt', 'action': 'runnable_timing', 'label': 'e25d5513-9953-4226-849f-06a4462d9ec2', 'context': [<snowplow_tracker.self_describing_json.SelfDescribingJson object at 0x1214919d0>]}
[0m14:29:28.635577 [debug] [Thread-2  ]: Began running node model.zomato.dim_date
[0m14:29:28.634992 [debug] [Thread-1  ]: Began running node model.zomato.dim_customer
[0m14:29:28.636862 [debug] [Thread-3  ]: Began running node model.zomato.dim_food
[0m14:29:28.637543 [debug] [Thread-4  ]: Began running node model.zomato.dim_restaurants
[0m14:29:28.638980 [debug] [Thread-5  ]: Began running node model.zomato.fact_order_items
[0m14:29:28.639673 [debug] [Thread-6  ]: Began running node model.zomato.fct_orders
[0m14:29:28.638419 [info ] [Thread-2  ]: 2 of 10 START sql table model marts.dim_date ................................... [RUN]
[0m14:29:28.640467 [debug] [Thread-7  ]: Began running node model.zomato.mart_review_insights
[0m14:29:28.641220 [info ] [Thread-1  ]: 1 of 10 START sql table model marts.dim_customer ............................... [RUN]
[0m14:29:28.642098 [info ] [Thread-3  ]: 3 of 10 START sql table model marts.dim_food ................................... [RUN]
[0m14:29:28.642966 [info ] [Thread-4  ]: 4 of 10 START sql table model marts.dim_restaurants ............................ [RUN]
[0m14:29:28.643830 [info ] [Thread-5  ]: 5 of 10 START sql incremental model marts.fact_order_items ..................... [RUN]
[0m14:29:28.644665 [info ] [Thread-6  ]: 6 of 10 START sql incremental model marts.fct_orders ........................... [RUN]
[0m14:29:28.645555 [debug] [Thread-2  ]: Re-using an available connection from the pool (formerly list_Zomato_staging, now model.zomato.dim_date)
[0m14:29:28.646374 [info ] [Thread-7  ]: 7 of 10 START sql table model marts.mart_review_insights ....................... [RUN]
[0m14:29:28.647151 [debug] [Thread-1  ]: Re-using an available connection from the pool (formerly list_Zomato_marts, now model.zomato.dim_customer)
[0m14:29:28.647946 [debug] [Thread-3  ]: Acquiring new snowflake connection 'model.zomato.dim_food'
[0m14:29:28.648800 [debug] [Thread-4  ]: Acquiring new snowflake connection 'model.zomato.dim_restaurants'
[0m14:29:28.649554 [debug] [Thread-5  ]: Acquiring new snowflake connection 'model.zomato.fact_order_items'
[0m14:29:28.650288 [debug] [Thread-6  ]: Acquiring new snowflake connection 'model.zomato.fct_orders'
[0m14:29:28.650995 [debug] [Thread-2  ]: Began compiling node model.zomato.dim_date
[0m14:29:28.651772 [debug] [Thread-7  ]: Acquiring new snowflake connection 'model.zomato.mart_review_insights'
[0m14:29:28.652376 [debug] [Thread-1  ]: Began compiling node model.zomato.dim_customer
[0m14:29:28.652976 [debug] [Thread-3  ]: Began compiling node model.zomato.dim_food
[0m14:29:28.653561 [debug] [Thread-4  ]: Began compiling node model.zomato.dim_restaurants
[0m14:29:28.654151 [debug] [Thread-5  ]: Began compiling node model.zomato.fact_order_items
[0m14:29:28.654738 [debug] [Thread-6  ]: Began compiling node model.zomato.fct_orders
[0m14:29:28.666260 [debug] [Thread-2  ]: Writing injected SQL for node "model.zomato.dim_date"
[0m14:29:28.667090 [debug] [Thread-7  ]: Began compiling node model.zomato.mart_review_insights
[0m14:29:28.671991 [debug] [Thread-1  ]: Writing injected SQL for node "model.zomato.dim_customer"
[0m14:29:28.677423 [debug] [Thread-3  ]: Writing injected SQL for node "model.zomato.dim_food"
[0m14:29:28.681952 [debug] [Thread-4  ]: Writing injected SQL for node "model.zomato.dim_restaurants"
[0m14:29:28.688993 [debug] [Thread-5  ]: Writing injected SQL for node "model.zomato.fact_order_items"
[0m14:29:28.695530 [debug] [Thread-6  ]: Writing injected SQL for node "model.zomato.fct_orders"
[0m14:29:28.702128 [debug] [Thread-7  ]: Writing injected SQL for node "model.zomato.mart_review_insights"
[0m14:29:28.703228 [debug] [Thread-2  ]: Began executing node model.zomato.dim_date
[0m14:29:28.704675 [debug] [Thread-1  ]: Began executing node model.zomato.dim_customer
[0m14:29:28.705897 [debug] [Thread-3  ]: Began executing node model.zomato.dim_food
[0m14:29:28.706556 [debug] [Thread-4  ]: Began executing node model.zomato.dim_restaurants
[0m14:29:28.713995 [debug] [Thread-5  ]: Began executing node model.zomato.fact_order_items
[0m14:29:28.748004 [debug] [Thread-6  ]: Began executing node model.zomato.fct_orders
[0m14:29:28.771765 [debug] [Thread-7  ]: Began executing node model.zomato.mart_review_insights
[0m14:29:28.798762 [debug] [Thread-3  ]: Writing runtime sql for node "model.zomato.dim_food"
[0m14:29:28.802269 [debug] [Thread-4  ]: Writing runtime sql for node "model.zomato.dim_restaurants"
[0m14:29:28.807664 [debug] [Thread-2  ]: Writing runtime sql for node "model.zomato.dim_date"
[0m14:29:28.813023 [debug] [Thread-1  ]: Writing runtime sql for node "model.zomato.dim_customer"
[0m14:29:28.842660 [debug] [Thread-7  ]: Writing runtime sql for node "model.zomato.mart_review_insights"
[0m14:29:28.893216 [debug] [Thread-5  ]: Writing runtime sql for node "model.zomato.fact_order_items"
[0m14:29:28.895448 [debug] [Thread-6  ]: Writing runtime sql for node "model.zomato.fct_orders"
[0m14:29:28.896470 [debug] [Thread-3  ]: Using snowflake connection "model.zomato.dim_food"
[0m14:29:28.897322 [debug] [Thread-4  ]: Using snowflake connection "model.zomato.dim_restaurants"
[0m14:29:28.899032 [debug] [Thread-2  ]: Using snowflake connection "model.zomato.dim_date"
[0m14:29:28.900382 [debug] [Thread-1  ]: Using snowflake connection "model.zomato.dim_customer"
[0m14:29:28.901486 [debug] [Thread-7  ]: Using snowflake connection "model.zomato.mart_review_insights"
[0m14:29:28.902567 [debug] [Thread-5  ]: Using snowflake connection "model.zomato.fact_order_items"
[0m14:29:28.903036 [debug] [Thread-3  ]: On model.zomato.dim_food: create or replace transient table Zomato.marts.dim_food
    
    
    
    as (select
    f_id,
    item as food_name,
    veg_or_non_veg
from Zomato.staging.stg_food
    )

/* {"app": "dbt", "dbt_version": "1.10.22", "profile_name": "zomato", "target_name": "dev", "node_id": "model.zomato.dim_food"} */;
[0m14:29:28.903583 [debug] [Thread-4  ]: On model.zomato.dim_restaurants: create or replace transient table Zomato.marts.dim_restaurants
    
    
    
    as (select
    id as restaurant_id,
    name as restaurant_name,
    city,
    cuisine,
    rating,
    rating_count,
    cost as cost_for_two
from Zomato.staging.stg_restaurants
    )

/* {"app": "dbt", "dbt_version": "1.10.22", "profile_name": "zomato", "target_name": "dev", "node_id": "model.zomato.dim_restaurants"} */;
[0m14:29:28.904144 [debug] [Thread-2  ]: On model.zomato.dim_date: create or replace transient table Zomato.marts.dim_date
    
    
    
    as (with spine as (
    select dateadd(day, seq4(), '2024-01-01'::date) as date_day 
    from 
    table(generator(rowcount=>1200)))
select date_day, year(date_day) as year, month(date_day) as month, monthname(date_day) as month_name,
       dayname(date_day) as day_name, (dayofweekiso(date_day)>=6) as is_weekend
from spine where date_day <= '2026-12-31'
    )

/* {"app": "dbt", "dbt_version": "1.10.22", "profile_name": "zomato", "target_name": "dev", "node_id": "model.zomato.dim_date"} */;
[0m14:29:28.905250 [debug] [Thread-6  ]: Using snowflake connection "model.zomato.fct_orders"
[0m14:29:28.905692 [debug] [Thread-1  ]: On model.zomato.dim_customer: create or replace transient table Zomato.marts.dim_customer
    
    
    
    as (select
    user_id as customer_id,
    name as customer_name,
    email,
    age,
    CASE WHEN age < 25 then 'Gen Z'
         WHEN age < 40 then 'Millennial'
         WHEN age < 55 then 'Gen X'
         WHEN age is null then 'Unknown'
         ELSE 'Boomer' END as age_segment,
    gender,
    marital_status,
    occupation,
    monthly_income,
    education,
    family_size
from Zomato.staging.stg_users
    )

/* {"app": "dbt", "dbt_version": "1.10.22", "profile_name": "zomato", "target_name": "dev", "node_id": "model.zomato.dim_customer"} */;
[0m14:29:28.906325 [debug] [Thread-7  ]: On model.zomato.mart_review_insights: create or replace transient table Zomato.marts.mart_review_insights
    
    
    
    as (

select 
rr.city,
e.topic,
e.sentiment_label,
count(*) as reviews,
round(avg(e.sentiment_score), 3) as avg_sentiment_score,
round(avg(rr.rating), 2)        as avg_star_rating,
count_if(e.key_issue is not null) as flagged_issues
from ZOMATO.AI.review_enriched e
inner join Zomato.staging.stg_reviews rr using (review_id)
group by 1, 2, 3
    )

/* {"app": "dbt", "dbt_version": "1.10.22", "profile_name": "zomato", "target_name": "dev", "node_id": "model.zomato.mart_review_insights"} */;
[0m14:29:28.906809 [debug] [Thread-5  ]: On model.zomato.fact_order_items: create or replace transient table Zomato.marts.fact_order_items
    
    
    
    as (
select
    oi.order_item_id,
    oi.order_id,
    oi.r_id as restaurant_id,
    oi.f_id,
    o.order_timestamp as order_ts,
    o.order_date,
    o.restaurant_city as city,
    oi.price,
    oi.quantity,
    oi.line_amount
from Zomato.staging.stg_order_items oi
inner join Zomato.staging.stg_orders o using (order_id)

    )

/* {"app": "dbt", "dbt_version": "1.10.22", "profile_name": "zomato", "target_name": "dev", "node_id": "model.zomato.fact_order_items"} */;
[0m14:29:28.907269 [debug] [Thread-3  ]: Opening a new connection, currently in state init
[0m14:29:28.907709 [debug] [Thread-4  ]: Opening a new connection, currently in state init
[0m14:29:28.909231 [debug] [Thread-6  ]: On model.zomato.fct_orders: create or replace transient table Zomato.marts.fct_orders
    
    
    
    as (
select
    order_id,
    order_timestamp,
    order_date,
    user_id as customer_id,
    r_id as restaurant_id,
    restaurant_city as city,
    cuisine,
    payment_method,
    order_status,
    items_count,
    sales_qty,
    subtotal,
    discount,
    delivery_fee,
    gst,
    sales_amount,
    customer_rating,
    delivery_time_min
from Zomato.staging.stg_orders

    )

/* {"app": "dbt", "dbt_version": "1.10.22", "profile_name": "zomato", "target_name": "dev", "node_id": "model.zomato.fct_orders"} */;
[0m14:29:28.910479 [debug] [Thread-7  ]: Opening a new connection, currently in state init
[0m14:29:28.911716 [debug] [Thread-5  ]: Opening a new connection, currently in state init
[0m14:29:28.913698 [debug] [Thread-6  ]: Opening a new connection, currently in state init
[0m14:29:29.844946 [debug] [Thread-2  ]: SQL status: SUCCESS 1 in 0.937 seconds
[0m14:29:29.881717 [debug] [Thread-2  ]: Sending event: {'category': 'dbt', 'action': 'run_model', 'label': 'e25d5513-9953-4226-849f-06a4462d9ec2', 'context': [<snowplow_tracker.self_describing_json.SelfDescribingJson object at 0x12874fca0>]}
[0m14:29:29.882914 [info ] [Thread-2  ]: 2 of 10 OK created sql table model marts.dim_date .............................. [[32mSUCCESS 1[0m in 1.23s]
[0m14:29:29.883893 [debug] [Thread-2  ]: Finished running node model.zomato.dim_date
[0m14:29:29.959466 [debug] [Thread-7  ]: Snowflake adapter: Snowflake query id: 01c63a1b-3203-180e-0017-e2020003e07a
[0m14:29:29.960226 [debug] [Thread-7  ]: Snowflake adapter: Snowflake error: 002003 (42S02): SQL compilation error:
Object 'ZOMATO.AI.REVIEW_ENRICHED' does not exist or not authorized.
[0m14:29:29.975078 [debug] [Thread-7  ]: Database Error in model mart_review_insights (models/marts/mart_review_insights.sql)
  002003 (42S02): SQL compilation error:
  Object 'ZOMATO.AI.REVIEW_ENRICHED' does not exist or not authorized.
  compiled code at target/run/zomato/models/marts/mart_review_insights.sql
[0m14:29:29.975998 [debug] [Thread-7  ]: Sending event: {'category': 'dbt', 'action': 'run_model', 'label': 'e25d5513-9953-4226-849f-06a4462d9ec2', 'context': [<snowplow_tracker.self_describing_json.SelfDescribingJson object at 0x128a2c820>]}
[0m14:29:29.976995 [error] [Thread-7  ]: 7 of 10 ERROR creating sql table model marts.mart_review_insights .............. [[31mERROR[0m in 1.32s]
[0m14:29:29.977978 [debug] [Thread-7  ]: Finished running node model.zomato.mart_review_insights
[0m14:29:29.978858 [debug] [Thread-11 ]: Marking all children of 'model.zomato.mart_review_insights' to be skipped because of status 'error'.  Reason: Database Error in model mart_review_insights (models/marts/mart_review_insights.sql)
  002003 (42S02): SQL compilation error:
  Object 'ZOMATO.AI.REVIEW_ENRICHED' does not exist or not authorized.
  compiled code at target/run/zomato/models/marts/mart_review_insights.sql.
[0m14:29:30.431791 [debug] [Thread-1  ]: SQL status: SUCCESS 1 in 1.522 seconds
[0m14:29:30.435347 [debug] [Thread-1  ]: Sending event: {'category': 'dbt', 'action': 'run_model', 'label': 'e25d5513-9953-4226-849f-06a4462d9ec2', 'context': [<snowplow_tracker.self_describing_json.SelfDescribingJson object at 0x120ea1040>]}
[0m14:29:30.436510 [info ] [Thread-1  ]: 1 of 10 OK created sql table model marts.dim_customer .......................... [[32mSUCCESS 1[0m in 1.79s]
[0m14:29:30.437513 [debug] [Thread-1  ]: Finished running node model.zomato.dim_customer
[0m14:29:30.739068 [debug] [Thread-4  ]: SQL status: SUCCESS 1 in 1.831 seconds
[0m14:29:30.742618 [debug] [Thread-4  ]: Sending event: {'category': 'dbt', 'action': 'run_model', 'label': 'e25d5513-9953-4226-849f-06a4462d9ec2', 'context': [<snowplow_tracker.self_describing_json.SelfDescribingJson object at 0x12874f820>]}
[0m14:29:30.743795 [info ] [Thread-4  ]: 4 of 10 OK created sql table model marts.dim_restaurants ....................... [[32mSUCCESS 1[0m in 2.09s]
[0m14:29:30.744798 [debug] [Thread-4  ]: Finished running node model.zomato.dim_restaurants
[0m14:29:31.247044 [debug] [Thread-3  ]: SQL status: SUCCESS 1 in 2.340 seconds
[0m14:29:31.250607 [debug] [Thread-3  ]: Sending event: {'category': 'dbt', 'action': 'run_model', 'label': 'e25d5513-9953-4226-849f-06a4462d9ec2', 'context': [<snowplow_tracker.self_describing_json.SelfDescribingJson object at 0x1288ed7c0>]}
[0m14:29:31.251792 [info ] [Thread-3  ]: 3 of 10 OK created sql table model marts.dim_food .............................. [[32mSUCCESS 1[0m in 2.60s]
[0m14:29:31.252831 [debug] [Thread-3  ]: Finished running node model.zomato.dim_food
[0m14:29:37.499119 [debug] [Thread-6  ]: SQL status: SUCCESS 1 in 8.585 seconds
[0m14:29:37.513950 [debug] [Thread-6  ]: Applying DROP to: Zomato.marts.fct_orders__dbt_tmp
[0m14:29:37.522609 [debug] [Thread-6  ]: Using snowflake connection "model.zomato.fct_orders"
[0m14:29:37.523259 [debug] [Thread-6  ]: On model.zomato.fct_orders: drop view if exists Zomato.marts.fct_orders__dbt_tmp cascade
/* {"app": "dbt", "dbt_version": "1.10.22", "profile_name": "zomato", "target_name": "dev", "node_id": "model.zomato.fct_orders"} */
[0m14:29:37.669106 [debug] [Thread-6  ]: SQL status: SUCCESS 1 in 0.145 seconds
[0m14:29:37.672873 [debug] [Thread-6  ]: Sending event: {'category': 'dbt', 'action': 'run_model', 'label': 'e25d5513-9953-4226-849f-06a4462d9ec2', 'context': [<snowplow_tracker.self_describing_json.SelfDescribingJson object at 0x1289fdd90>]}
[0m14:29:37.674026 [info ] [Thread-6  ]: 6 of 10 OK created sql incremental model marts.fct_orders ...................... [[32mSUCCESS 1[0m in 9.02s]
[0m14:29:37.675080 [debug] [Thread-6  ]: Finished running node model.zomato.fct_orders
[0m14:29:37.676037 [debug] [Thread-8  ]: Began running node model.zomato.mart_daily_city_revenune
[0m14:29:37.676734 [debug] [Thread-2  ]: Began running node model.zomato.mart_delivery_sla
[0m14:29:37.677503 [info ] [Thread-8  ]: 8 of 10 START sql table model marts.mart_daily_city_revenune ................... [RUN]
[0m14:29:37.678287 [debug] [Thread-7  ]: Began running node model.zomato.mart_restaurant_performance
[0m14:29:37.679050 [info ] [Thread-2  ]: 9 of 10 START sql table model marts.mart_delivery_sla .......................... [RUN]
[0m14:29:37.680067 [debug] [Thread-8  ]: Acquiring new snowflake connection 'model.zomato.mart_daily_city_revenune'
[0m14:29:37.680913 [info ] [Thread-7  ]: 10 of 10 START sql table model marts.mart_restaurant_performance ............... [RUN]
[0m14:29:37.681685 [debug] [Thread-2  ]: Re-using an available connection from the pool (formerly model.zomato.dim_date, now model.zomato.mart_delivery_sla)
[0m14:29:37.682369 [debug] [Thread-8  ]: Began compiling node model.zomato.mart_daily_city_revenune
[0m14:29:37.683066 [debug] [Thread-7  ]: Re-using an available connection from the pool (formerly model.zomato.mart_review_insights, now model.zomato.mart_restaurant_performance)
[0m14:29:37.683739 [debug] [Thread-2  ]: Began compiling node model.zomato.mart_delivery_sla
[0m14:29:37.688754 [debug] [Thread-8  ]: Writing injected SQL for node "model.zomato.mart_daily_city_revenune"
[0m14:29:37.689491 [debug] [Thread-7  ]: Began compiling node model.zomato.mart_restaurant_performance
[0m14:29:37.694311 [debug] [Thread-2  ]: Writing injected SQL for node "model.zomato.mart_delivery_sla"
[0m14:29:37.700294 [debug] [Thread-7  ]: Writing injected SQL for node "model.zomato.mart_restaurant_performance"
[0m14:29:37.701462 [debug] [Thread-8  ]: Began executing node model.zomato.mart_daily_city_revenune
[0m14:29:37.706581 [debug] [Thread-8  ]: Writing runtime sql for node "model.zomato.mart_daily_city_revenune"
[0m14:29:37.707784 [debug] [Thread-2  ]: Began executing node model.zomato.mart_delivery_sla
[0m14:29:37.712689 [debug] [Thread-2  ]: Writing runtime sql for node "model.zomato.mart_delivery_sla"
[0m14:29:37.713595 [debug] [Thread-7  ]: Began executing node model.zomato.mart_restaurant_performance
[0m14:29:37.715324 [debug] [Thread-8  ]: Using snowflake connection "model.zomato.mart_daily_city_revenune"
[0m14:29:37.721721 [debug] [Thread-7  ]: Writing runtime sql for node "model.zomato.mart_restaurant_performance"
[0m14:29:37.722778 [debug] [Thread-8  ]: On model.zomato.mart_daily_city_revenune: create or replace transient table Zomato.marts.mart_daily_city_revenune
    
    
    
    as (select 
order_date, 
city, 
count(*) as orders, 
count_if(is_delivered) as delivered_orders,
round(div0(count_if(order_status='Cancelled'), count(*)),4) as cancel_rate,
sum(iff(is_delivered, sales_amount, 0)) as gmv,
round(div0(sum(iff(is_delivered, sales_amount,0)), count_if(is_delivered)),2) as aov
from Zomato.marts.fct_orders group by 1,2
    )

/* {"app": "dbt", "dbt_version": "1.10.22", "profile_name": "zomato", "target_name": "dev", "node_id": "model.zomato.mart_daily_city_revenune"} */;
[0m14:29:37.724602 [debug] [Thread-2  ]: Using snowflake connection "model.zomato.mart_delivery_sla"
[0m14:29:37.725372 [debug] [Thread-8  ]: Opening a new connection, currently in state init
[0m14:29:37.726150 [debug] [Thread-2  ]: On model.zomato.mart_delivery_sla: create or replace transient table Zomato.marts.mart_delivery_sla
    
    
    
    as (select city, 
hour(order_timestamp) as order_hour, 
count_if(is_delivered) as delivered_orders,
round(median(delivery_time_min),1) as p50, 
round(percentile_cont(0.9) within group (order by delivery_time_min),1) as p90
from Zomato.marts.fct_orders 
where is_delivered group by 1,2
    )

/* {"app": "dbt", "dbt_version": "1.10.22", "profile_name": "zomato", "target_name": "dev", "node_id": "model.zomato.mart_delivery_sla"} */;
[0m14:29:37.727721 [debug] [Thread-7  ]: Using snowflake connection "model.zomato.mart_restaurant_performance"
[0m14:29:37.729058 [debug] [Thread-7  ]: On model.zomato.mart_restaurant_performance: create or replace transient table Zomato.marts.mart_restaurant_performance
    
    
    
    as (select 
f.restaurant_id, r.restaurant_name, r.city, r.cuisine, 
count(*) as orders,
sum(iff(f.is_delivered, f.sales_amount, 0)) as revenue, 
round(avg(f.customer_rating),2) as avg_customer_rating,
round(avg(f.delivery_time_min),1) as avg_delivery_min
from Zomato.marts.fct_orders f 
left join Zomato.marts.dim_restaurants r using (restaurant_id) 
group by 1,2,3,4
    )

/* {"app": "dbt", "dbt_version": "1.10.22", "profile_name": "zomato", "target_name": "dev", "node_id": "model.zomato.mart_restaurant_performance"} */;
[0m14:29:37.902422 [debug] [Thread-7  ]: Snowflake adapter: Snowflake query id: 01c63a1b-3203-180e-0017-e2020003e082
[0m14:29:37.903496 [debug] [Thread-7  ]: Snowflake adapter: Snowflake error: 000904 (42000): SQL compilation error: error line 8 at position 8
invalid identifier 'F.IS_DELIVERED'
[0m14:29:37.922690 [debug] [Thread-2  ]: Snowflake adapter: Snowflake query id: 01c63a1b-3203-180e-0017-e2020003e07e
[0m14:29:37.929673 [debug] [Thread-2  ]: Snowflake adapter: Snowflake error: 000904 (42000): SQL compilation error: error line 7 at position 9
invalid identifier 'IS_DELIVERED'
[0m14:29:37.930741 [debug] [Thread-7  ]: Database Error in model mart_restaurant_performance (models/marts/mart_restaurant_performance.sql)
  000904 (42000): SQL compilation error: error line 8 at position 8
  invalid identifier 'F.IS_DELIVERED'
  compiled code at target/run/zomato/models/marts/mart_restaurant_performance.sql
[0m14:29:37.931489 [debug] [Thread-7  ]: Sending event: {'category': 'dbt', 'action': 'run_model', 'label': 'e25d5513-9953-4226-849f-06a4462d9ec2', 'context': [<snowplow_tracker.self_describing_json.SelfDescribingJson object at 0x128b9bbb0>]}
[0m14:29:37.932387 [error] [Thread-7  ]: 10 of 10 ERROR creating sql table model marts.mart_restaurant_performance ...... [[31mERROR[0m in 0.25s]
[0m14:29:37.933244 [debug] [Thread-7  ]: Finished running node model.zomato.mart_restaurant_performance
[0m14:29:37.933992 [debug] [Thread-11 ]: Marking all children of 'model.zomato.mart_restaurant_performance' to be skipped because of status 'error'.  Reason: Database Error in model mart_restaurant_performance (models/marts/mart_restaurant_performance.sql)
  000904 (42000): SQL compilation error: error line 8 at position 8
  invalid identifier 'F.IS_DELIVERED'
  compiled code at target/run/zomato/models/marts/mart_restaurant_performance.sql.
[0m14:29:37.945726 [debug] [Thread-2  ]: Database Error in model mart_delivery_sla (models/marts/mart_delivery_sla.sql)
  000904 (42000): SQL compilation error: error line 7 at position 9
  invalid identifier 'IS_DELIVERED'
  compiled code at target/run/zomato/models/marts/mart_delivery_sla.sql
[0m14:29:37.946555 [debug] [Thread-2  ]: Sending event: {'category': 'dbt', 'action': 'run_model', 'label': 'e25d5513-9953-4226-849f-06a4462d9ec2', 'context': [<snowplow_tracker.self_describing_json.SelfDescribingJson object at 0x128bb8220>]}
[0m14:29:37.947445 [error] [Thread-2  ]: 9 of 10 ERROR creating sql table model marts.mart_delivery_sla ................. [[31mERROR[0m in 0.26s]
[0m14:29:37.948300 [debug] [Thread-2  ]: Finished running node model.zomato.mart_delivery_sla
[0m14:29:37.949058 [debug] [Thread-11 ]: Marking all children of 'model.zomato.mart_delivery_sla' to be skipped because of status 'error'.  Reason: Database Error in model mart_delivery_sla (models/marts/mart_delivery_sla.sql)
  000904 (42000): SQL compilation error: error line 7 at position 9
  invalid identifier 'IS_DELIVERED'
  compiled code at target/run/zomato/models/marts/mart_delivery_sla.sql.
[0m14:29:38.519264 [debug] [Thread-8  ]: Snowflake adapter: Snowflake query id: 01c63a1b-3203-180e-0017-e2020003e086
[0m14:29:38.520023 [debug] [Thread-8  ]: Snowflake adapter: Snowflake error: 000904 (42000): SQL compilation error: error line 9 at position 9
invalid identifier 'IS_DELIVERED'
[0m14:29:38.533472 [debug] [Thread-8  ]: Database Error in model mart_daily_city_revenune (models/marts/mart_daily_city_revenune.sql)
  000904 (42000): SQL compilation error: error line 9 at position 9
  invalid identifier 'IS_DELIVERED'
  compiled code at target/run/zomato/models/marts/mart_daily_city_revenune.sql
[0m14:29:38.534287 [debug] [Thread-8  ]: Sending event: {'category': 'dbt', 'action': 'run_model', 'label': 'e25d5513-9953-4226-849f-06a4462d9ec2', 'context': [<snowplow_tracker.self_describing_json.SelfDescribingJson object at 0x128b979d0>]}
[0m14:29:38.535276 [error] [Thread-8  ]: 8 of 10 ERROR creating sql table model marts.mart_daily_city_revenune .......... [[31mERROR[0m in 0.85s]
[0m14:29:38.536238 [debug] [Thread-8  ]: Finished running node model.zomato.mart_daily_city_revenune
[0m14:29:38.537090 [debug] [Thread-11 ]: Marking all children of 'model.zomato.mart_daily_city_revenune' to be skipped because of status 'error'.  Reason: Database Error in model mart_daily_city_revenune (models/marts/mart_daily_city_revenune.sql)
  000904 (42000): SQL compilation error: error line 9 at position 9
  invalid identifier 'IS_DELIVERED'
  compiled code at target/run/zomato/models/marts/mart_daily_city_revenune.sql.
[0m14:29:39.803278 [debug] [Thread-5  ]: SQL status: SUCCESS 1 in 10.891 seconds
[0m14:29:39.809570 [debug] [Thread-5  ]: Applying DROP to: Zomato.marts.fact_order_items__dbt_tmp
[0m14:29:39.810807 [debug] [Thread-5  ]: Using snowflake connection "model.zomato.fact_order_items"
[0m14:29:39.811459 [debug] [Thread-5  ]: On model.zomato.fact_order_items: drop view if exists Zomato.marts.fact_order_items__dbt_tmp cascade
/* {"app": "dbt", "dbt_version": "1.10.22", "profile_name": "zomato", "target_name": "dev", "node_id": "model.zomato.fact_order_items"} */
[0m14:29:39.937359 [debug] [Thread-5  ]: SQL status: SUCCESS 1 in 0.125 seconds
[0m14:29:39.941113 [debug] [Thread-5  ]: Sending event: {'category': 'dbt', 'action': 'run_model', 'label': 'e25d5513-9953-4226-849f-06a4462d9ec2', 'context': [<snowplow_tracker.self_describing_json.SelfDescribingJson object at 0x1289228e0>]}
[0m14:29:39.942257 [info ] [Thread-5  ]: 5 of 10 OK created sql incremental model marts.fact_order_items ................ [[32mSUCCESS 1[0m in 11.29s]
[0m14:29:39.943259 [debug] [Thread-5  ]: Finished running node model.zomato.fact_order_items
[0m14:29:39.945281 [debug] [MainThread]: Connection 'master' was properly closed.
[0m14:29:39.945825 [debug] [MainThread]: Connection 'model.zomato.dim_customer' was left open.
[0m14:29:39.946371 [debug] [MainThread]: On model.zomato.dim_customer: Close
[0m14:29:40.169833 [debug] [MainThread]: Connection 'model.zomato.mart_delivery_sla' was left open.
[0m14:29:40.170636 [debug] [MainThread]: On model.zomato.mart_delivery_sla: Close
[0m14:29:40.404977 [debug] [MainThread]: Connection 'model.zomato.dim_food' was left open.
[0m14:29:40.405743 [debug] [MainThread]: On model.zomato.dim_food: Close
[0m14:29:40.617322 [debug] [MainThread]: Connection 'model.zomato.dim_restaurants' was left open.
[0m14:29:40.618094 [debug] [MainThread]: On model.zomato.dim_restaurants: Close
[0m14:29:40.813514 [debug] [MainThread]: Connection 'model.zomato.fact_order_items' was left open.
[0m14:29:40.814286 [debug] [MainThread]: On model.zomato.fact_order_items: Close
[0m14:29:41.013489 [debug] [MainThread]: Connection 'model.zomato.fct_orders' was left open.
[0m14:29:41.014331 [debug] [MainThread]: On model.zomato.fct_orders: Close
[0m14:29:41.243103 [debug] [MainThread]: Connection 'model.zomato.mart_restaurant_performance' was left open.
[0m14:29:41.243865 [debug] [MainThread]: On model.zomato.mart_restaurant_performance: Close
[0m14:29:41.474374 [debug] [MainThread]: Connection 'model.zomato.mart_daily_city_revenune' was left open.
[0m14:29:41.475145 [debug] [MainThread]: On model.zomato.mart_daily_city_revenune: Close
[0m14:29:41.728065 [info ] [MainThread]: 
[0m14:29:41.728894 [info ] [MainThread]: Finished running 2 incremental models, 8 table models in 0 hours 0 minutes and 20.24 seconds (20.24s).
[0m14:29:41.732338 [debug] [MainThread]: Command end result
[0m14:29:41.945175 [debug] [MainThread]: Wrote artifact WritableManifest to /Users/mac/projects/DE project/zomato_ai_project/zomato/target/manifest.json
[0m14:29:41.947741 [debug] [MainThread]: Wrote artifact SemanticManifest to /Users/mac/projects/DE project/zomato_ai_project/zomato/target/semantic_manifest.json
[0m14:29:41.958258 [debug] [MainThread]: Wrote artifact RunExecutionResult to /Users/mac/projects/DE project/zomato_ai_project/zomato/target/run_results.json
[0m14:29:41.958800 [info ] [MainThread]: 
[0m14:29:41.959433 [info ] [MainThread]: [31mCompleted with 4 errors, 0 partial successes, and 0 warnings:[0m
[0m14:29:41.960006 [info ] [MainThread]: 
[0m14:29:41.960672 [error] [MainThread]: [31mFailure in model mart_review_insights (models/marts/mart_review_insights.sql)[0m
[0m14:29:41.961331 [error] [MainThread]:   Database Error in model mart_review_insights (models/marts/mart_review_insights.sql)
  002003 (42S02): SQL compilation error:
  Object 'ZOMATO.AI.REVIEW_ENRICHED' does not exist or not authorized.
  compiled code at target/run/zomato/models/marts/mart_review_insights.sql
[0m14:29:41.961875 [info ] [MainThread]: 
[0m14:29:41.962661 [info ] [MainThread]:   compiled code at target/compiled/zomato/models/marts/mart_review_insights.sql
[0m14:29:41.963250 [info ] [MainThread]: 
[0m14:29:41.963935 [error] [MainThread]: [31mFailure in model mart_restaurant_performance (models/marts/mart_restaurant_performance.sql)[0m
[0m14:29:41.964608 [error] [MainThread]:   Database Error in model mart_restaurant_performance (models/marts/mart_restaurant_performance.sql)
  000904 (42000): SQL compilation error: error line 8 at position 8
  invalid identifier 'F.IS_DELIVERED'
  compiled code at target/run/zomato/models/marts/mart_restaurant_performance.sql
[0m14:29:41.965157 [info ] [MainThread]: 
[0m14:29:41.965870 [info ] [MainThread]:   compiled code at target/compiled/zomato/models/marts/mart_restaurant_performance.sql
[0m14:29:41.966497 [info ] [MainThread]: 
[0m14:29:41.967136 [error] [MainThread]: [31mFailure in model mart_delivery_sla (models/marts/mart_delivery_sla.sql)[0m
[0m14:29:41.967768 [error] [MainThread]:   Database Error in model mart_delivery_sla (models/marts/mart_delivery_sla.sql)
  000904 (42000): SQL compilation error: error line 7 at position 9
  invalid identifier 'IS_DELIVERED'
  compiled code at target/run/zomato/models/marts/mart_delivery_sla.sql
[0m14:29:41.968297 [info ] [MainThread]: 
[0m14:29:41.968990 [info ] [MainThread]:   compiled code at target/compiled/zomato/models/marts/mart_delivery_sla.sql
[0m14:29:41.969538 [info ] [MainThread]: 
[0m14:29:41.970165 [error] [MainThread]: [31mFailure in model mart_daily_city_revenune (models/marts/mart_daily_city_revenune.sql)[0m
[0m14:29:41.970794 [error] [MainThread]:   Database Error in model mart_daily_city_revenune (models/marts/mart_daily_city_revenune.sql)
  000904 (42000): SQL compilation error: error line 9 at position 9
  invalid identifier 'IS_DELIVERED'
  compiled code at target/run/zomato/models/marts/mart_daily_city_revenune.sql
[0m14:29:41.971315 [info ] [MainThread]: 
[0m14:29:41.971915 [info ] [MainThread]:   compiled code at target/compiled/zomato/models/marts/mart_daily_city_revenune.sql
[0m14:29:41.972456 [info ] [MainThread]: 
[0m14:29:41.973017 [info ] [MainThread]: Done. PASS=6 WARN=0 ERROR=4 SKIP=0 NO-OP=0 TOTAL=10
[0m14:29:41.978786 [debug] [MainThread]: Resource report: {"command_name": "run", "command_success": false, "command_wall_clock_time": 23.600454, "process_in_blocks": "0", "process_kernel_time": 1.367593, "process_mem_max_rss": "236867584", "process_out_blocks": "0", "process_user_time": 8.244471}
[0m14:29:41.980068 [debug] [MainThread]: Command `dbt run` failed at 14:29:41.979671 after 23.60 seconds
[0m14:29:41.980925 [debug] [MainThread]: Sending event: {'category': 'dbt', 'action': 'invocation', 'label': 'end', 'context': [<snowplow_tracker.self_describing_json.SelfDescribingJson object at 0x10abd7c70>, <snowplow_tracker.self_describing_json.SelfDescribingJson object at 0x109a5b9a0>, <snowplow_tracker.self_describing_json.SelfDescribingJson object at 0x109977460>]}
[0m14:29:41.981582 [debug] [MainThread]: Flushing usage events
[0m14:29:43.743920 [debug] [MainThread]: An error was encountered while trying to flush usage events
[0m14:33:36.703526 [debug] [MainThread]: Sending event: {'category': 'dbt', 'action': 'invocation', 'label': 'start', 'context': [<snowplow_tracker.self_describing_json.SelfDescribingJson object at 0x10857fd90>, <snowplow_tracker.self_describing_json.SelfDescribingJson object at 0x109b09520>, <snowplow_tracker.self_describing_json.SelfDescribingJson object at 0x109b09340>]}


============================== 14:33:36.710652 | 0ca6929b-2a8a-4e5f-ae33-0176003733dc ==============================
[0m14:33:36.710652 [info ] [MainThread]: Running with dbt=1.10.22
[0m14:33:36.711610 [debug] [MainThread]: running dbt with arguments {'write_json': 'True', 'send_anonymous_usage_stats': 'True', 'introspect': 'True', 'fail_fast': 'False', 'version_check': 'True', 'printer_width': '80', 'log_path': '/Users/mac/projects/DE project/zomato_ai_project/zomato/logs', 'target_path': 'None', 'warn_error': 'None', 'log_cache_events': 'False', 'no_print': 'None', 'profiles_dir': '/Users/mac/.dbt', 'log_format': 'default', 'empty': 'False', 'use_colors': 'True', 'static_parser': 'True', 'cache_selected_only': 'False', 'indirect_selection': 'eager', 'invocation_command': 'dbt run --select fct_orders --full-refresh', 'quiet': 'False', 'partial_parse': 'True', 'debug': 'False', 'use_experimental_parser': 'False', 'warn_error_options': 'WarnErrorOptionsV2(error=[], warn=[], silence=[])'}
[0m14:33:38.341941 [debug] [MainThread]: Sending event: {'category': 'dbt', 'action': 'project_id', 'label': '0ca6929b-2a8a-4e5f-ae33-0176003733dc', 'context': [<snowplow_tracker.self_describing_json.SelfDescribingJson object at 0x1073025b0>]}
[0m14:33:38.446208 [debug] [MainThread]: Sending event: {'category': 'dbt', 'action': 'adapter_info', 'label': '0ca6929b-2a8a-4e5f-ae33-0176003733dc', 'context': [<snowplow_tracker.self_describing_json.SelfDescribingJson object at 0x11e8301c0>]}
[0m14:33:38.447706 [info ] [MainThread]: Registered adapter: snowflake=1.10.2
[0m14:33:38.889495 [debug] [MainThread]: checksum: 04c83ee057a648a2f8e380c895ffead170732fa039f068d62b9d36aaeefaf7cc, vars: {}, profile: , target: , version: 1.10.22
[0m14:33:39.145436 [debug] [MainThread]: Partial parsing enabled: 0 files deleted, 0 files added, 1 files changed.
[0m14:33:39.146187 [debug] [MainThread]: Partial parsing: updated file: zomato://models/marts/fct_orders.sql
[0m14:33:39.666858 [warn ] [MainThread]: [[33mWARNING[0m]: Configuration paths exist in your dbt_project.yml file which do not apply to any resources.
There are 1 unused configuration paths:
- snapshots.zomato
[0m14:33:39.686238 [debug] [MainThread]: Sending event: {'category': 'dbt', 'action': 'load_project', 'label': '0ca6929b-2a8a-4e5f-ae33-0176003733dc', 'context': [<snowplow_tracker.self_describing_json.SelfDescribingJson object at 0x11eed9130>]}
[0m14:33:39.801526 [debug] [MainThread]: Wrote artifact WritableManifest to /Users/mac/projects/DE project/zomato_ai_project/zomato/target/manifest.json
[0m14:33:39.804516 [debug] [MainThread]: Wrote artifact SemanticManifest to /Users/mac/projects/DE project/zomato_ai_project/zomato/target/semantic_manifest.json
[0m14:33:39.838675 [debug] [MainThread]: Sending event: {'category': 'dbt', 'action': 'resource_counts', 'label': '0ca6929b-2a8a-4e5f-ae33-0176003733dc', 'context': [<snowplow_tracker.self_describing_json.SelfDescribingJson object at 0x11ecfdc40>]}
[0m14:33:39.839490 [info ] [MainThread]: Found 17 models, 8 sources, 493 macros
[0m14:33:39.840106 [debug] [MainThread]: Sending event: {'category': 'dbt', 'action': 'runnable_timing', 'label': '0ca6929b-2a8a-4e5f-ae33-0176003733dc', 'context': [<snowplow_tracker.self_describing_json.SelfDescribingJson object at 0x11e955880>]}
[0m14:33:39.842126 [info ] [MainThread]: 
[0m14:33:39.842756 [info ] [MainThread]: Concurrency: 8 threads (target='dev')
[0m14:33:39.843297 [info ] [MainThread]: 
[0m14:33:39.844076 [debug] [MainThread]: Acquiring new snowflake connection 'master'
[0m14:33:39.845325 [debug] [ThreadPool]: Acquiring new snowflake connection 'list_Zomato'
[0m14:33:39.941465 [debug] [ThreadPool]: Using snowflake connection "list_Zomato"
[0m14:33:39.942074 [debug] [ThreadPool]: On list_Zomato: show terse schemas in database Zomato
    limit 10000
/* {"app": "dbt", "dbt_version": "1.10.22", "profile_name": "zomato", "target_name": "dev", "connection_name": "list_Zomato"} */
[0m14:33:39.942548 [debug] [ThreadPool]: Opening a new connection, currently in state init
[0m14:33:43.706577 [debug] [ThreadPool]: SQL status: SUCCESS 8 in 3.764 seconds
[0m14:33:43.718907 [debug] [ThreadPool]: Re-using an available connection from the pool (formerly list_Zomato, now list_Zomato_marts)
[0m14:33:43.719794 [debug] [ThreadPool]: Acquiring new snowflake connection 'list_Zomato_staging'
[0m14:33:43.745541 [debug] [ThreadPool]: Using snowflake connection "list_Zomato_marts"
[0m14:33:43.752972 [debug] [ThreadPool]: Using snowflake connection "list_Zomato_staging"
[0m14:33:43.753479 [debug] [ThreadPool]: On list_Zomato_marts: show objects in Zomato.marts
    limit 10000
    

/* {"app": "dbt", "dbt_version": "1.10.22", "profile_name": "zomato", "target_name": "dev", "connection_name": "list_Zomato_marts"} */;
[0m14:33:43.754014 [debug] [ThreadPool]: On list_Zomato_staging: show objects in Zomato.staging
    limit 10000
    

/* {"app": "dbt", "dbt_version": "1.10.22", "profile_name": "zomato", "target_name": "dev", "connection_name": "list_Zomato_staging"} */;
[0m14:33:43.754903 [debug] [ThreadPool]: Opening a new connection, currently in state init
[0m14:33:43.941957 [debug] [ThreadPool]: SQL status: SUCCESS 6 in 0.187 seconds
[0m14:33:46.774592 [debug] [ThreadPool]: SQL status: SUCCESS 7 in 3.020 seconds
[0m14:33:46.780226 [debug] [MainThread]: Sending event: {'category': 'dbt', 'action': 'runnable_timing', 'label': '0ca6929b-2a8a-4e5f-ae33-0176003733dc', 'context': [<snowplow_tracker.self_describing_json.SelfDescribingJson object at 0x11eee5df0>]}
[0m14:33:46.785430 [debug] [Thread-1  ]: Began running node model.zomato.fct_orders
[0m14:33:46.786364 [info ] [Thread-1  ]: 1 of 1 START sql incremental model marts.fct_orders ............................ [RUN]
[0m14:33:46.787130 [debug] [Thread-1  ]: Re-using an available connection from the pool (formerly list_Zomato_marts, now model.zomato.fct_orders)
[0m14:33:46.787758 [debug] [Thread-1  ]: Began compiling node model.zomato.fct_orders
[0m14:33:46.805686 [debug] [Thread-1  ]: Writing injected SQL for node "model.zomato.fct_orders"
[0m14:33:46.806967 [debug] [Thread-1  ]: Began executing node model.zomato.fct_orders
[0m14:33:46.883832 [debug] [Thread-1  ]: Writing runtime sql for node "model.zomato.fct_orders"
[0m14:33:46.885456 [debug] [Thread-1  ]: Using snowflake connection "model.zomato.fct_orders"
[0m14:33:46.885943 [debug] [Thread-1  ]: On model.zomato.fct_orders: create or replace transient table Zomato.marts.fct_orders
    
    
    
    as (
select
    order_id,
    order_timestamp,
    order_date,
    user_id as customer_id,
    r_id as restaurant_id,
    restaurant_city as city,
    cuisine,
    payment_method,
    order_status,
    case when order_status = 'Delivered' then true else false end as is_delivered,
    items_count,
    sales_qty,
    subtotal,
    discount,
    delivery_fee,
    gst,
    sales_amount,
    customer_rating,
    delivery_time_min
from Zomato.staging.stg_orders

    )

/* {"app": "dbt", "dbt_version": "1.10.22", "profile_name": "zomato", "target_name": "dev", "node_id": "model.zomato.fct_orders"} */;
[0m14:33:52.202682 [debug] [Thread-1  ]: SQL status: SUCCESS 1 in 5.316 seconds
[0m14:33:52.216762 [debug] [Thread-1  ]: Applying DROP to: Zomato.marts.fct_orders__dbt_tmp
[0m14:33:52.225416 [debug] [Thread-1  ]: Using snowflake connection "model.zomato.fct_orders"
[0m14:33:52.226058 [debug] [Thread-1  ]: On model.zomato.fct_orders: drop view if exists Zomato.marts.fct_orders__dbt_tmp cascade
/* {"app": "dbt", "dbt_version": "1.10.22", "profile_name": "zomato", "target_name": "dev", "node_id": "model.zomato.fct_orders"} */
[0m14:33:52.346085 [debug] [Thread-1  ]: SQL status: SUCCESS 1 in 0.119 seconds
[0m14:33:52.378455 [debug] [Thread-1  ]: Sending event: {'category': 'dbt', 'action': 'run_model', 'label': '0ca6929b-2a8a-4e5f-ae33-0176003733dc', 'context': [<snowplow_tracker.self_describing_json.SelfDescribingJson object at 0x12617c760>]}
[0m14:33:52.379435 [info ] [Thread-1  ]: 1 of 1 OK created sql incremental model marts.fct_orders ....................... [[32mSUCCESS 1[0m in 5.59s]
[0m14:33:52.380317 [debug] [Thread-1  ]: Finished running node model.zomato.fct_orders
[0m14:33:52.381972 [debug] [MainThread]: Connection 'master' was properly closed.
[0m14:33:52.382456 [debug] [MainThread]: Connection 'model.zomato.fct_orders' was left open.
[0m14:33:52.382933 [debug] [MainThread]: On model.zomato.fct_orders: Close
[0m14:33:52.563394 [debug] [MainThread]: Connection 'list_Zomato_staging' was left open.
[0m14:33:52.564165 [debug] [MainThread]: On list_Zomato_staging: Close
[0m14:33:52.776199 [info ] [MainThread]: 
[0m14:33:52.777026 [info ] [MainThread]: Finished running 1 incremental model in 0 hours 0 minutes and 12.93 seconds (12.93s).
[0m14:33:52.778372 [debug] [MainThread]: Command end result
[0m14:33:52.822409 [debug] [MainThread]: Wrote artifact WritableManifest to /Users/mac/projects/DE project/zomato_ai_project/zomato/target/manifest.json
[0m14:33:52.824987 [debug] [MainThread]: Wrote artifact SemanticManifest to /Users/mac/projects/DE project/zomato_ai_project/zomato/target/semantic_manifest.json
[0m14:33:52.834524 [debug] [MainThread]: Wrote artifact RunExecutionResult to /Users/mac/projects/DE project/zomato_ai_project/zomato/target/run_results.json
[0m14:33:52.835040 [info ] [MainThread]: 
[0m14:33:52.835700 [info ] [MainThread]: [32mCompleted successfully[0m
[0m14:33:52.836229 [info ] [MainThread]: 
[0m14:33:52.836774 [info ] [MainThread]: Done. PASS=1 WARN=0 ERROR=0 SKIP=0 NO-OP=0 TOTAL=1
[0m14:33:52.841526 [debug] [MainThread]: Resource report: {"command_name": "run", "command_success": true, "command_wall_clock_time": 16.29519, "process_in_blocks": "0", "process_kernel_time": 1.345553, "process_mem_max_rss": "224362496", "process_out_blocks": "0", "process_user_time": 7.203194}
[0m14:33:52.842152 [debug] [MainThread]: Command `dbt run` succeeded at 14:33:52.842010 after 16.30 seconds
[0m14:33:52.842709 [debug] [MainThread]: Sending event: {'category': 'dbt', 'action': 'invocation', 'label': 'end', 'context': [<snowplow_tracker.self_describing_json.SelfDescribingJson object at 0x10857fd90>, <snowplow_tracker.self_describing_json.SelfDescribingJson object at 0x11e714460>, <snowplow_tracker.self_describing_json.SelfDescribingJson object at 0x11ecfdcd0>]}
[0m14:33:52.843271 [debug] [MainThread]: Flushing usage events
[0m14:33:55.789921 [debug] [MainThread]: An error was encountered while trying to flush usage events
[0m14:34:05.006564 [debug] [MainThread]: Sending event: {'category': 'dbt', 'action': 'invocation', 'label': 'start', 'context': [<snowplow_tracker.self_describing_json.SelfDescribingJson object at 0x1134ffa60>, <snowplow_tracker.self_describing_json.SelfDescribingJson object at 0x114a745e0>, <snowplow_tracker.self_describing_json.SelfDescribingJson object at 0x114a74400>]}


============================== 14:34:05.011688 | e0c30352-5151-4fdf-9871-505883c62f2a ==============================
[0m14:34:05.011688 [info ] [MainThread]: Running with dbt=1.10.22
[0m14:34:05.012495 [debug] [MainThread]: running dbt with arguments {'warn_error_options': 'WarnErrorOptionsV2(error=[], warn=[], silence=[])', 'warn_error': 'None', 'no_print': 'None', 'profiles_dir': '/Users/mac/.dbt', 'static_parser': 'True', 'target_path': 'None', 'version_check': 'True', 'debug': 'False', 'cache_selected_only': 'False', 'use_colors': 'True', 'log_format': 'default', 'introspect': 'True', 'quiet': 'False', 'partial_parse': 'True', 'log_cache_events': 'False', 'printer_width': '80', 'invocation_command': 'dbt run --select marts', 'indirect_selection': 'eager', 'use_experimental_parser': 'False', 'send_anonymous_usage_stats': 'True', 'empty': 'False', 'fail_fast': 'False', 'log_path': '/Users/mac/projects/DE project/zomato_ai_project/zomato/logs', 'write_json': 'True'}
[0m14:34:05.995623 [debug] [MainThread]: Sending event: {'category': 'dbt', 'action': 'project_id', 'label': 'e0c30352-5151-4fdf-9871-505883c62f2a', 'context': [<snowplow_tracker.self_describing_json.SelfDescribingJson object at 0x112149730>]}
[0m14:34:06.092110 [debug] [MainThread]: Sending event: {'category': 'dbt', 'action': 'adapter_info', 'label': 'e0c30352-5151-4fdf-9871-505883c62f2a', 'context': [<snowplow_tracker.self_describing_json.SelfDescribingJson object at 0x12956b310>]}
[0m14:34:06.093075 [info ] [MainThread]: Registered adapter: snowflake=1.10.2
[0m14:34:06.329834 [debug] [MainThread]: checksum: 04c83ee057a648a2f8e380c895ffead170732fa039f068d62b9d36aaeefaf7cc, vars: {}, profile: , target: , version: 1.10.22
[0m14:34:06.494206 [debug] [MainThread]: Partial parsing enabled: 0 files deleted, 0 files added, 0 files changed.
[0m14:34:06.494694 [debug] [MainThread]: Partial parsing enabled, no changes found, skipping parsing
[0m14:34:06.502550 [warn ] [MainThread]: [[33mWARNING[0m]: Configuration paths exist in your dbt_project.yml file which do not apply to any resources.
There are 1 unused configuration paths:
- snapshots.zomato
[0m14:34:06.546063 [debug] [MainThread]: Sending event: {'category': 'dbt', 'action': 'load_project', 'label': 'e0c30352-5151-4fdf-9871-505883c62f2a', 'context': [<snowplow_tracker.self_describing_json.SelfDescribingJson object at 0x129ccfe20>]}
[0m14:34:06.797304 [debug] [MainThread]: Wrote artifact WritableManifest to /Users/mac/projects/DE project/zomato_ai_project/zomato/target/manifest.json
[0m14:34:06.799422 [debug] [MainThread]: Wrote artifact SemanticManifest to /Users/mac/projects/DE project/zomato_ai_project/zomato/target/semantic_manifest.json
[0m14:34:06.813777 [debug] [MainThread]: Sending event: {'category': 'dbt', 'action': 'resource_counts', 'label': 'e0c30352-5151-4fdf-9871-505883c62f2a', 'context': [<snowplow_tracker.self_describing_json.SelfDescribingJson object at 0x1297810d0>]}
[0m14:34:06.814388 [info ] [MainThread]: Found 17 models, 8 sources, 493 macros
[0m14:34:06.814859 [debug] [MainThread]: Sending event: {'category': 'dbt', 'action': 'runnable_timing', 'label': 'e0c30352-5151-4fdf-9871-505883c62f2a', 'context': [<snowplow_tracker.self_describing_json.SelfDescribingJson object at 0x129774700>]}
[0m14:34:06.816499 [info ] [MainThread]: 
[0m14:34:06.816963 [info ] [MainThread]: Concurrency: 8 threads (target='dev')
[0m14:34:06.817341 [info ] [MainThread]: 
[0m14:34:06.817932 [debug] [MainThread]: Acquiring new snowflake connection 'master'
[0m14:34:06.825351 [debug] [ThreadPool]: Acquiring new snowflake connection 'list_Zomato'
[0m14:34:06.912523 [debug] [ThreadPool]: Using snowflake connection "list_Zomato"
[0m14:34:06.913014 [debug] [ThreadPool]: On list_Zomato: show terse schemas in database Zomato
    limit 10000
/* {"app": "dbt", "dbt_version": "1.10.22", "profile_name": "zomato", "target_name": "dev", "connection_name": "list_Zomato"} */
[0m14:34:06.913411 [debug] [ThreadPool]: Opening a new connection, currently in state init
[0m14:34:10.291562 [debug] [ThreadPool]: SQL status: SUCCESS 8 in 3.378 seconds
[0m14:34:10.297106 [debug] [ThreadPool]: Re-using an available connection from the pool (formerly list_Zomato, now list_Zomato_marts)
[0m14:34:10.298039 [debug] [ThreadPool]: Acquiring new snowflake connection 'list_Zomato_staging'
[0m14:34:10.323189 [debug] [ThreadPool]: Using snowflake connection "list_Zomato_marts"
[0m14:34:10.323805 [debug] [ThreadPool]: Using snowflake connection "list_Zomato_staging"
[0m14:34:10.324328 [debug] [ThreadPool]: On list_Zomato_marts: show objects in Zomato.marts
    limit 10000
    

/* {"app": "dbt", "dbt_version": "1.10.22", "profile_name": "zomato", "target_name": "dev", "connection_name": "list_Zomato_marts"} */;
[0m14:34:10.324897 [debug] [ThreadPool]: On list_Zomato_staging: show objects in Zomato.staging
    limit 10000
    

/* {"app": "dbt", "dbt_version": "1.10.22", "profile_name": "zomato", "target_name": "dev", "connection_name": "list_Zomato_staging"} */;
[0m14:34:10.326840 [debug] [ThreadPool]: Opening a new connection, currently in state init
[0m14:34:10.522850 [debug] [ThreadPool]: SQL status: SUCCESS 6 in 0.197 seconds
[0m14:34:13.483700 [debug] [ThreadPool]: SQL status: SUCCESS 7 in 3.157 seconds
[0m14:34:13.489595 [debug] [MainThread]: Sending event: {'category': 'dbt', 'action': 'runnable_timing', 'label': 'e0c30352-5151-4fdf-9871-505883c62f2a', 'context': [<snowplow_tracker.self_describing_json.SelfDescribingJson object at 0x112345c40>]}
[0m14:34:13.493484 [debug] [Thread-1  ]: Began running node model.zomato.dim_customer
[0m14:34:13.494463 [debug] [Thread-2  ]: Began running node model.zomato.dim_date
[0m14:34:13.495285 [info ] [Thread-1  ]: 1 of 10 START sql table model marts.dim_customer ............................... [RUN]
[0m14:34:13.496220 [info ] [Thread-2  ]: 2 of 10 START sql table model marts.dim_date ................................... [RUN]
[0m14:34:13.497001 [debug] [Thread-3  ]: Began running node model.zomato.dim_food
[0m14:34:13.497679 [debug] [Thread-1  ]: Re-using an available connection from the pool (formerly list_Zomato_marts, now model.zomato.dim_customer)
[0m14:34:13.498327 [debug] [Thread-4  ]: Began running node model.zomato.dim_restaurants
[0m14:34:13.499033 [debug] [Thread-5  ]: Began running node model.zomato.fact_order_items
[0m14:34:13.499650 [debug] [Thread-6  ]: Began running node model.zomato.fct_orders
[0m14:34:13.500263 [debug] [Thread-2  ]: Re-using an available connection from the pool (formerly list_Zomato_staging, now model.zomato.dim_date)
[0m14:34:13.500867 [debug] [Thread-7  ]: Began running node model.zomato.mart_review_insights
[0m14:34:13.501659 [info ] [Thread-3  ]: 3 of 10 START sql table model marts.dim_food ................................... [RUN]
[0m14:34:13.502505 [debug] [Thread-1  ]: Began compiling node model.zomato.dim_customer
[0m14:34:13.503438 [info ] [Thread-4  ]: 4 of 10 START sql table model marts.dim_restaurants ............................ [RUN]
[0m14:34:13.504362 [info ] [Thread-5  ]: 5 of 10 START sql incremental model marts.fact_order_items ..................... [RUN]
[0m14:34:13.505268 [info ] [Thread-6  ]: 6 of 10 START sql incremental model marts.fct_orders ........................... [RUN]
[0m14:34:13.506026 [debug] [Thread-2  ]: Began compiling node model.zomato.dim_date
[0m14:34:13.506823 [info ] [Thread-7  ]: 7 of 10 START sql table model marts.mart_review_insights ....................... [RUN]
[0m14:34:13.507778 [debug] [Thread-3  ]: Acquiring new snowflake connection 'model.zomato.dim_food'
[0m14:34:13.520688 [debug] [Thread-4  ]: Acquiring new snowflake connection 'model.zomato.dim_restaurants'
[0m14:34:13.523899 [debug] [Thread-1  ]: Writing injected SQL for node "model.zomato.dim_customer"
[0m14:34:13.524875 [debug] [Thread-5  ]: Acquiring new snowflake connection 'model.zomato.fact_order_items'
[0m14:34:13.525689 [debug] [Thread-6  ]: Acquiring new snowflake connection 'model.zomato.fct_orders'
[0m14:34:13.529616 [debug] [Thread-2  ]: Writing injected SQL for node "model.zomato.dim_date"
[0m14:34:13.530882 [debug] [Thread-7  ]: Acquiring new snowflake connection 'model.zomato.mart_review_insights'
[0m14:34:13.531636 [debug] [Thread-3  ]: Began compiling node model.zomato.dim_food
[0m14:34:13.532289 [debug] [Thread-4  ]: Began compiling node model.zomato.dim_restaurants
[0m14:34:13.533144 [debug] [Thread-5  ]: Began compiling node model.zomato.fact_order_items
[0m14:34:13.533831 [debug] [Thread-6  ]: Began compiling node model.zomato.fct_orders
[0m14:34:13.534901 [debug] [Thread-7  ]: Began compiling node model.zomato.mart_review_insights
[0m14:34:13.535627 [debug] [Thread-1  ]: Began executing node model.zomato.dim_customer
[0m14:34:13.540350 [debug] [Thread-3  ]: Writing injected SQL for node "model.zomato.dim_food"
[0m14:34:13.545347 [debug] [Thread-4  ]: Writing injected SQL for node "model.zomato.dim_restaurants"
[0m14:34:13.546031 [debug] [Thread-2  ]: Began executing node model.zomato.dim_date
[0m14:34:13.565636 [debug] [Thread-5  ]: Writing injected SQL for node "model.zomato.fact_order_items"
[0m14:34:13.568854 [debug] [Thread-6  ]: Writing injected SQL for node "model.zomato.fct_orders"
[0m14:34:13.573672 [debug] [Thread-7  ]: Writing injected SQL for node "model.zomato.mart_review_insights"
[0m14:34:13.599263 [debug] [Thread-3  ]: Began executing node model.zomato.dim_food
[0m14:34:13.621618 [debug] [Thread-1  ]: Writing runtime sql for node "model.zomato.dim_customer"
[0m14:34:13.628068 [debug] [Thread-2  ]: Writing runtime sql for node "model.zomato.dim_date"
[0m14:34:13.629123 [debug] [Thread-4  ]: Began executing node model.zomato.dim_restaurants
[0m14:34:13.629737 [debug] [Thread-5  ]: Began executing node model.zomato.fact_order_items
[0m14:34:13.633197 [debug] [Thread-3  ]: Writing runtime sql for node "model.zomato.dim_food"
[0m14:34:13.633711 [debug] [Thread-6  ]: Began executing node model.zomato.fct_orders
[0m14:34:13.634393 [debug] [Thread-7  ]: Began executing node model.zomato.mart_review_insights
[0m14:34:13.637849 [debug] [Thread-4  ]: Writing runtime sql for node "model.zomato.dim_restaurants"
[0m14:34:13.639138 [debug] [Thread-1  ]: Using snowflake connection "model.zomato.dim_customer"
[0m14:34:13.640241 [debug] [Thread-2  ]: Using snowflake connection "model.zomato.dim_date"
[0m14:34:13.686336 [debug] [Thread-7  ]: Writing runtime sql for node "model.zomato.mart_review_insights"
[0m14:34:13.696449 [debug] [Thread-3  ]: Using snowflake connection "model.zomato.dim_food"
[0m14:34:13.710448 [debug] [Thread-5  ]: Using snowflake connection "model.zomato.fact_order_items"
[0m14:34:13.714388 [debug] [Thread-6  ]: Using snowflake connection "model.zomato.fct_orders"
[0m14:34:13.714897 [debug] [Thread-1  ]: On model.zomato.dim_customer: create or replace transient table Zomato.marts.dim_customer
    
    
    
    as (select
    user_id as customer_id,
    name as customer_name,
    email,
    age,
    CASE WHEN age < 25 then 'Gen Z'
         WHEN age < 40 then 'Millennial'
         WHEN age < 55 then 'Gen X'
         WHEN age is null then 'Unknown'
         ELSE 'Boomer' END as age_segment,
    gender,
    marital_status,
    occupation,
    monthly_income,
    education,
    family_size
from Zomato.staging.stg_users
    )

/* {"app": "dbt", "dbt_version": "1.10.22", "profile_name": "zomato", "target_name": "dev", "node_id": "model.zomato.dim_customer"} */;
[0m14:34:13.715527 [debug] [Thread-2  ]: On model.zomato.dim_date: create or replace transient table Zomato.marts.dim_date
    
    
    
    as (with spine as (
    select dateadd(day, seq4(), '2024-01-01'::date) as date_day 
    from 
    table(generator(rowcount=>1200)))
select date_day, year(date_day) as year, month(date_day) as month, monthname(date_day) as month_name,
       dayname(date_day) as day_name, (dayofweekiso(date_day)>=6) as is_weekend
from spine where date_day <= '2026-12-31'
    )

/* {"app": "dbt", "dbt_version": "1.10.22", "profile_name": "zomato", "target_name": "dev", "node_id": "model.zomato.dim_date"} */;
[0m14:34:13.716451 [debug] [Thread-4  ]: Using snowflake connection "model.zomato.dim_restaurants"
[0m14:34:13.717039 [debug] [Thread-3  ]: On model.zomato.dim_food: create or replace transient table Zomato.marts.dim_food
    
    
    
    as (select
    f_id,
    item as food_name,
    veg_or_non_veg
from Zomato.staging.stg_food
    )

/* {"app": "dbt", "dbt_version": "1.10.22", "profile_name": "zomato", "target_name": "dev", "node_id": "model.zomato.dim_food"} */;
[0m14:34:13.717594 [debug] [Thread-5  ]: On model.zomato.fact_order_items: create or replace  temporary view Zomato.marts.fact_order_items__dbt_tmp
  
  
  
  
  as (
    
select
    oi.order_item_id,
    oi.order_id,
    oi.r_id as restaurant_id,
    oi.f_id,
    o.order_timestamp as order_ts,
    o.order_date,
    o.restaurant_city as city,
    oi.price,
    oi.quantity,
    oi.line_amount
from Zomato.staging.stg_order_items oi
inner join Zomato.staging.stg_orders o using (order_id)

  where o.order_timestamp > (select coalesce(max(order_ts),'1900-01-01'::timestamp) from Zomato.marts.fact_order_items)

  )
/* {"app": "dbt", "dbt_version": "1.10.22", "profile_name": "zomato", "target_name": "dev", "node_id": "model.zomato.fact_order_items"} */;
[0m14:34:13.718179 [debug] [Thread-6  ]: On model.zomato.fct_orders: create or replace  temporary view Zomato.marts.fct_orders__dbt_tmp
  
  
  
  
  as (
    
select
    order_id,
    order_timestamp,
    order_date,
    user_id as customer_id,
    r_id as restaurant_id,
    restaurant_city as city,
    cuisine,
    payment_method,
    order_status,
    case when order_status = 'Delivered' then true else false end as is_delivered,
    items_count,
    sales_qty,
    subtotal,
    discount,
    delivery_fee,
    gst,
    sales_amount,
    customer_rating,
    delivery_time_min
from Zomato.staging.stg_orders

  where order_timestamp > (select coalesce(max(order_timestamp),'1900-01-01'::timestamp) from Zomato.marts.fct_orders)

  )
/* {"app": "dbt", "dbt_version": "1.10.22", "profile_name": "zomato", "target_name": "dev", "node_id": "model.zomato.fct_orders"} */;
[0m14:34:13.719319 [debug] [Thread-7  ]: Using snowflake connection "model.zomato.mart_review_insights"
[0m14:34:13.721928 [debug] [Thread-4  ]: On model.zomato.dim_restaurants: create or replace transient table Zomato.marts.dim_restaurants
    
    
    
    as (select
    id as restaurant_id,
    name as restaurant_name,
    city,
    cuisine,
    rating,
    rating_count,
    cost as cost_for_two
from Zomato.staging.stg_restaurants
    )

/* {"app": "dbt", "dbt_version": "1.10.22", "profile_name": "zomato", "target_name": "dev", "node_id": "model.zomato.dim_restaurants"} */;
[0m14:34:13.722834 [debug] [Thread-3  ]: Opening a new connection, currently in state init
[0m14:34:13.723494 [debug] [Thread-5  ]: Opening a new connection, currently in state init
[0m14:34:13.724553 [debug] [Thread-6  ]: Opening a new connection, currently in state init
[0m14:34:13.725604 [debug] [Thread-7  ]: On model.zomato.mart_review_insights: create or replace transient table Zomato.marts.mart_review_insights
    
    
    
    as (

select 
rr.city,
e.topic,
e.sentiment_label,
count(*) as reviews,
round(avg(e.sentiment_score), 3) as avg_sentiment_score,
round(avg(rr.rating), 2)        as avg_star_rating,
count_if(e.key_issue is not null) as flagged_issues
from ZOMATO.AI.review_enriched e
inner join Zomato.staging.stg_reviews rr using (review_id)
group by 1, 2, 3
    )

/* {"app": "dbt", "dbt_version": "1.10.22", "profile_name": "zomato", "target_name": "dev", "node_id": "model.zomato.mart_review_insights"} */;
[0m14:34:13.726230 [debug] [Thread-4  ]: Opening a new connection, currently in state init
[0m14:34:13.727225 [debug] [Thread-7  ]: Opening a new connection, currently in state init
[0m14:34:14.338184 [debug] [Thread-2  ]: SQL status: SUCCESS 1 in 0.617 seconds
[0m14:34:14.408506 [debug] [Thread-2  ]: Sending event: {'category': 'dbt', 'action': 'run_model', 'label': 'e0c30352-5151-4fdf-9871-505883c62f2a', 'context': [<snowplow_tracker.self_describing_json.SelfDescribingJson object at 0x130cd68b0>]}
[0m14:34:14.427138 [info ] [Thread-2  ]: 2 of 10 OK created sql table model marts.dim_date .............................. [[32mSUCCESS 1[0m in 0.90s]
[0m14:34:14.434743 [debug] [Thread-2  ]: Finished running node model.zomato.dim_date
[0m14:34:14.640125 [debug] [Thread-7  ]: Snowflake adapter: Snowflake query id: 01c63a20-3203-19ff-0017-e2020003daba
[0m14:34:14.640874 [debug] [Thread-7  ]: Snowflake adapter: Snowflake error: 002003 (42S02): SQL compilation error:
Object 'ZOMATO.AI.REVIEW_ENRICHED' does not exist or not authorized.
[0m14:34:14.657276 [debug] [Thread-7  ]: Database Error in model mart_review_insights (models/marts/mart_review_insights.sql)
  002003 (42S02): SQL compilation error:
  Object 'ZOMATO.AI.REVIEW_ENRICHED' does not exist or not authorized.
  compiled code at target/run/zomato/models/marts/mart_review_insights.sql
[0m14:34:14.658217 [debug] [Thread-7  ]: Sending event: {'category': 'dbt', 'action': 'run_model', 'label': 'e0c30352-5151-4fdf-9871-505883c62f2a', 'context': [<snowplow_tracker.self_describing_json.SelfDescribingJson object at 0x130ce5af0>]}
[0m14:34:14.659337 [error] [Thread-7  ]: 7 of 10 ERROR creating sql table model marts.mart_review_insights .............. [[31mERROR[0m in 1.13s]
[0m14:34:14.660383 [debug] [Thread-7  ]: Finished running node model.zomato.mart_review_insights
[0m14:34:14.661406 [debug] [Thread-11 ]: Marking all children of 'model.zomato.mart_review_insights' to be skipped because of status 'error'.  Reason: Database Error in model mart_review_insights (models/marts/mart_review_insights.sql)
  002003 (42S02): SQL compilation error:
  Object 'ZOMATO.AI.REVIEW_ENRICHED' does not exist or not authorized.
  compiled code at target/run/zomato/models/marts/mart_review_insights.sql.
[0m14:34:14.777890 [debug] [Thread-5  ]: SQL status: SUCCESS 1 in 1.054 seconds
[0m14:34:14.794223 [debug] [Thread-5  ]: Using snowflake connection "model.zomato.fact_order_items"
[0m14:34:14.794921 [debug] [Thread-5  ]: On model.zomato.fact_order_items: describe table Zomato.marts.fact_order_items__dbt_tmp
/* {"app": "dbt", "dbt_version": "1.10.22", "profile_name": "zomato", "target_name": "dev", "node_id": "model.zomato.fact_order_items"} */
[0m14:34:14.810783 [debug] [Thread-6  ]: SQL status: SUCCESS 1 in 1.086 seconds
[0m14:34:14.815330 [debug] [Thread-6  ]: Using snowflake connection "model.zomato.fct_orders"
[0m14:34:14.816035 [debug] [Thread-6  ]: On model.zomato.fct_orders: describe table Zomato.marts.fct_orders__dbt_tmp
/* {"app": "dbt", "dbt_version": "1.10.22", "profile_name": "zomato", "target_name": "dev", "node_id": "model.zomato.fct_orders"} */
[0m14:34:14.895642 [debug] [Thread-1  ]: SQL status: SUCCESS 1 in 1.176 seconds
[0m14:34:14.898485 [debug] [Thread-1  ]: Sending event: {'category': 'dbt', 'action': 'run_model', 'label': 'e0c30352-5151-4fdf-9871-505883c62f2a', 'context': [<snowplow_tracker.self_describing_json.SelfDescribingJson object at 0x130edca60>]}
[0m14:34:14.899432 [info ] [Thread-1  ]: 1 of 10 OK created sql table model marts.dim_customer .......................... [[32mSUCCESS 1[0m in 1.40s]
[0m14:34:14.900427 [debug] [Thread-1  ]: Finished running node model.zomato.dim_customer
[0m14:34:15.038338 [debug] [Thread-5  ]: SQL status: SUCCESS 10 in 0.243 seconds
[0m14:34:15.046297 [debug] [Thread-6  ]: SQL status: SUCCESS 19 in 0.230 seconds
[0m14:34:15.047100 [debug] [Thread-5  ]: Using snowflake connection "model.zomato.fact_order_items"
[0m14:34:15.054010 [debug] [Thread-6  ]: Using snowflake connection "model.zomato.fct_orders"
[0m14:34:15.054624 [debug] [Thread-5  ]: On model.zomato.fact_order_items: describe table Zomato.marts.fact_order_items
/* {"app": "dbt", "dbt_version": "1.10.22", "profile_name": "zomato", "target_name": "dev", "node_id": "model.zomato.fact_order_items"} */
[0m14:34:15.055275 [debug] [Thread-6  ]: On model.zomato.fct_orders: describe table Zomato.marts.fct_orders
/* {"app": "dbt", "dbt_version": "1.10.22", "profile_name": "zomato", "target_name": "dev", "node_id": "model.zomato.fct_orders"} */
[0m14:34:15.215812 [debug] [Thread-6  ]: SQL status: SUCCESS 19 in 0.159 seconds
[0m14:34:15.217193 [debug] [Thread-5  ]: SQL status: SUCCESS 10 in 0.161 seconds
[0m14:34:15.258139 [debug] [Thread-6  ]: Using snowflake connection "model.zomato.fct_orders"
[0m14:34:15.260646 [debug] [Thread-5  ]: Using snowflake connection "model.zomato.fact_order_items"
[0m14:34:15.261280 [debug] [Thread-6  ]: On model.zomato.fct_orders: describe table Zomato.marts.fct_orders__dbt_tmp
/* {"app": "dbt", "dbt_version": "1.10.22", "profile_name": "zomato", "target_name": "dev", "node_id": "model.zomato.fct_orders"} */
[0m14:34:15.261891 [debug] [Thread-5  ]: On model.zomato.fact_order_items: describe table Zomato.marts.fact_order_items__dbt_tmp
/* {"app": "dbt", "dbt_version": "1.10.22", "profile_name": "zomato", "target_name": "dev", "node_id": "model.zomato.fact_order_items"} */
[0m14:34:15.426536 [debug] [Thread-6  ]: SQL status: SUCCESS 19 in 0.164 seconds
[0m14:34:15.434189 [debug] [Thread-5  ]: SQL status: SUCCESS 10 in 0.171 seconds
[0m14:34:15.435517 [debug] [Thread-6  ]: Using snowflake connection "model.zomato.fct_orders"
[0m14:34:15.442158 [debug] [Thread-5  ]: Using snowflake connection "model.zomato.fact_order_items"
[0m14:34:15.442755 [debug] [Thread-6  ]: On model.zomato.fct_orders: describe table "ZOMATO"."MARTS"."FCT_ORDERS"
/* {"app": "dbt", "dbt_version": "1.10.22", "profile_name": "zomato", "target_name": "dev", "node_id": "model.zomato.fct_orders"} */
[0m14:34:15.443381 [debug] [Thread-5  ]: On model.zomato.fact_order_items: describe table "ZOMATO"."MARTS"."FACT_ORDER_ITEMS"
/* {"app": "dbt", "dbt_version": "1.10.22", "profile_name": "zomato", "target_name": "dev", "node_id": "model.zomato.fact_order_items"} */
[0m14:34:15.648623 [debug] [Thread-6  ]: SQL status: SUCCESS 19 in 0.204 seconds
[0m14:34:15.655358 [debug] [Thread-5  ]: SQL status: SUCCESS 10 in 0.211 seconds
[0m14:34:15.676264 [debug] [Thread-5  ]: 
    In "ZOMATO"."MARTS"."FACT_ORDER_ITEMS":
        Schema changed: False
        Source columns not in target: []
        Target columns not in source: []
        New column types: []
  
[0m14:34:15.677181 [debug] [Thread-6  ]: 
    In "ZOMATO"."MARTS"."FCT_ORDERS":
        Schema changed: False
        Source columns not in target: []
        Target columns not in source: []
        New column types: []
  
[0m14:34:15.751191 [debug] [Thread-5  ]: Writing runtime sql for node "model.zomato.fact_order_items"
[0m14:34:15.749011 [debug] [Thread-6  ]: Writing runtime sql for node "model.zomato.fct_orders"
[0m14:34:15.753663 [debug] [Thread-5  ]: Using snowflake connection "model.zomato.fact_order_items"
[0m14:34:15.754240 [debug] [Thread-5  ]: On model.zomato.fact_order_items: -- back compat for old kwarg name
  
  begin
/* {"app": "dbt", "dbt_version": "1.10.22", "profile_name": "zomato", "target_name": "dev", "node_id": "model.zomato.fact_order_items"} */;
[0m14:34:15.757019 [debug] [Thread-6  ]: Using snowflake connection "model.zomato.fct_orders"
[0m14:34:15.757682 [debug] [Thread-6  ]: On model.zomato.fct_orders: -- back compat for old kwarg name
  
  begin
/* {"app": "dbt", "dbt_version": "1.10.22", "profile_name": "zomato", "target_name": "dev", "node_id": "model.zomato.fct_orders"} */;
[0m14:34:15.784020 [debug] [Thread-3  ]: SQL status: SUCCESS 1 in 2.061 seconds
[0m14:34:15.787764 [debug] [Thread-3  ]: Sending event: {'category': 'dbt', 'action': 'run_model', 'label': 'e0c30352-5151-4fdf-9871-505883c62f2a', 'context': [<snowplow_tracker.self_describing_json.SelfDescribingJson object at 0x130ec0bb0>]}
[0m14:34:15.788951 [info ] [Thread-3  ]: 3 of 10 OK created sql table model marts.dim_food .............................. [[32mSUCCESS 1[0m in 2.28s]
[0m14:34:15.789892 [debug] [Thread-3  ]: Finished running node model.zomato.dim_food
[0m14:34:15.962709 [debug] [Thread-5  ]: SQL status: SUCCESS 1 in 0.208 seconds
[0m14:34:15.963863 [debug] [Thread-5  ]: Using snowflake connection "model.zomato.fact_order_items"
[0m14:34:15.965323 [debug] [Thread-5  ]: On model.zomato.fact_order_items: merge into Zomato.marts.fact_order_items as DBT_INTERNAL_DEST
        using Zomato.marts.fact_order_items__dbt_tmp as DBT_INTERNAL_SOURCE
        on ((DBT_INTERNAL_SOURCE.order_item_id = DBT_INTERNAL_DEST.order_item_id))

    
    when matched then update set
        "ORDER_ITEM_ID" = DBT_INTERNAL_SOURCE."ORDER_ITEM_ID","ORDER_ID" = DBT_INTERNAL_SOURCE."ORDER_ID","RESTAURANT_ID" = DBT_INTERNAL_SOURCE."RESTAURANT_ID","F_ID" = DBT_INTERNAL_SOURCE."F_ID","ORDER_TS" = DBT_INTERNAL_SOURCE."ORDER_TS","ORDER_DATE" = DBT_INTERNAL_SOURCE."ORDER_DATE","CITY" = DBT_INTERNAL_SOURCE."CITY","PRICE" = DBT_INTERNAL_SOURCE."PRICE","QUANTITY" = DBT_INTERNAL_SOURCE."QUANTITY","LINE_AMOUNT" = DBT_INTERNAL_SOURCE."LINE_AMOUNT"
    

    when not matched then insert
        ("ORDER_ITEM_ID", "ORDER_ID", "RESTAURANT_ID", "F_ID", "ORDER_TS", "ORDER_DATE", "CITY", "PRICE", "QUANTITY", "LINE_AMOUNT")
    values
        ("ORDER_ITEM_ID", "ORDER_ID", "RESTAURANT_ID", "F_ID", "ORDER_TS", "ORDER_DATE", "CITY", "PRICE", "QUANTITY", "LINE_AMOUNT")


/* {"app": "dbt", "dbt_version": "1.10.22", "profile_name": "zomato", "target_name": "dev", "node_id": "model.zomato.fact_order_items"} */;
[0m14:34:15.966723 [debug] [Thread-6  ]: SQL status: SUCCESS 1 in 0.208 seconds
[0m14:34:15.967913 [debug] [Thread-6  ]: Using snowflake connection "model.zomato.fct_orders"
[0m14:34:15.968631 [debug] [Thread-6  ]: On model.zomato.fct_orders: merge into Zomato.marts.fct_orders as DBT_INTERNAL_DEST
        using Zomato.marts.fct_orders__dbt_tmp as DBT_INTERNAL_SOURCE
        on ((DBT_INTERNAL_SOURCE.order_id = DBT_INTERNAL_DEST.order_id))

    
    when matched then update set
        "ORDER_ID" = DBT_INTERNAL_SOURCE."ORDER_ID","ORDER_TIMESTAMP" = DBT_INTERNAL_SOURCE."ORDER_TIMESTAMP","ORDER_DATE" = DBT_INTERNAL_SOURCE."ORDER_DATE","CUSTOMER_ID" = DBT_INTERNAL_SOURCE."CUSTOMER_ID","RESTAURANT_ID" = DBT_INTERNAL_SOURCE."RESTAURANT_ID","CITY" = DBT_INTERNAL_SOURCE."CITY","CUISINE" = DBT_INTERNAL_SOURCE."CUISINE","PAYMENT_METHOD" = DBT_INTERNAL_SOURCE."PAYMENT_METHOD","ORDER_STATUS" = DBT_INTERNAL_SOURCE."ORDER_STATUS","IS_DELIVERED" = DBT_INTERNAL_SOURCE."IS_DELIVERED","ITEMS_COUNT" = DBT_INTERNAL_SOURCE."ITEMS_COUNT","SALES_QTY" = DBT_INTERNAL_SOURCE."SALES_QTY","SUBTOTAL" = DBT_INTERNAL_SOURCE."SUBTOTAL","DISCOUNT" = DBT_INTERNAL_SOURCE."DISCOUNT","DELIVERY_FEE" = DBT_INTERNAL_SOURCE."DELIVERY_FEE","GST" = DBT_INTERNAL_SOURCE."GST","SALES_AMOUNT" = DBT_INTERNAL_SOURCE."SALES_AMOUNT","CUSTOMER_RATING" = DBT_INTERNAL_SOURCE."CUSTOMER_RATING","DELIVERY_TIME_MIN" = DBT_INTERNAL_SOURCE."DELIVERY_TIME_MIN"
    

    when not matched then insert
        ("ORDER_ID", "ORDER_TIMESTAMP", "ORDER_DATE", "CUSTOMER_ID", "RESTAURANT_ID", "CITY", "CUISINE", "PAYMENT_METHOD", "ORDER_STATUS", "IS_DELIVERED", "ITEMS_COUNT", "SALES_QTY", "SUBTOTAL", "DISCOUNT", "DELIVERY_FEE", "GST", "SALES_AMOUNT", "CUSTOMER_RATING", "DELIVERY_TIME_MIN")
    values
        ("ORDER_ID", "ORDER_TIMESTAMP", "ORDER_DATE", "CUSTOMER_ID", "RESTAURANT_ID", "CITY", "CUISINE", "PAYMENT_METHOD", "ORDER_STATUS", "IS_DELIVERED", "ITEMS_COUNT", "SALES_QTY", "SUBTOTAL", "DISCOUNT", "DELIVERY_FEE", "GST", "SALES_AMOUNT", "CUSTOMER_RATING", "DELIVERY_TIME_MIN")


/* {"app": "dbt", "dbt_version": "1.10.22", "profile_name": "zomato", "target_name": "dev", "node_id": "model.zomato.fct_orders"} */;
[0m14:34:16.262509 [debug] [Thread-4  ]: SQL status: SUCCESS 1 in 2.536 seconds
[0m14:34:16.266726 [debug] [Thread-4  ]: Sending event: {'category': 'dbt', 'action': 'run_model', 'label': 'e0c30352-5151-4fdf-9871-505883c62f2a', 'context': [<snowplow_tracker.self_describing_json.SelfDescribingJson object at 0x130f03c10>]}
[0m14:34:16.267828 [info ] [Thread-4  ]: 4 of 10 OK created sql table model marts.dim_restaurants ....................... [[32mSUCCESS 1[0m in 2.75s]
[0m14:34:16.268771 [debug] [Thread-4  ]: Finished running node model.zomato.dim_restaurants
[0m14:34:16.586749 [debug] [Thread-5  ]: SQL status: SUCCESS 0 in 0.619 seconds
[0m14:34:16.587862 [debug] [Thread-5  ]: Using snowflake connection "model.zomato.fact_order_items"
[0m14:34:16.588569 [debug] [Thread-5  ]: On model.zomato.fact_order_items: COMMIT
/* {"app": "dbt", "dbt_version": "1.10.22", "profile_name": "zomato", "target_name": "dev", "node_id": "model.zomato.fact_order_items"} */
[0m14:34:16.761168 [debug] [Thread-5  ]: SQL status: SUCCESS 1 in 0.172 seconds
[0m14:34:16.771823 [debug] [Thread-5  ]: Applying DROP to: Zomato.marts.fact_order_items__dbt_tmp
[0m14:34:16.779198 [debug] [Thread-5  ]: Using snowflake connection "model.zomato.fact_order_items"
[0m14:34:16.779789 [debug] [Thread-5  ]: On model.zomato.fact_order_items: drop view if exists Zomato.marts.fact_order_items__dbt_tmp cascade
/* {"app": "dbt", "dbt_version": "1.10.22", "profile_name": "zomato", "target_name": "dev", "node_id": "model.zomato.fact_order_items"} */
[0m14:34:16.887779 [debug] [Thread-6  ]: SQL status: SUCCESS 0 in 0.918 seconds
[0m14:34:16.888849 [debug] [Thread-6  ]: Using snowflake connection "model.zomato.fct_orders"
[0m14:34:16.889622 [debug] [Thread-6  ]: On model.zomato.fct_orders: COMMIT
/* {"app": "dbt", "dbt_version": "1.10.22", "profile_name": "zomato", "target_name": "dev", "node_id": "model.zomato.fct_orders"} */
[0m14:34:17.042793 [debug] [Thread-5  ]: SQL status: SUCCESS 1 in 0.262 seconds
[0m14:34:17.047094 [debug] [Thread-5  ]: Sending event: {'category': 'dbt', 'action': 'run_model', 'label': 'e0c30352-5151-4fdf-9871-505883c62f2a', 'context': [<snowplow_tracker.self_describing_json.SelfDescribingJson object at 0x130e5b640>]}
[0m14:34:17.049033 [info ] [Thread-5  ]: 5 of 10 OK created sql incremental model marts.fact_order_items ................ [[32mSUCCESS 0[0m in 3.52s]
[0m14:34:17.051012 [debug] [Thread-5  ]: Finished running node model.zomato.fact_order_items
[0m14:34:17.229783 [debug] [Thread-6  ]: SQL status: SUCCESS 1 in 0.339 seconds
[0m14:34:17.239939 [debug] [Thread-6  ]: Applying DROP to: Zomato.marts.fct_orders__dbt_tmp
[0m14:34:17.241757 [debug] [Thread-6  ]: Using snowflake connection "model.zomato.fct_orders"
[0m14:34:17.242496 [debug] [Thread-6  ]: On model.zomato.fct_orders: drop view if exists Zomato.marts.fct_orders__dbt_tmp cascade
/* {"app": "dbt", "dbt_version": "1.10.22", "profile_name": "zomato", "target_name": "dev", "node_id": "model.zomato.fct_orders"} */
[0m14:34:17.394447 [debug] [Thread-6  ]: SQL status: SUCCESS 1 in 0.151 seconds
[0m14:34:17.396865 [debug] [Thread-6  ]: Sending event: {'category': 'dbt', 'action': 'run_model', 'label': 'e0c30352-5151-4fdf-9871-505883c62f2a', 'context': [<snowplow_tracker.self_describing_json.SelfDescribingJson object at 0x114a015b0>]}
[0m14:34:17.397649 [info ] [Thread-6  ]: 6 of 10 OK created sql incremental model marts.fct_orders ...................... [[32mSUCCESS 0[0m in 3.87s]
[0m14:34:17.398422 [debug] [Thread-6  ]: Finished running node model.zomato.fct_orders
[0m14:34:17.399416 [debug] [Thread-8  ]: Began running node model.zomato.mart_daily_city_revenune
[0m14:34:17.399949 [debug] [Thread-2  ]: Began running node model.zomato.mart_delivery_sla
[0m14:34:17.400531 [debug] [Thread-7  ]: Began running node model.zomato.mart_restaurant_performance
[0m14:34:17.401246 [info ] [Thread-8  ]: 8 of 10 START sql table model marts.mart_daily_city_revenune ................... [RUN]
[0m14:34:17.401997 [info ] [Thread-2  ]: 9 of 10 START sql table model marts.mart_delivery_sla .......................... [RUN]
[0m14:34:17.402702 [info ] [Thread-7  ]: 10 of 10 START sql table model marts.mart_restaurant_performance ............... [RUN]
[0m14:34:17.403610 [debug] [Thread-8  ]: Acquiring new snowflake connection 'model.zomato.mart_daily_city_revenune'
[0m14:34:17.404426 [debug] [Thread-2  ]: Re-using an available connection from the pool (formerly model.zomato.dim_date, now model.zomato.mart_delivery_sla)
[0m14:34:17.405307 [debug] [Thread-7  ]: Re-using an available connection from the pool (formerly model.zomato.mart_review_insights, now model.zomato.mart_restaurant_performance)
[0m14:34:17.405886 [debug] [Thread-8  ]: Began compiling node model.zomato.mart_daily_city_revenune
[0m14:34:17.406428 [debug] [Thread-2  ]: Began compiling node model.zomato.mart_delivery_sla
[0m14:34:17.407041 [debug] [Thread-7  ]: Began compiling node model.zomato.mart_restaurant_performance
[0m14:34:17.411347 [debug] [Thread-8  ]: Writing injected SQL for node "model.zomato.mart_daily_city_revenune"
[0m14:34:17.416239 [debug] [Thread-2  ]: Writing injected SQL for node "model.zomato.mart_delivery_sla"
[0m14:34:17.420704 [debug] [Thread-7  ]: Writing injected SQL for node "model.zomato.mart_restaurant_performance"
[0m14:34:17.421885 [debug] [Thread-8  ]: Began executing node model.zomato.mart_daily_city_revenune
[0m14:34:17.425948 [debug] [Thread-8  ]: Writing runtime sql for node "model.zomato.mart_daily_city_revenune"
[0m14:34:17.426870 [debug] [Thread-2  ]: Began executing node model.zomato.mart_delivery_sla
[0m14:34:17.427496 [debug] [Thread-7  ]: Began executing node model.zomato.mart_restaurant_performance
[0m14:34:17.431378 [debug] [Thread-2  ]: Writing runtime sql for node "model.zomato.mart_delivery_sla"
[0m14:34:17.437305 [debug] [Thread-7  ]: Writing runtime sql for node "model.zomato.mart_restaurant_performance"
[0m14:34:17.439086 [debug] [Thread-8  ]: Using snowflake connection "model.zomato.mart_daily_city_revenune"
[0m14:34:17.440291 [debug] [Thread-8  ]: On model.zomato.mart_daily_city_revenune: create or replace transient table Zomato.marts.mart_daily_city_revenune
    
    
    
    as (select 
order_date, 
city, 
count(*) as orders, 
count_if(is_delivered) as delivered_orders,
round(div0(count_if(order_status='Cancelled'), count(*)),4) as cancel_rate,
sum(iff(is_delivered, sales_amount, 0)) as gmv,
round(div0(sum(iff(is_delivered, sales_amount,0)), count_if(is_delivered)),2) as aov
from Zomato.marts.fct_orders group by 1,2
    )

/* {"app": "dbt", "dbt_version": "1.10.22", "profile_name": "zomato", "target_name": "dev", "node_id": "model.zomato.mart_daily_city_revenune"} */;
[0m14:34:17.441256 [debug] [Thread-8  ]: Opening a new connection, currently in state init
[0m14:34:17.443449 [debug] [Thread-2  ]: Using snowflake connection "model.zomato.mart_delivery_sla"
[0m14:34:17.444859 [debug] [Thread-7  ]: Using snowflake connection "model.zomato.mart_restaurant_performance"
[0m14:34:17.446784 [debug] [Thread-2  ]: On model.zomato.mart_delivery_sla: create or replace transient table Zomato.marts.mart_delivery_sla
    
    
    
    as (select city, 
hour(order_timestamp) as order_hour, 
count_if(is_delivered) as delivered_orders,
round(median(delivery_time_min),1) as p50, 
round(percentile_cont(0.9) within group (order by delivery_time_min),1) as p90
from Zomato.marts.fct_orders 
where is_delivered group by 1,2
    )

/* {"app": "dbt", "dbt_version": "1.10.22", "profile_name": "zomato", "target_name": "dev", "node_id": "model.zomato.mart_delivery_sla"} */;
[0m14:34:17.448054 [debug] [Thread-7  ]: On model.zomato.mart_restaurant_performance: create or replace transient table Zomato.marts.mart_restaurant_performance
    
    
    
    as (select 
f.restaurant_id, r.restaurant_name, r.city, r.cuisine, 
count(*) as orders,
sum(iff(f.is_delivered, f.sales_amount, 0)) as revenue, 
round(avg(f.customer_rating),2) as avg_customer_rating,
round(avg(f.delivery_time_min),1) as avg_delivery_min
from Zomato.marts.fct_orders f 
left join Zomato.marts.dim_restaurants r using (restaurant_id) 
group by 1,2,3,4
    )

/* {"app": "dbt", "dbt_version": "1.10.22", "profile_name": "zomato", "target_name": "dev", "node_id": "model.zomato.mart_restaurant_performance"} */;
[0m14:34:19.302335 [debug] [Thread-2  ]: SQL status: SUCCESS 1 in 1.853 seconds
[0m14:34:19.305999 [debug] [Thread-2  ]: Sending event: {'category': 'dbt', 'action': 'run_model', 'label': 'e0c30352-5151-4fdf-9871-505883c62f2a', 'context': [<snowplow_tracker.self_describing_json.SelfDescribingJson object at 0x1311b5910>]}
[0m14:34:19.307220 [info ] [Thread-2  ]: 9 of 10 OK created sql table model marts.mart_delivery_sla ..................... [[32mSUCCESS 1[0m in 1.90s]
[0m14:34:19.308301 [debug] [Thread-2  ]: Finished running node model.zomato.mart_delivery_sla
[0m14:34:19.567623 [debug] [Thread-8  ]: SQL status: SUCCESS 1 in 2.126 seconds
[0m14:34:19.571207 [debug] [Thread-8  ]: Sending event: {'category': 'dbt', 'action': 'run_model', 'label': 'e0c30352-5151-4fdf-9871-505883c62f2a', 'context': [<snowplow_tracker.self_describing_json.SelfDescribingJson object at 0x13119c790>]}
[0m14:34:19.572553 [info ] [Thread-8  ]: 8 of 10 OK created sql table model marts.mart_daily_city_revenune .............. [[32mSUCCESS 1[0m in 2.17s]
[0m14:34:19.573796 [debug] [Thread-8  ]: Finished running node model.zomato.mart_daily_city_revenune
[0m14:34:19.631753 [debug] [Thread-7  ]: SQL status: SUCCESS 1 in 2.182 seconds
[0m14:34:19.635323 [debug] [Thread-7  ]: Sending event: {'category': 'dbt', 'action': 'run_model', 'label': 'e0c30352-5151-4fdf-9871-505883c62f2a', 'context': [<snowplow_tracker.self_describing_json.SelfDescribingJson object at 0x1310f7070>]}
[0m14:34:19.636487 [info ] [Thread-7  ]: 10 of 10 OK created sql table model marts.mart_restaurant_performance .......... [[32mSUCCESS 1[0m in 2.23s]
[0m14:34:19.637476 [debug] [Thread-7  ]: Finished running node model.zomato.mart_restaurant_performance
[0m14:34:19.639510 [debug] [MainThread]: Connection 'master' was properly closed.
[0m14:34:19.640143 [debug] [MainThread]: Connection 'model.zomato.dim_customer' was left open.
[0m14:34:19.640686 [debug] [MainThread]: On model.zomato.dim_customer: Close
[0m14:34:19.894155 [debug] [MainThread]: Connection 'model.zomato.mart_delivery_sla' was left open.
[0m14:34:19.894926 [debug] [MainThread]: On model.zomato.mart_delivery_sla: Close
[0m14:34:20.144303 [debug] [MainThread]: Connection 'model.zomato.dim_food' was left open.
[0m14:34:20.145088 [debug] [MainThread]: On model.zomato.dim_food: Close
[0m14:34:20.448206 [debug] [MainThread]: Connection 'model.zomato.dim_restaurants' was left open.
[0m14:34:20.448852 [debug] [MainThread]: On model.zomato.dim_restaurants: Close
[0m14:34:20.738725 [debug] [MainThread]: Connection 'model.zomato.fact_order_items' was left open.
[0m14:34:20.739477 [debug] [MainThread]: On model.zomato.fact_order_items: Close
[0m14:34:21.029414 [debug] [MainThread]: Connection 'model.zomato.fct_orders' was left open.
[0m14:34:21.030237 [debug] [MainThread]: On model.zomato.fct_orders: Close
[0m14:34:21.367958 [debug] [MainThread]: Connection 'model.zomato.mart_restaurant_performance' was left open.
[0m14:34:21.368732 [debug] [MainThread]: On model.zomato.mart_restaurant_performance: Close
[0m14:34:21.775660 [debug] [MainThread]: Connection 'model.zomato.mart_daily_city_revenune' was left open.
[0m14:34:21.776586 [debug] [MainThread]: On model.zomato.mart_daily_city_revenune: Close
[0m14:34:21.967156 [info ] [MainThread]: 
[0m14:34:21.967978 [info ] [MainThread]: Finished running 2 incremental models, 8 table models in 0 hours 0 minutes and 15.15 seconds (15.15s).
[0m14:34:21.971256 [debug] [MainThread]: Command end result
[0m14:34:22.014318 [debug] [MainThread]: Wrote artifact WritableManifest to /Users/mac/projects/DE project/zomato_ai_project/zomato/target/manifest.json
[0m14:34:22.016723 [debug] [MainThread]: Wrote artifact SemanticManifest to /Users/mac/projects/DE project/zomato_ai_project/zomato/target/semantic_manifest.json
[0m14:34:22.026260 [debug] [MainThread]: Wrote artifact RunExecutionResult to /Users/mac/projects/DE project/zomato_ai_project/zomato/target/run_results.json
[0m14:34:22.026770 [info ] [MainThread]: 
[0m14:34:22.027317 [info ] [MainThread]: [31mCompleted with 1 error, 0 partial successes, and 0 warnings:[0m
[0m14:34:22.027817 [info ] [MainThread]: 
[0m14:34:22.028408 [error] [MainThread]: [31mFailure in model mart_review_insights (models/marts/mart_review_insights.sql)[0m
[0m14:34:22.028995 [error] [MainThread]:   Database Error in model mart_review_insights (models/marts/mart_review_insights.sql)
  002003 (42S02): SQL compilation error:
  Object 'ZOMATO.AI.REVIEW_ENRICHED' does not exist or not authorized.
  compiled code at target/run/zomato/models/marts/mart_review_insights.sql
[0m14:34:22.029478 [info ] [MainThread]: 
[0m14:34:22.030036 [info ] [MainThread]:   compiled code at target/compiled/zomato/models/marts/mart_review_insights.sql
[0m14:34:22.030530 [info ] [MainThread]: 
[0m14:34:22.031051 [info ] [MainThread]: Done. PASS=9 WARN=0 ERROR=1 SKIP=0 NO-OP=0 TOTAL=10
[0m14:34:22.036092 [debug] [MainThread]: Resource report: {"command_name": "run", "command_success": false, "command_wall_clock_time": 17.132124, "process_in_blocks": "0", "process_kernel_time": 0.999331, "process_mem_max_rss": "227926016", "process_out_blocks": "0", "process_user_time": 7.45017}
[0m14:34:22.036820 [debug] [MainThread]: Command `dbt run` failed at 14:34:22.036678 after 17.13 seconds
[0m14:34:22.037396 [debug] [MainThread]: Sending event: {'category': 'dbt', 'action': 'invocation', 'label': 'end', 'context': [<snowplow_tracker.self_describing_json.SelfDescribingJson object at 0x1134ffa60>, <snowplow_tracker.self_describing_json.SelfDescribingJson object at 0x112149730>, <snowplow_tracker.self_describing_json.SelfDescribingJson object at 0x129781070>]}
[0m14:34:22.038267 [debug] [MainThread]: Flushing usage events
[0m14:34:23.624617 [debug] [MainThread]: An error was encountered while trying to flush usage events
[0m14:37:48.602177 [debug] [MainThread]: Sending event: {'category': 'dbt', 'action': 'invocation', 'label': 'start', 'context': [<snowplow_tracker.self_describing_json.SelfDescribingJson object at 0x109589bb0>, <snowplow_tracker.self_describing_json.SelfDescribingJson object at 0x10ab0d8b0>, <snowplow_tracker.self_describing_json.SelfDescribingJson object at 0x10ab0da90>]}


============================== 14:37:48.609741 | 879ef011-8486-4621-842f-3b673f10cce3 ==============================
[0m14:37:48.609741 [info ] [MainThread]: Running with dbt=1.10.22
[0m14:37:48.610729 [debug] [MainThread]: running dbt with arguments {'static_parser': 'True', 'cache_selected_only': 'False', 'quiet': 'False', 'no_print': 'None', 'debug': 'False', 'introspect': 'True', 'partial_parse': 'True', 'write_json': 'True', 'warn_error': 'None', 'fail_fast': 'False', 'log_format': 'default', 'use_colors': 'True', 'empty': 'False', 'log_cache_events': 'False', 'profiles_dir': '/Users/mac/.dbt', 'send_anonymous_usage_stats': 'True', 'invocation_command': 'dbt run --exclude tag:ai', 'log_path': '/Users/mac/projects/DE project/zomato_ai_project/zomato/logs', 'target_path': 'None', 'version_check': 'True', 'printer_width': '80', 'use_experimental_parser': 'False', 'warn_error_options': 'WarnErrorOptionsV2(error=[], warn=[], silence=[])', 'indirect_selection': 'eager'}
[0m14:37:50.371810 [debug] [MainThread]: Sending event: {'category': 'dbt', 'action': 'project_id', 'label': '879ef011-8486-4621-842f-3b673f10cce3', 'context': [<snowplow_tracker.self_describing_json.SelfDescribingJson object at 0x108327a90>]}
[0m14:37:50.472917 [debug] [MainThread]: Sending event: {'category': 'dbt', 'action': 'adapter_info', 'label': '879ef011-8486-4621-842f-3b673f10cce3', 'context': [<snowplow_tracker.self_describing_json.SelfDescribingJson object at 0x10a870e20>]}
[0m14:37:50.474587 [info ] [MainThread]: Registered adapter: snowflake=1.10.2
[0m14:37:50.735339 [debug] [MainThread]: checksum: 04c83ee057a648a2f8e380c895ffead170732fa039f068d62b9d36aaeefaf7cc, vars: {}, profile: , target: , version: 1.10.22
[0m14:37:50.989411 [debug] [MainThread]: Partial parsing enabled: 0 files deleted, 0 files added, 0 files changed.
[0m14:37:50.989905 [debug] [MainThread]: Partial parsing enabled, no changes found, skipping parsing
[0m14:37:50.999713 [warn ] [MainThread]: [[33mWARNING[0m]: Configuration paths exist in your dbt_project.yml file which do not apply to any resources.
There are 1 unused configuration paths:
- snapshots.zomato
[0m14:37:51.053724 [debug] [MainThread]: Sending event: {'category': 'dbt', 'action': 'load_project', 'label': '879ef011-8486-4621-842f-3b673f10cce3', 'context': [<snowplow_tracker.self_describing_json.SelfDescribingJson object at 0x113ee2f70>]}
[0m14:37:51.261365 [debug] [MainThread]: Wrote artifact WritableManifest to /Users/mac/projects/DE project/zomato_ai_project/zomato/target/manifest.json
[0m14:37:51.264587 [debug] [MainThread]: Wrote artifact SemanticManifest to /Users/mac/projects/DE project/zomato_ai_project/zomato/target/semantic_manifest.json
[0m14:37:51.299763 [debug] [MainThread]: Sending event: {'category': 'dbt', 'action': 'resource_counts', 'label': '879ef011-8486-4621-842f-3b673f10cce3', 'context': [<snowplow_tracker.self_describing_json.SelfDescribingJson object at 0x11397ebe0>]}
[0m14:37:51.300581 [info ] [MainThread]: Found 17 models, 8 sources, 493 macros
[0m14:37:51.301192 [debug] [MainThread]: Sending event: {'category': 'dbt', 'action': 'runnable_timing', 'label': '879ef011-8486-4621-842f-3b673f10cce3', 'context': [<snowplow_tracker.self_describing_json.SelfDescribingJson object at 0x1138f0910>]}
[0m14:37:51.304425 [info ] [MainThread]: 
[0m14:37:51.305046 [info ] [MainThread]: Concurrency: 8 threads (target='dev')
[0m14:37:51.305597 [info ] [MainThread]: 
[0m14:37:51.306370 [debug] [MainThread]: Acquiring new snowflake connection 'master'
[0m14:37:51.315672 [debug] [ThreadPool]: Acquiring new snowflake connection 'list_Zomato'
[0m14:37:51.316596 [debug] [ThreadPool]: Acquiring new snowflake connection 'list_Zomato'
[0m14:37:51.432448 [debug] [ThreadPool]: Using snowflake connection "list_Zomato"
[0m14:37:51.433197 [debug] [ThreadPool]: Using snowflake connection "list_Zomato"
[0m14:37:51.433666 [debug] [ThreadPool]: On list_Zomato: show terse schemas in database Zomato
    limit 10000
/* {"app": "dbt", "dbt_version": "1.10.22", "profile_name": "zomato", "target_name": "dev", "connection_name": "list_Zomato"} */
[0m14:37:51.434164 [debug] [ThreadPool]: On list_Zomato: show terse schemas in database Zomato
    limit 10000
/* {"app": "dbt", "dbt_version": "1.10.22", "profile_name": "zomato", "target_name": "dev", "connection_name": "list_Zomato"} */
[0m14:37:51.434654 [debug] [ThreadPool]: Opening a new connection, currently in state init
[0m14:37:51.435126 [debug] [ThreadPool]: Opening a new connection, currently in state init
[0m14:37:55.306152 [debug] [ThreadPool]: SQL status: SUCCESS 8 in 3.871 seconds
[0m14:37:55.359045 [debug] [ThreadPool]: SQL status: SUCCESS 8 in 3.924 seconds
[0m14:37:55.364919 [debug] [ThreadPool]: Re-using an available connection from the pool (formerly list_Zomato, now list_Zomato_marts)
[0m14:37:55.365774 [debug] [ThreadPool]: Re-using an available connection from the pool (formerly list_Zomato, now list_Zomato_staging)
[0m14:37:55.398544 [debug] [ThreadPool]: Using snowflake connection "list_Zomato_marts"
[0m14:37:55.399664 [debug] [ThreadPool]: Using snowflake connection "list_Zomato_staging"
[0m14:37:55.400196 [debug] [ThreadPool]: On list_Zomato_marts: show objects in Zomato.marts
    limit 10000
    

/* {"app": "dbt", "dbt_version": "1.10.22", "profile_name": "zomato", "target_name": "dev", "connection_name": "list_Zomato_marts"} */;
[0m14:37:55.400754 [debug] [ThreadPool]: On list_Zomato_staging: show objects in Zomato.staging
    limit 10000
    

/* {"app": "dbt", "dbt_version": "1.10.22", "profile_name": "zomato", "target_name": "dev", "connection_name": "list_Zomato_staging"} */;
[0m14:37:55.750392 [debug] [ThreadPool]: SQL status: SUCCESS 7 in 0.347 seconds
[0m14:37:55.769872 [debug] [ThreadPool]: SQL status: SUCCESS 9 in 0.368 seconds
[0m14:37:55.787753 [debug] [MainThread]: Sending event: {'category': 'dbt', 'action': 'runnable_timing', 'label': '879ef011-8486-4621-842f-3b673f10cce3', 'context': [<snowplow_tracker.self_describing_json.SelfDescribingJson object at 0x113f5b310>]}
[0m14:37:55.797063 [debug] [Thread-1  ]: Began running node model.zomato.dim_date
[0m14:37:55.798353 [debug] [Thread-2  ]: Began running node model.zomato.stg_food
[0m14:37:55.799415 [debug] [Thread-3  ]: Began running node model.zomato.stg_menu
[0m14:37:55.801071 [info ] [Thread-1  ]: 1 of 16 START sql table model marts.dim_date ................................... [RUN]
[0m14:37:55.802181 [debug] [Thread-4  ]: Began running node model.zomato.stg_order_items
[0m14:37:55.803322 [debug] [Thread-5  ]: Began running node model.zomato.stg_orders
[0m14:37:55.804211 [info ] [Thread-2  ]: 2 of 16 START sql view model staging.stg_food .................................. [RUN]
[0m14:37:55.805585 [debug] [Thread-6  ]: Began running node model.zomato.stg_restaurants
[0m14:37:55.807579 [debug] [Thread-7  ]: Began running node model.zomato.stg_reviews
[0m14:37:55.808426 [debug] [Thread-8  ]: Began running node model.zomato.stg_users
[0m14:37:55.806888 [info ] [Thread-3  ]: 3 of 16 START sql view model staging.stg_menu .................................. [RUN]
[0m14:37:55.809316 [debug] [Thread-1  ]: Re-using an available connection from the pool (formerly list_Zomato_marts, now model.zomato.dim_date)
[0m14:37:55.810259 [info ] [Thread-4  ]: 4 of 16 START sql view model staging.stg_order_items ........................... [RUN]
[0m14:37:55.811339 [info ] [Thread-5  ]: 5 of 16 START sql view model staging.stg_orders ................................ [RUN]
[0m14:37:55.812168 [debug] [Thread-2  ]: Re-using an available connection from the pool (formerly list_Zomato_staging, now model.zomato.stg_food)
[0m14:37:55.812993 [info ] [Thread-6  ]: 6 of 16 START sql view model staging.stg_restaurants ........................... [RUN]
[0m14:37:55.814612 [info ] [Thread-7  ]: 7 of 16 START sql view model staging.stg_reviews ............................... [RUN]
[0m14:37:55.816020 [info ] [Thread-8  ]: 8 of 16 START sql view model staging.stg_users ................................. [RUN]
[0m14:37:55.817737 [debug] [Thread-3  ]: Acquiring new snowflake connection 'model.zomato.stg_menu'
[0m14:37:55.818448 [debug] [Thread-1  ]: Began compiling node model.zomato.dim_date
[0m14:37:55.819265 [debug] [Thread-4  ]: Acquiring new snowflake connection 'model.zomato.stg_order_items'
[0m14:37:55.820049 [debug] [Thread-5  ]: Acquiring new snowflake connection 'model.zomato.stg_orders'
[0m14:37:55.820691 [debug] [Thread-2  ]: Began compiling node model.zomato.stg_food
[0m14:37:55.821505 [debug] [Thread-6  ]: Acquiring new snowflake connection 'model.zomato.stg_restaurants'
[0m14:37:55.823291 [debug] [Thread-7  ]: Acquiring new snowflake connection 'model.zomato.stg_reviews'
[0m14:37:55.824655 [debug] [Thread-8  ]: Acquiring new snowflake connection 'model.zomato.stg_users'
[0m14:37:55.825621 [debug] [Thread-3  ]: Began compiling node model.zomato.stg_menu
[0m14:37:55.840107 [debug] [Thread-1  ]: Writing injected SQL for node "model.zomato.dim_date"
[0m14:37:55.841430 [debug] [Thread-4  ]: Began compiling node model.zomato.stg_order_items
[0m14:37:55.842870 [debug] [Thread-5  ]: Began compiling node model.zomato.stg_orders
[0m14:37:55.848528 [debug] [Thread-2  ]: Writing injected SQL for node "model.zomato.stg_food"
[0m14:37:55.849551 [debug] [Thread-6  ]: Began compiling node model.zomato.stg_restaurants
[0m14:37:55.851269 [debug] [Thread-7  ]: Began compiling node model.zomato.stg_reviews
[0m14:37:55.852535 [debug] [Thread-8  ]: Began compiling node model.zomato.stg_users
[0m14:37:55.860065 [debug] [Thread-3  ]: Writing injected SQL for node "model.zomato.stg_menu"
[0m14:37:55.867459 [debug] [Thread-4  ]: Writing injected SQL for node "model.zomato.stg_order_items"
[0m14:37:55.872585 [debug] [Thread-5  ]: Writing injected SQL for node "model.zomato.stg_orders"
[0m14:37:55.874348 [debug] [Thread-1  ]: Began executing node model.zomato.dim_date
[0m14:37:55.880231 [debug] [Thread-6  ]: Writing injected SQL for node "model.zomato.stg_restaurants"
[0m14:37:55.886656 [debug] [Thread-2  ]: Began executing node model.zomato.stg_food
[0m14:37:55.887418 [debug] [Thread-7  ]: Writing injected SQL for node "model.zomato.stg_reviews"
[0m14:37:55.895350 [debug] [Thread-8  ]: Writing injected SQL for node "model.zomato.stg_users"
[0m14:37:55.923945 [debug] [Thread-5  ]: Began executing node model.zomato.stg_orders
[0m14:37:55.948047 [debug] [Thread-3  ]: Began executing node model.zomato.stg_menu
[0m14:37:55.960117 [debug] [Thread-6  ]: Began executing node model.zomato.stg_restaurants
[0m14:37:55.966084 [debug] [Thread-4  ]: Began executing node model.zomato.stg_order_items
[0m14:37:55.974598 [debug] [Thread-1  ]: Writing runtime sql for node "model.zomato.dim_date"
[0m14:37:55.993464 [debug] [Thread-7  ]: Began executing node model.zomato.stg_reviews
[0m14:37:55.998409 [debug] [Thread-5  ]: Writing runtime sql for node "model.zomato.stg_orders"
[0m14:37:55.993233 [debug] [Thread-2  ]: Writing runtime sql for node "model.zomato.stg_food"
[0m14:37:56.006134 [debug] [Thread-8  ]: Began executing node model.zomato.stg_users
[0m14:37:56.005791 [debug] [Thread-3  ]: Writing runtime sql for node "model.zomato.stg_menu"
[0m14:37:56.011698 [debug] [Thread-6  ]: Writing runtime sql for node "model.zomato.stg_restaurants"
[0m14:37:56.016703 [debug] [Thread-4  ]: Writing runtime sql for node "model.zomato.stg_order_items"
[0m14:37:56.022176 [debug] [Thread-7  ]: Writing runtime sql for node "model.zomato.stg_reviews"
[0m14:37:56.029709 [debug] [Thread-1  ]: Using snowflake connection "model.zomato.dim_date"
[0m14:37:56.028358 [debug] [Thread-8  ]: Writing runtime sql for node "model.zomato.stg_users"
[0m14:37:56.031111 [debug] [Thread-5  ]: Using snowflake connection "model.zomato.stg_orders"
[0m14:37:56.032416 [debug] [Thread-2  ]: Using snowflake connection "model.zomato.stg_food"
[0m14:37:56.033629 [debug] [Thread-3  ]: Using snowflake connection "model.zomato.stg_menu"
[0m14:37:56.035474 [debug] [Thread-6  ]: Using snowflake connection "model.zomato.stg_restaurants"
[0m14:37:56.036596 [debug] [Thread-4  ]: Using snowflake connection "model.zomato.stg_order_items"
[0m14:37:56.037265 [debug] [Thread-1  ]: On model.zomato.dim_date: create or replace transient table Zomato.marts.dim_date
    
    
    
    as (with spine as (
    select dateadd(day, seq4(), '2024-01-01'::date) as date_day 
    from 
    table(generator(rowcount=>1200)))
select date_day, year(date_day) as year, month(date_day) as month, monthname(date_day) as month_name,
       dayname(date_day) as day_name, (dayofweekiso(date_day)>=6) as is_weekend
from spine where date_day <= '2026-12-31'
    )

/* {"app": "dbt", "dbt_version": "1.10.22", "profile_name": "zomato", "target_name": "dev", "node_id": "model.zomato.dim_date"} */;
[0m14:37:56.038497 [debug] [Thread-7  ]: Using snowflake connection "model.zomato.stg_reviews"
[0m14:37:56.039202 [debug] [Thread-5  ]: On model.zomato.stg_orders: create or replace   view Zomato.staging.stg_orders
  
  
  
  
  as (
    select
    *
from ZOMATO.RAW.orders
  )
/* {"app": "dbt", "dbt_version": "1.10.22", "profile_name": "zomato", "target_name": "dev", "node_id": "model.zomato.stg_orders"} */;
[0m14:37:56.039981 [debug] [Thread-2  ]: On model.zomato.stg_food: create or replace   view Zomato.staging.stg_food
  
  
  
  
  as (
    select
    *
from ZOMATO.RAW.food
  )
/* {"app": "dbt", "dbt_version": "1.10.22", "profile_name": "zomato", "target_name": "dev", "node_id": "model.zomato.stg_food"} */;
[0m14:37:56.041148 [debug] [Thread-3  ]: On model.zomato.stg_menu: create or replace   view Zomato.staging.stg_menu
  
  
  
  
  as (
    select
    *
from ZOMATO.RAW.menu
  )
/* {"app": "dbt", "dbt_version": "1.10.22", "profile_name": "zomato", "target_name": "dev", "node_id": "model.zomato.stg_menu"} */;
[0m14:37:56.042235 [debug] [Thread-8  ]: Using snowflake connection "model.zomato.stg_users"
[0m14:37:56.042919 [debug] [Thread-6  ]: On model.zomato.stg_restaurants: create or replace   view Zomato.staging.stg_restaurants
  
  
  
  
  as (
    select
    *
from ZOMATO.RAW.restaurants
  )
/* {"app": "dbt", "dbt_version": "1.10.22", "profile_name": "zomato", "target_name": "dev", "node_id": "model.zomato.stg_restaurants"} */;
[0m14:37:56.043609 [debug] [Thread-4  ]: On model.zomato.stg_order_items: create or replace   view Zomato.staging.stg_order_items
  
  
  
  
  as (
    select
    *
from ZOMATO.RAW.order_items
  )
/* {"app": "dbt", "dbt_version": "1.10.22", "profile_name": "zomato", "target_name": "dev", "node_id": "model.zomato.stg_order_items"} */;
[0m14:37:56.044654 [debug] [Thread-7  ]: On model.zomato.stg_reviews: create or replace   view Zomato.staging.stg_reviews
  
  
  
  
  as (
    select
    *
from ZOMATO.RAW.reviews
  )
/* {"app": "dbt", "dbt_version": "1.10.22", "profile_name": "zomato", "target_name": "dev", "node_id": "model.zomato.stg_reviews"} */;
[0m14:37:56.045803 [debug] [Thread-5  ]: Opening a new connection, currently in state init
[0m14:37:56.047620 [debug] [Thread-3  ]: Opening a new connection, currently in state init
[0m14:37:56.048507 [debug] [Thread-8  ]: On model.zomato.stg_users: create or replace   view Zomato.staging.stg_users
  
  
  
  
  as (
    select
    *
from ZOMATO.RAW.users
  )
/* {"app": "dbt", "dbt_version": "1.10.22", "profile_name": "zomato", "target_name": "dev", "node_id": "model.zomato.stg_users"} */;
[0m14:37:56.049740 [debug] [Thread-6  ]: Opening a new connection, currently in state init
[0m14:37:56.050737 [debug] [Thread-4  ]: Opening a new connection, currently in state init
[0m14:37:56.052522 [debug] [Thread-7  ]: Opening a new connection, currently in state init
[0m14:37:56.054154 [debug] [Thread-8  ]: Opening a new connection, currently in state init
[0m14:37:56.440972 [debug] [Thread-2  ]: SQL status: SUCCESS 1 in 0.394 seconds
[0m14:37:56.518318 [debug] [Thread-2  ]: Sending event: {'category': 'dbt', 'action': 'run_model', 'label': '879ef011-8486-4621-842f-3b673f10cce3', 'context': [<snowplow_tracker.self_describing_json.SelfDescribingJson object at 0x10830c1f0>]}
[0m14:37:56.530190 [info ] [Thread-2  ]: 2 of 16 OK created sql view model staging.stg_food ............................. [[32mSUCCESS 1[0m in 0.68s]
[0m14:37:56.538268 [debug] [Thread-2  ]: Finished running node model.zomato.stg_food
[0m14:37:56.543791 [debug] [Thread-2  ]: Began running node model.zomato.dim_food
[0m14:37:56.556503 [info ] [Thread-2  ]: 9 of 16 START sql table model marts.dim_food ................................... [RUN]
[0m14:37:56.564771 [debug] [Thread-2  ]: Re-using an available connection from the pool (formerly model.zomato.stg_food, now model.zomato.dim_food)
[0m14:37:56.569800 [debug] [Thread-2  ]: Began compiling node model.zomato.dim_food
[0m14:37:56.578791 [debug] [Thread-2  ]: Writing injected SQL for node "model.zomato.dim_food"
[0m14:37:56.590801 [debug] [Thread-2  ]: Began executing node model.zomato.dim_food
[0m14:37:56.599817 [debug] [Thread-2  ]: Writing runtime sql for node "model.zomato.dim_food"
[0m14:37:56.605313 [debug] [Thread-2  ]: Using snowflake connection "model.zomato.dim_food"
[0m14:37:56.606413 [debug] [Thread-2  ]: On model.zomato.dim_food: create or replace transient table Zomato.marts.dim_food
    
    
    
    as (select
    f_id,
    item as food_name,
    veg_or_non_veg
from Zomato.staging.stg_food
    )

/* {"app": "dbt", "dbt_version": "1.10.22", "profile_name": "zomato", "target_name": "dev", "node_id": "model.zomato.dim_food"} */;
[0m14:37:57.371820 [debug] [Thread-1  ]: SQL status: SUCCESS 1 in 1.327 seconds
[0m14:37:57.375605 [debug] [Thread-1  ]: Sending event: {'category': 'dbt', 'action': 'run_model', 'label': '879ef011-8486-4621-842f-3b673f10cce3', 'context': [<snowplow_tracker.self_describing_json.SelfDescribingJson object at 0x126aacdc0>]}
[0m14:37:57.379323 [info ] [Thread-1  ]: 1 of 16 OK created sql table model marts.dim_date .............................. [[32mSUCCESS 1[0m in 1.57s]
[0m14:37:57.380387 [debug] [Thread-1  ]: Finished running node model.zomato.dim_date
[0m14:37:57.734814 [debug] [Thread-8  ]: SQL status: SUCCESS 1 in 1.681 seconds
[0m14:37:57.739520 [debug] [Thread-8  ]: Sending event: {'category': 'dbt', 'action': 'run_model', 'label': '879ef011-8486-4621-842f-3b673f10cce3', 'context': [<snowplow_tracker.self_describing_json.SelfDescribingJson object at 0x126951d30>]}
[0m14:37:57.740760 [debug] [Thread-6  ]: SQL status: SUCCESS 1 in 1.691 seconds
[0m14:37:57.741713 [info ] [Thread-8  ]: 8 of 16 OK created sql view model staging.stg_users ............................ [[32mSUCCESS 1[0m in 1.91s]
[0m14:37:57.744660 [debug] [Thread-6  ]: Sending event: {'category': 'dbt', 'action': 'run_model', 'label': '879ef011-8486-4621-842f-3b673f10cce3', 'context': [<snowplow_tracker.self_describing_json.SelfDescribingJson object at 0x126859fd0>]}
[0m14:37:57.745591 [debug] [Thread-8  ]: Finished running node model.zomato.stg_users
[0m14:37:57.746527 [info ] [Thread-6  ]: 6 of 16 OK created sql view model staging.stg_restaurants ...................... [[32mSUCCESS 1[0m in 1.92s]
[0m14:37:57.747895 [debug] [Thread-6  ]: Finished running node model.zomato.stg_restaurants
[0m14:37:57.748612 [debug] [Thread-1  ]: Began running node model.zomato.dim_customer
[0m14:37:57.749677 [info ] [Thread-1  ]: 10 of 16 START sql table model marts.dim_customer .............................. [RUN]
[0m14:37:57.750414 [debug] [Thread-6  ]: Began running node model.zomato.dim_restaurants
[0m14:37:57.751145 [debug] [Thread-1  ]: Re-using an available connection from the pool (formerly model.zomato.dim_date, now model.zomato.dim_customer)
[0m14:37:57.751958 [info ] [Thread-6  ]: 11 of 16 START sql table model marts.dim_restaurants ........................... [RUN]
[0m14:37:57.752663 [debug] [Thread-1  ]: Began compiling node model.zomato.dim_customer
[0m14:37:57.753354 [debug] [Thread-6  ]: Re-using an available connection from the pool (formerly model.zomato.stg_restaurants, now model.zomato.dim_restaurants)
[0m14:37:57.755042 [debug] [Thread-6  ]: Began compiling node model.zomato.dim_restaurants
[0m14:37:57.761725 [debug] [Thread-1  ]: Writing injected SQL for node "model.zomato.dim_customer"
[0m14:37:57.766384 [debug] [Thread-6  ]: Writing injected SQL for node "model.zomato.dim_restaurants"
[0m14:37:57.767575 [debug] [Thread-1  ]: Began executing node model.zomato.dim_customer
[0m14:37:57.772577 [debug] [Thread-1  ]: Writing runtime sql for node "model.zomato.dim_customer"
[0m14:37:57.773480 [debug] [Thread-6  ]: Began executing node model.zomato.dim_restaurants
[0m14:37:57.779813 [debug] [Thread-6  ]: Writing runtime sql for node "model.zomato.dim_restaurants"
[0m14:37:57.781219 [debug] [Thread-3  ]: SQL status: SUCCESS 1 in 1.734 seconds
[0m14:37:57.785119 [debug] [Thread-3  ]: Sending event: {'category': 'dbt', 'action': 'run_model', 'label': '879ef011-8486-4621-842f-3b673f10cce3', 'context': [<snowplow_tracker.self_describing_json.SelfDescribingJson object at 0x12079d5e0>]}
[0m14:37:57.786381 [info ] [Thread-3  ]: 3 of 16 OK created sql view model staging.stg_menu ............................. [[32mSUCCESS 1[0m in 1.97s]
[0m14:37:57.788037 [debug] [Thread-1  ]: Using snowflake connection "model.zomato.dim_customer"
[0m14:37:57.788961 [debug] [Thread-3  ]: Finished running node model.zomato.stg_menu
[0m14:37:57.790106 [debug] [Thread-6  ]: Using snowflake connection "model.zomato.dim_restaurants"
[0m14:37:57.790842 [debug] [Thread-1  ]: On model.zomato.dim_customer: create or replace transient table Zomato.marts.dim_customer
    
    
    
    as (select
    user_id as customer_id,
    name as customer_name,
    email,
    age,
    CASE WHEN age < 25 then 'Gen Z'
         WHEN age < 40 then 'Millennial'
         WHEN age < 55 then 'Gen X'
         WHEN age is null then 'Unknown'
         ELSE 'Boomer' END as age_segment,
    gender,
    marital_status,
    occupation,
    monthly_income,
    education,
    family_size
from Zomato.staging.stg_users
    )

/* {"app": "dbt", "dbt_version": "1.10.22", "profile_name": "zomato", "target_name": "dev", "node_id": "model.zomato.dim_customer"} */;
[0m14:37:57.791763 [debug] [Thread-6  ]: On model.zomato.dim_restaurants: create or replace transient table Zomato.marts.dim_restaurants
    
    
    
    as (select
    id as restaurant_id,
    name as restaurant_name,
    city,
    cuisine,
    rating,
    rating_count,
    cost as cost_for_two
from Zomato.staging.stg_restaurants
    )

/* {"app": "dbt", "dbt_version": "1.10.22", "profile_name": "zomato", "target_name": "dev", "node_id": "model.zomato.dim_restaurants"} */;
[0m14:37:57.985986 [debug] [Thread-5  ]: SQL status: SUCCESS 1 in 1.940 seconds
[0m14:37:57.986985 [debug] [Thread-4  ]: SQL status: SUCCESS 1 in 1.936 seconds
[0m14:37:57.989551 [debug] [Thread-5  ]: Sending event: {'category': 'dbt', 'action': 'run_model', 'label': '879ef011-8486-4621-842f-3b673f10cce3', 'context': [<snowplow_tracker.self_describing_json.SelfDescribingJson object at 0x1269898e0>]}
[0m14:37:57.991983 [debug] [Thread-4  ]: Sending event: {'category': 'dbt', 'action': 'run_model', 'label': '879ef011-8486-4621-842f-3b673f10cce3', 'context': [<snowplow_tracker.self_describing_json.SelfDescribingJson object at 0x1269fda90>]}
[0m14:37:57.992857 [info ] [Thread-5  ]: 5 of 16 OK created sql view model staging.stg_orders ........................... [[32mSUCCESS 1[0m in 2.17s]
[0m14:37:57.993736 [info ] [Thread-4  ]: 4 of 16 OK created sql view model staging.stg_order_items ...................... [[32mSUCCESS 1[0m in 2.17s]
[0m14:37:57.994575 [debug] [Thread-5  ]: Finished running node model.zomato.stg_orders
[0m14:37:57.995343 [debug] [Thread-4  ]: Finished running node model.zomato.stg_order_items
[0m14:37:57.996272 [debug] [Thread-8  ]: Began running node model.zomato.fact_order_items
[0m14:37:57.996839 [debug] [Thread-3  ]: Began running node model.zomato.fct_orders
[0m14:37:57.997550 [info ] [Thread-8  ]: 12 of 16 START sql incremental model marts.fact_order_items .................... [RUN]
[0m14:37:57.998282 [info ] [Thread-3  ]: 13 of 16 START sql incremental model marts.fct_orders .......................... [RUN]
[0m14:37:57.998952 [debug] [Thread-8  ]: Re-using an available connection from the pool (formerly model.zomato.stg_users, now model.zomato.fact_order_items)
[0m14:37:57.999545 [debug] [Thread-3  ]: Re-using an available connection from the pool (formerly model.zomato.stg_menu, now model.zomato.fct_orders)
[0m14:37:58.000078 [debug] [Thread-8  ]: Began compiling node model.zomato.fact_order_items
[0m14:37:58.000590 [debug] [Thread-3  ]: Began compiling node model.zomato.fct_orders
[0m14:37:58.020600 [debug] [Thread-8  ]: Writing injected SQL for node "model.zomato.fact_order_items"
[0m14:37:58.021867 [debug] [Thread-7  ]: SQL status: SUCCESS 1 in 1.969 seconds
[0m14:37:58.024805 [debug] [Thread-3  ]: Writing injected SQL for node "model.zomato.fct_orders"
[0m14:37:58.028083 [debug] [Thread-7  ]: Sending event: {'category': 'dbt', 'action': 'run_model', 'label': '879ef011-8486-4621-842f-3b673f10cce3', 'context': [<snowplow_tracker.self_describing_json.SelfDescribingJson object at 0x126cebfa0>]}
[0m14:37:58.029924 [info ] [Thread-7  ]: 7 of 16 OK created sql view model staging.stg_reviews .......................... [[32mSUCCESS 1[0m in 2.21s]
[0m14:37:58.030934 [debug] [Thread-8  ]: Began executing node model.zomato.fact_order_items
[0m14:37:58.031862 [debug] [Thread-7  ]: Finished running node model.zomato.stg_reviews
[0m14:37:58.038334 [debug] [Thread-3  ]: Began executing node model.zomato.fct_orders
[0m14:37:58.090830 [debug] [Thread-2  ]: SQL status: SUCCESS 1 in 1.483 seconds
[0m14:37:58.104769 [debug] [Thread-2  ]: Sending event: {'category': 'dbt', 'action': 'run_model', 'label': '879ef011-8486-4621-842f-3b673f10cce3', 'context': [<snowplow_tracker.self_describing_json.SelfDescribingJson object at 0x12077b490>]}
[0m14:37:58.119579 [info ] [Thread-2  ]: 9 of 16 OK created sql table model marts.dim_food .............................. [[32mSUCCESS 1[0m in 1.54s]
[0m14:37:58.131111 [debug] [Thread-2  ]: Finished running node model.zomato.dim_food
[0m14:37:58.133630 [debug] [Thread-8  ]: Using snowflake connection "model.zomato.fact_order_items"
[0m14:37:58.134720 [debug] [Thread-3  ]: Using snowflake connection "model.zomato.fct_orders"
[0m14:37:58.135417 [debug] [Thread-8  ]: On model.zomato.fact_order_items: create or replace  temporary view Zomato.marts.fact_order_items__dbt_tmp
  
  
  
  
  as (
    
select
    oi.order_item_id,
    oi.order_id,
    oi.r_id as restaurant_id,
    oi.f_id,
    o.order_timestamp as order_ts,
    o.order_date,
    o.restaurant_city as city,
    oi.price,
    oi.quantity,
    oi.line_amount
from Zomato.staging.stg_order_items oi
inner join Zomato.staging.stg_orders o using (order_id)

  where o.order_timestamp > (select coalesce(max(order_ts),'1900-01-01'::timestamp) from Zomato.marts.fact_order_items)

  )
/* {"app": "dbt", "dbt_version": "1.10.22", "profile_name": "zomato", "target_name": "dev", "node_id": "model.zomato.fact_order_items"} */;
[0m14:37:58.136125 [debug] [Thread-3  ]: On model.zomato.fct_orders: create or replace  temporary view Zomato.marts.fct_orders__dbt_tmp
  
  
  
  
  as (
    
select
    order_id,
    order_timestamp,
    order_date,
    user_id as customer_id,
    r_id as restaurant_id,
    restaurant_city as city,
    cuisine,
    payment_method,
    order_status,
    case when order_status = 'Delivered' then true else false end as is_delivered,
    items_count,
    sales_qty,
    subtotal,
    discount,
    delivery_fee,
    gst,
    sales_amount,
    customer_rating,
    delivery_time_min
from Zomato.staging.stg_orders

  where order_timestamp > (select coalesce(max(order_timestamp),'1900-01-01'::timestamp) from Zomato.marts.fct_orders)

  )
/* {"app": "dbt", "dbt_version": "1.10.22", "profile_name": "zomato", "target_name": "dev", "node_id": "model.zomato.fct_orders"} */;
[0m14:37:58.574632 [debug] [Thread-3  ]: SQL status: SUCCESS 1 in 0.437 seconds
[0m14:37:58.589608 [debug] [Thread-3  ]: Using snowflake connection "model.zomato.fct_orders"
[0m14:37:58.590354 [debug] [Thread-3  ]: On model.zomato.fct_orders: describe table Zomato.marts.fct_orders__dbt_tmp
/* {"app": "dbt", "dbt_version": "1.10.22", "profile_name": "zomato", "target_name": "dev", "node_id": "model.zomato.fct_orders"} */
[0m14:37:58.629155 [debug] [Thread-8  ]: SQL status: SUCCESS 1 in 0.492 seconds
[0m14:37:58.634806 [debug] [Thread-8  ]: Using snowflake connection "model.zomato.fact_order_items"
[0m14:37:58.635472 [debug] [Thread-8  ]: On model.zomato.fact_order_items: describe table Zomato.marts.fact_order_items__dbt_tmp
/* {"app": "dbt", "dbt_version": "1.10.22", "profile_name": "zomato", "target_name": "dev", "node_id": "model.zomato.fact_order_items"} */
[0m14:37:58.764212 [debug] [Thread-3  ]: SQL status: SUCCESS 19 in 0.173 seconds
[0m14:37:58.772914 [debug] [Thread-3  ]: Using snowflake connection "model.zomato.fct_orders"
[0m14:37:58.773653 [debug] [Thread-3  ]: On model.zomato.fct_orders: describe table Zomato.marts.fct_orders
/* {"app": "dbt", "dbt_version": "1.10.22", "profile_name": "zomato", "target_name": "dev", "node_id": "model.zomato.fct_orders"} */
[0m14:37:58.835853 [debug] [Thread-8  ]: SQL status: SUCCESS 10 in 0.200 seconds
[0m14:37:58.841610 [debug] [Thread-8  ]: Using snowflake connection "model.zomato.fact_order_items"
[0m14:37:58.842216 [debug] [Thread-8  ]: On model.zomato.fact_order_items: describe table Zomato.marts.fact_order_items
/* {"app": "dbt", "dbt_version": "1.10.22", "profile_name": "zomato", "target_name": "dev", "node_id": "model.zomato.fact_order_items"} */
[0m14:37:58.874497 [debug] [Thread-6  ]: SQL status: SUCCESS 1 in 1.082 seconds
[0m14:37:58.878171 [debug] [Thread-6  ]: Sending event: {'category': 'dbt', 'action': 'run_model', 'label': '879ef011-8486-4621-842f-3b673f10cce3', 'context': [<snowplow_tracker.self_describing_json.SelfDescribingJson object at 0x12079d1c0>]}
[0m14:37:58.879309 [info ] [Thread-6  ]: 11 of 16 OK created sql table model marts.dim_restaurants ...................... [[32mSUCCESS 1[0m in 1.12s]
[0m14:37:58.880275 [debug] [Thread-6  ]: Finished running node model.zomato.dim_restaurants
[0m14:37:58.903638 [debug] [Thread-3  ]: SQL status: SUCCESS 19 in 0.129 seconds
[0m14:37:58.911473 [debug] [Thread-1  ]: SQL status: SUCCESS 1 in 1.119 seconds
[0m14:37:58.920664 [debug] [Thread-1  ]: Sending event: {'category': 'dbt', 'action': 'run_model', 'label': '879ef011-8486-4621-842f-3b673f10cce3', 'context': [<snowplow_tracker.self_describing_json.SelfDescribingJson object at 0x126951d30>]}
[0m14:37:58.933128 [info ] [Thread-1  ]: 10 of 16 OK created sql table model marts.dim_customer ......................... [[32mSUCCESS 1[0m in 1.17s]
[0m14:37:58.934193 [debug] [Thread-1  ]: Finished running node model.zomato.dim_customer
[0m14:37:58.934849 [debug] [Thread-3  ]: Using snowflake connection "model.zomato.fct_orders"
[0m14:37:58.935462 [debug] [Thread-3  ]: On model.zomato.fct_orders: describe table Zomato.marts.fct_orders__dbt_tmp
/* {"app": "dbt", "dbt_version": "1.10.22", "profile_name": "zomato", "target_name": "dev", "node_id": "model.zomato.fct_orders"} */
[0m14:37:59.136919 [debug] [Thread-8  ]: SQL status: SUCCESS 10 in 0.294 seconds
[0m14:37:59.138454 [debug] [Thread-3  ]: SQL status: SUCCESS 19 in 0.202 seconds
[0m14:37:59.145066 [debug] [Thread-8  ]: Using snowflake connection "model.zomato.fact_order_items"
[0m14:37:59.151984 [debug] [Thread-3  ]: Using snowflake connection "model.zomato.fct_orders"
[0m14:37:59.152583 [debug] [Thread-8  ]: On model.zomato.fact_order_items: describe table Zomato.marts.fact_order_items__dbt_tmp
/* {"app": "dbt", "dbt_version": "1.10.22", "profile_name": "zomato", "target_name": "dev", "node_id": "model.zomato.fact_order_items"} */
[0m14:37:59.153220 [debug] [Thread-3  ]: On model.zomato.fct_orders: describe table "ZOMATO"."MARTS"."FCT_ORDERS"
/* {"app": "dbt", "dbt_version": "1.10.22", "profile_name": "zomato", "target_name": "dev", "node_id": "model.zomato.fct_orders"} */
[0m14:37:59.351849 [debug] [Thread-8  ]: SQL status: SUCCESS 10 in 0.198 seconds
[0m14:37:59.358361 [debug] [Thread-3  ]: SQL status: SUCCESS 19 in 0.203 seconds
[0m14:37:59.360064 [debug] [Thread-8  ]: Using snowflake connection "model.zomato.fact_order_items"
[0m14:37:59.372175 [debug] [Thread-8  ]: On model.zomato.fact_order_items: describe table "ZOMATO"."MARTS"."FACT_ORDER_ITEMS"
/* {"app": "dbt", "dbt_version": "1.10.22", "profile_name": "zomato", "target_name": "dev", "node_id": "model.zomato.fact_order_items"} */
[0m14:37:59.378653 [debug] [Thread-3  ]: 
    In "ZOMATO"."MARTS"."FCT_ORDERS":
        Schema changed: False
        Source columns not in target: []
        Target columns not in source: []
        New column types: []
  
[0m14:37:59.425099 [debug] [Thread-3  ]: Writing runtime sql for node "model.zomato.fct_orders"
[0m14:37:59.427771 [debug] [Thread-3  ]: Using snowflake connection "model.zomato.fct_orders"
[0m14:37:59.428281 [debug] [Thread-3  ]: On model.zomato.fct_orders: -- back compat for old kwarg name
  
  begin
/* {"app": "dbt", "dbt_version": "1.10.22", "profile_name": "zomato", "target_name": "dev", "node_id": "model.zomato.fct_orders"} */;
[0m14:37:59.774667 [debug] [Thread-8  ]: SQL status: SUCCESS 10 in 0.395 seconds
[0m14:37:59.780028 [debug] [Thread-8  ]: 
    In "ZOMATO"."MARTS"."FACT_ORDER_ITEMS":
        Schema changed: False
        Source columns not in target: []
        Target columns not in source: []
        New column types: []
  
[0m14:37:59.782524 [debug] [Thread-8  ]: Writing runtime sql for node "model.zomato.fact_order_items"
[0m14:37:59.785032 [debug] [Thread-8  ]: Using snowflake connection "model.zomato.fact_order_items"
[0m14:37:59.785698 [debug] [Thread-8  ]: On model.zomato.fact_order_items: -- back compat for old kwarg name
  
  begin
/* {"app": "dbt", "dbt_version": "1.10.22", "profile_name": "zomato", "target_name": "dev", "node_id": "model.zomato.fact_order_items"} */;
[0m14:37:59.791444 [debug] [Thread-3  ]: SQL status: SUCCESS 1 in 0.363 seconds
[0m14:37:59.792165 [debug] [Thread-3  ]: Using snowflake connection "model.zomato.fct_orders"
[0m14:37:59.792901 [debug] [Thread-3  ]: On model.zomato.fct_orders: merge into Zomato.marts.fct_orders as DBT_INTERNAL_DEST
        using Zomato.marts.fct_orders__dbt_tmp as DBT_INTERNAL_SOURCE
        on ((DBT_INTERNAL_SOURCE.order_id = DBT_INTERNAL_DEST.order_id))

    
    when matched then update set
        "ORDER_ID" = DBT_INTERNAL_SOURCE."ORDER_ID","ORDER_TIMESTAMP" = DBT_INTERNAL_SOURCE."ORDER_TIMESTAMP","ORDER_DATE" = DBT_INTERNAL_SOURCE."ORDER_DATE","CUSTOMER_ID" = DBT_INTERNAL_SOURCE."CUSTOMER_ID","RESTAURANT_ID" = DBT_INTERNAL_SOURCE."RESTAURANT_ID","CITY" = DBT_INTERNAL_SOURCE."CITY","CUISINE" = DBT_INTERNAL_SOURCE."CUISINE","PAYMENT_METHOD" = DBT_INTERNAL_SOURCE."PAYMENT_METHOD","ORDER_STATUS" = DBT_INTERNAL_SOURCE."ORDER_STATUS","IS_DELIVERED" = DBT_INTERNAL_SOURCE."IS_DELIVERED","ITEMS_COUNT" = DBT_INTERNAL_SOURCE."ITEMS_COUNT","SALES_QTY" = DBT_INTERNAL_SOURCE."SALES_QTY","SUBTOTAL" = DBT_INTERNAL_SOURCE."SUBTOTAL","DISCOUNT" = DBT_INTERNAL_SOURCE."DISCOUNT","DELIVERY_FEE" = DBT_INTERNAL_SOURCE."DELIVERY_FEE","GST" = DBT_INTERNAL_SOURCE."GST","SALES_AMOUNT" = DBT_INTERNAL_SOURCE."SALES_AMOUNT","CUSTOMER_RATING" = DBT_INTERNAL_SOURCE."CUSTOMER_RATING","DELIVERY_TIME_MIN" = DBT_INTERNAL_SOURCE."DELIVERY_TIME_MIN"
    

    when not matched then insert
        ("ORDER_ID", "ORDER_TIMESTAMP", "ORDER_DATE", "CUSTOMER_ID", "RESTAURANT_ID", "CITY", "CUISINE", "PAYMENT_METHOD", "ORDER_STATUS", "IS_DELIVERED", "ITEMS_COUNT", "SALES_QTY", "SUBTOTAL", "DISCOUNT", "DELIVERY_FEE", "GST", "SALES_AMOUNT", "CUSTOMER_RATING", "DELIVERY_TIME_MIN")
    values
        ("ORDER_ID", "ORDER_TIMESTAMP", "ORDER_DATE", "CUSTOMER_ID", "RESTAURANT_ID", "CITY", "CUISINE", "PAYMENT_METHOD", "ORDER_STATUS", "IS_DELIVERED", "ITEMS_COUNT", "SALES_QTY", "SUBTOTAL", "DISCOUNT", "DELIVERY_FEE", "GST", "SALES_AMOUNT", "CUSTOMER_RATING", "DELIVERY_TIME_MIN")


/* {"app": "dbt", "dbt_version": "1.10.22", "profile_name": "zomato", "target_name": "dev", "node_id": "model.zomato.fct_orders"} */;
[0m14:38:00.129437 [debug] [Thread-8  ]: SQL status: SUCCESS 1 in 0.343 seconds
[0m14:38:00.130560 [debug] [Thread-8  ]: Using snowflake connection "model.zomato.fact_order_items"
[0m14:38:00.131376 [debug] [Thread-8  ]: On model.zomato.fact_order_items: merge into Zomato.marts.fact_order_items as DBT_INTERNAL_DEST
        using Zomato.marts.fact_order_items__dbt_tmp as DBT_INTERNAL_SOURCE
        on ((DBT_INTERNAL_SOURCE.order_item_id = DBT_INTERNAL_DEST.order_item_id))

    
    when matched then update set
        "ORDER_ITEM_ID" = DBT_INTERNAL_SOURCE."ORDER_ITEM_ID","ORDER_ID" = DBT_INTERNAL_SOURCE."ORDER_ID","RESTAURANT_ID" = DBT_INTERNAL_SOURCE."RESTAURANT_ID","F_ID" = DBT_INTERNAL_SOURCE."F_ID","ORDER_TS" = DBT_INTERNAL_SOURCE."ORDER_TS","ORDER_DATE" = DBT_INTERNAL_SOURCE."ORDER_DATE","CITY" = DBT_INTERNAL_SOURCE."CITY","PRICE" = DBT_INTERNAL_SOURCE."PRICE","QUANTITY" = DBT_INTERNAL_SOURCE."QUANTITY","LINE_AMOUNT" = DBT_INTERNAL_SOURCE."LINE_AMOUNT"
    

    when not matched then insert
        ("ORDER_ITEM_ID", "ORDER_ID", "RESTAURANT_ID", "F_ID", "ORDER_TS", "ORDER_DATE", "CITY", "PRICE", "QUANTITY", "LINE_AMOUNT")
    values
        ("ORDER_ITEM_ID", "ORDER_ID", "RESTAURANT_ID", "F_ID", "ORDER_TS", "ORDER_DATE", "CITY", "PRICE", "QUANTITY", "LINE_AMOUNT")


/* {"app": "dbt", "dbt_version": "1.10.22", "profile_name": "zomato", "target_name": "dev", "node_id": "model.zomato.fact_order_items"} */;
[0m14:38:00.344263 [debug] [Thread-3  ]: SQL status: SUCCESS 0 in 0.550 seconds
[0m14:38:00.345447 [debug] [Thread-3  ]: Using snowflake connection "model.zomato.fct_orders"
[0m14:38:00.346201 [debug] [Thread-3  ]: On model.zomato.fct_orders: COMMIT
/* {"app": "dbt", "dbt_version": "1.10.22", "profile_name": "zomato", "target_name": "dev", "node_id": "model.zomato.fct_orders"} */
[0m14:38:00.538969 [debug] [Thread-8  ]: SQL status: SUCCESS 0 in 0.407 seconds
[0m14:38:00.540152 [debug] [Thread-8  ]: Using snowflake connection "model.zomato.fact_order_items"
[0m14:38:00.540908 [debug] [Thread-8  ]: On model.zomato.fact_order_items: COMMIT
/* {"app": "dbt", "dbt_version": "1.10.22", "profile_name": "zomato", "target_name": "dev", "node_id": "model.zomato.fact_order_items"} */
[0m14:38:00.645814 [debug] [Thread-3  ]: SQL status: SUCCESS 1 in 0.299 seconds
[0m14:38:00.659409 [debug] [Thread-3  ]: Applying DROP to: Zomato.marts.fct_orders__dbt_tmp
[0m14:38:00.668299 [debug] [Thread-3  ]: Using snowflake connection "model.zomato.fct_orders"
[0m14:38:00.668942 [debug] [Thread-3  ]: On model.zomato.fct_orders: drop view if exists Zomato.marts.fct_orders__dbt_tmp cascade
/* {"app": "dbt", "dbt_version": "1.10.22", "profile_name": "zomato", "target_name": "dev", "node_id": "model.zomato.fct_orders"} */
[0m14:38:00.788669 [debug] [Thread-8  ]: SQL status: SUCCESS 1 in 0.247 seconds
[0m14:38:00.794625 [debug] [Thread-8  ]: Applying DROP to: Zomato.marts.fact_order_items__dbt_tmp
[0m14:38:00.795793 [debug] [Thread-8  ]: Using snowflake connection "model.zomato.fact_order_items"
[0m14:38:00.796425 [debug] [Thread-8  ]: On model.zomato.fact_order_items: drop view if exists Zomato.marts.fact_order_items__dbt_tmp cascade
/* {"app": "dbt", "dbt_version": "1.10.22", "profile_name": "zomato", "target_name": "dev", "node_id": "model.zomato.fact_order_items"} */
[0m14:38:00.939403 [debug] [Thread-3  ]: SQL status: SUCCESS 1 in 0.270 seconds
[0m14:38:00.943162 [debug] [Thread-3  ]: Sending event: {'category': 'dbt', 'action': 'run_model', 'label': '879ef011-8486-4621-842f-3b673f10cce3', 'context': [<snowplow_tracker.self_describing_json.SelfDescribingJson object at 0x120565e80>]}
[0m14:38:00.944302 [info ] [Thread-3  ]: 13 of 16 OK created sql incremental model marts.fct_orders ..................... [[32mSUCCESS 0[0m in 2.94s]
[0m14:38:00.945304 [debug] [Thread-3  ]: Finished running node model.zomato.fct_orders
[0m14:38:00.946294 [debug] [Thread-4  ]: Began running node model.zomato.mart_daily_city_revenune
[0m14:38:00.947005 [debug] [Thread-5  ]: Began running node model.zomato.mart_delivery_sla
[0m14:38:00.947785 [info ] [Thread-4  ]: 14 of 16 START sql table model marts.mart_daily_city_revenune .................. [RUN]
[0m14:38:00.948559 [debug] [Thread-7  ]: Began running node model.zomato.mart_restaurant_performance
[0m14:38:00.949309 [info ] [Thread-5  ]: 15 of 16 START sql table model marts.mart_delivery_sla ......................... [RUN]
[0m14:38:00.950098 [debug] [Thread-4  ]: Re-using an available connection from the pool (formerly model.zomato.stg_order_items, now model.zomato.mart_daily_city_revenune)
[0m14:38:00.951075 [info ] [Thread-7  ]: 16 of 16 START sql table model marts.mart_restaurant_performance ............... [RUN]
[0m14:38:00.952006 [debug] [Thread-5  ]: Re-using an available connection from the pool (formerly model.zomato.stg_orders, now model.zomato.mart_delivery_sla)
[0m14:38:00.952700 [debug] [Thread-4  ]: Began compiling node model.zomato.mart_daily_city_revenune
[0m14:38:00.953409 [debug] [Thread-7  ]: Re-using an available connection from the pool (formerly model.zomato.stg_reviews, now model.zomato.mart_restaurant_performance)
[0m14:38:00.954080 [debug] [Thread-5  ]: Began compiling node model.zomato.mart_delivery_sla
[0m14:38:00.959280 [debug] [Thread-4  ]: Writing injected SQL for node "model.zomato.mart_daily_city_revenune"
[0m14:38:00.960073 [debug] [Thread-7  ]: Began compiling node model.zomato.mart_restaurant_performance
[0m14:38:00.964991 [debug] [Thread-5  ]: Writing injected SQL for node "model.zomato.mart_delivery_sla"
[0m14:38:00.971824 [debug] [Thread-7  ]: Writing injected SQL for node "model.zomato.mart_restaurant_performance"
[0m14:38:00.973049 [debug] [Thread-4  ]: Began executing node model.zomato.mart_daily_city_revenune
[0m14:38:00.978885 [debug] [Thread-4  ]: Writing runtime sql for node "model.zomato.mart_daily_city_revenune"
[0m14:38:00.979852 [debug] [Thread-7  ]: Began executing node model.zomato.mart_restaurant_performance
[0m14:38:00.980524 [debug] [Thread-5  ]: Began executing node model.zomato.mart_delivery_sla
[0m14:38:00.985424 [debug] [Thread-7  ]: Writing runtime sql for node "model.zomato.mart_restaurant_performance"
[0m14:38:00.990861 [debug] [Thread-5  ]: Writing runtime sql for node "model.zomato.mart_delivery_sla"
[0m14:38:00.992927 [debug] [Thread-4  ]: Using snowflake connection "model.zomato.mart_daily_city_revenune"
[0m14:38:00.993890 [debug] [Thread-4  ]: On model.zomato.mart_daily_city_revenune: create or replace transient table Zomato.marts.mart_daily_city_revenune
    
    
    
    as (select 
order_date, 
city, 
count(*) as orders, 
count_if(is_delivered) as delivered_orders,
round(div0(count_if(order_status='Cancelled'), count(*)),4) as cancel_rate,
sum(iff(is_delivered, sales_amount, 0)) as gmv,
round(div0(sum(iff(is_delivered, sales_amount,0)), count_if(is_delivered)),2) as aov
from Zomato.marts.fct_orders group by 1,2
    )

/* {"app": "dbt", "dbt_version": "1.10.22", "profile_name": "zomato", "target_name": "dev", "node_id": "model.zomato.mart_daily_city_revenune"} */;
[0m14:38:00.996011 [debug] [Thread-7  ]: Using snowflake connection "model.zomato.mart_restaurant_performance"
[0m14:38:00.997236 [debug] [Thread-7  ]: On model.zomato.mart_restaurant_performance: create or replace transient table Zomato.marts.mart_restaurant_performance
    
    
    
    as (select 
f.restaurant_id, r.restaurant_name, r.city, r.cuisine, 
count(*) as orders,
sum(iff(f.is_delivered, f.sales_amount, 0)) as revenue, 
round(avg(f.customer_rating),2) as avg_customer_rating,
round(avg(f.delivery_time_min),1) as avg_delivery_min
from Zomato.marts.fct_orders f 
left join Zomato.marts.dim_restaurants r using (restaurant_id) 
group by 1,2,3,4
    )

/* {"app": "dbt", "dbt_version": "1.10.22", "profile_name": "zomato", "target_name": "dev", "node_id": "model.zomato.mart_restaurant_performance"} */;
[0m14:38:01.000140 [debug] [Thread-5  ]: Using snowflake connection "model.zomato.mart_delivery_sla"
[0m14:38:01.001326 [debug] [Thread-5  ]: On model.zomato.mart_delivery_sla: create or replace transient table Zomato.marts.mart_delivery_sla
    
    
    
    as (select city, 
hour(order_timestamp) as order_hour, 
count_if(is_delivered) as delivered_orders,
round(median(delivery_time_min),1) as p50, 
round(percentile_cont(0.9) within group (order by delivery_time_min),1) as p90
from Zomato.marts.fct_orders 
where is_delivered group by 1,2
    )

/* {"app": "dbt", "dbt_version": "1.10.22", "profile_name": "zomato", "target_name": "dev", "node_id": "model.zomato.mart_delivery_sla"} */;
[0m14:38:01.069277 [debug] [Thread-8  ]: SQL status: SUCCESS 1 in 0.272 seconds
[0m14:38:01.073067 [debug] [Thread-8  ]: Sending event: {'category': 'dbt', 'action': 'run_model', 'label': '879ef011-8486-4621-842f-3b673f10cce3', 'context': [<snowplow_tracker.self_describing_json.SelfDescribingJson object at 0x1205e7fd0>]}
[0m14:38:01.074206 [info ] [Thread-8  ]: 12 of 16 OK created sql incremental model marts.fact_order_items ............... [[32mSUCCESS 0[0m in 3.07s]
[0m14:38:01.075217 [debug] [Thread-8  ]: Finished running node model.zomato.fact_order_items
[0m14:38:03.174048 [debug] [Thread-4  ]: SQL status: SUCCESS 1 in 2.179 seconds
[0m14:38:03.177765 [debug] [Thread-4  ]: Sending event: {'category': 'dbt', 'action': 'run_model', 'label': '879ef011-8486-4621-842f-3b673f10cce3', 'context': [<snowplow_tracker.self_describing_json.SelfDescribingJson object at 0x1206b2b50>]}
[0m14:38:03.178917 [info ] [Thread-4  ]: 14 of 16 OK created sql table model marts.mart_daily_city_revenune ............. [[32mSUCCESS 1[0m in 2.23s]
[0m14:38:03.179919 [debug] [Thread-4  ]: Finished running node model.zomato.mart_daily_city_revenune
[0m14:38:03.617295 [debug] [Thread-5  ]: SQL status: SUCCESS 1 in 2.615 seconds
[0m14:38:03.620988 [debug] [Thread-5  ]: Sending event: {'category': 'dbt', 'action': 'run_model', 'label': '879ef011-8486-4621-842f-3b673f10cce3', 'context': [<snowplow_tracker.self_describing_json.SelfDescribingJson object at 0x120661400>]}
[0m14:38:03.622146 [info ] [Thread-5  ]: 15 of 16 OK created sql table model marts.mart_delivery_sla .................... [[32mSUCCESS 1[0m in 2.67s]
[0m14:38:03.623136 [debug] [Thread-5  ]: Finished running node model.zomato.mart_delivery_sla
[0m14:38:03.677621 [debug] [Thread-7  ]: SQL status: SUCCESS 1 in 2.679 seconds
[0m14:38:03.681485 [debug] [Thread-7  ]: Sending event: {'category': 'dbt', 'action': 'run_model', 'label': '879ef011-8486-4621-842f-3b673f10cce3', 'context': [<snowplow_tracker.self_describing_json.SelfDescribingJson object at 0x1206613d0>]}
[0m14:38:03.682647 [info ] [Thread-7  ]: 16 of 16 OK created sql table model marts.mart_restaurant_performance .......... [[32mSUCCESS 1[0m in 2.73s]
[0m14:38:03.683697 [debug] [Thread-7  ]: Finished running node model.zomato.mart_restaurant_performance
[0m14:38:03.685724 [debug] [MainThread]: Connection 'master' was properly closed.
[0m14:38:03.686259 [debug] [MainThread]: Connection 'model.zomato.dim_customer' was left open.
[0m14:38:03.686797 [debug] [MainThread]: On model.zomato.dim_customer: Close
[0m14:38:04.062492 [debug] [MainThread]: Connection 'model.zomato.dim_food' was left open.
[0m14:38:04.063277 [debug] [MainThread]: On model.zomato.dim_food: Close
[0m14:38:04.446581 [debug] [MainThread]: Connection 'model.zomato.fct_orders' was left open.
[0m14:38:04.447362 [debug] [MainThread]: On model.zomato.fct_orders: Close
[0m14:38:05.226001 [debug] [MainThread]: Connection 'model.zomato.mart_daily_city_revenune' was left open.
[0m14:38:05.226775 [debug] [MainThread]: On model.zomato.mart_daily_city_revenune: Close
[0m14:38:05.521511 [debug] [MainThread]: Connection 'model.zomato.mart_delivery_sla' was left open.
[0m14:38:05.522285 [debug] [MainThread]: On model.zomato.mart_delivery_sla: Close
[0m14:38:06.022270 [debug] [MainThread]: Connection 'model.zomato.dim_restaurants' was left open.
[0m14:38:06.022932 [debug] [MainThread]: On model.zomato.dim_restaurants: Close
[0m14:38:06.432923 [debug] [MainThread]: Connection 'model.zomato.mart_restaurant_performance' was left open.
[0m14:38:06.433700 [debug] [MainThread]: On model.zomato.mart_restaurant_performance: Close
[0m14:38:06.841034 [debug] [MainThread]: Connection 'model.zomato.fact_order_items' was left open.
[0m14:38:06.841804 [debug] [MainThread]: On model.zomato.fact_order_items: Close
[0m14:38:07.233657 [info ] [MainThread]: 
[0m14:38:07.234481 [info ] [MainThread]: Finished running 2 incremental models, 7 table models, 7 view models in 0 hours 0 minutes and 15.93 seconds (15.93s).
[0m14:38:07.239459 [debug] [MainThread]: Command end result
[0m14:38:07.282554 [debug] [MainThread]: Wrote artifact WritableManifest to /Users/mac/projects/DE project/zomato_ai_project/zomato/target/manifest.json
[0m14:38:07.285350 [debug] [MainThread]: Wrote artifact SemanticManifest to /Users/mac/projects/DE project/zomato_ai_project/zomato/target/semantic_manifest.json
[0m14:38:07.296532 [debug] [MainThread]: Wrote artifact RunExecutionResult to /Users/mac/projects/DE project/zomato_ai_project/zomato/target/run_results.json
[0m14:38:07.297130 [info ] [MainThread]: 
[0m14:38:07.297753 [info ] [MainThread]: [32mCompleted successfully[0m
[0m14:38:07.298308 [info ] [MainThread]: 
[0m14:38:07.298878 [info ] [MainThread]: Done. PASS=16 WARN=0 ERROR=0 SKIP=0 NO-OP=0 TOTAL=16
[0m14:38:07.304064 [debug] [MainThread]: Resource report: {"command_name": "run", "command_success": true, "command_wall_clock_time": 18.853943, "process_in_blocks": "0", "process_kernel_time": 1.557878, "process_mem_max_rss": "225931264", "process_out_blocks": "0", "process_user_time": 8.578727}
[0m14:38:07.304990 [debug] [MainThread]: Command `dbt run` succeeded at 14:38:07.304819 after 18.85 seconds
[0m14:38:07.305605 [debug] [MainThread]: Sending event: {'category': 'dbt', 'action': 'invocation', 'label': 'end', 'context': [<snowplow_tracker.self_describing_json.SelfDescribingJson object at 0x109589bb0>, <snowplow_tracker.self_describing_json.SelfDescribingJson object at 0x11397e400>, <snowplow_tracker.self_describing_json.SelfDescribingJson object at 0x10aadd8e0>]}
[0m14:38:07.306319 [debug] [MainThread]: Flushing usage events
[0m14:38:11.179664 [debug] [MainThread]: An error was encountered while trying to flush usage events
[0m17:26:56.621325 [debug] [MainThread]: Sending event: {'category': 'dbt', 'action': 'invocation', 'label': 'start', 'context': [<snowplow_tracker.self_describing_json.SelfDescribingJson object at 0x108256b20>, <snowplow_tracker.self_describing_json.SelfDescribingJson object at 0x1097db910>, <snowplow_tracker.self_describing_json.SelfDescribingJson object at 0x1097dbaf0>]}


============================== 17:26:56.628682 | 8fcac3db-34f3-43bd-a9fa-3bf5b136401a ==============================
[0m17:26:56.628682 [info ] [MainThread]: Running with dbt=1.10.22
[0m17:26:56.629735 [debug] [MainThread]: running dbt with arguments {'fail_fast': 'False', 'log_cache_events': 'False', 'indirect_selection': 'eager', 'partial_parse': 'True', 'send_anonymous_usage_stats': 'True', 'log_format': 'default', 'invocation_command': 'dbt test', 'warn_error_options': 'WarnErrorOptionsV2(error=[], warn=[], silence=[])', 'write_json': 'True', 'quiet': 'False', 'use_colors': 'True', 'no_print': 'None', 'static_parser': 'True', 'debug': 'False', 'cache_selected_only': 'False', 'printer_width': '80', 'log_path': '/Users/mac/projects/DE project/zomato_ai_project/zomato/logs', 'profiles_dir': '/Users/mac/.dbt', 'version_check': 'True', 'warn_error': 'None', 'empty': 'None', 'introspect': 'True', 'target_path': 'None', 'use_experimental_parser': 'False'}
[0m17:26:58.441138 [debug] [MainThread]: Sending event: {'category': 'dbt', 'action': 'project_id', 'label': '8fcac3db-34f3-43bd-a9fa-3bf5b136401a', 'context': [<snowplow_tracker.self_describing_json.SelfDescribingJson object at 0x1097bea90>]}
[0m17:26:58.547645 [debug] [MainThread]: Sending event: {'category': 'dbt', 'action': 'adapter_info', 'label': '8fcac3db-34f3-43bd-a9fa-3bf5b136401a', 'context': [<snowplow_tracker.self_describing_json.SelfDescribingJson object at 0x1092020d0>]}
[0m17:26:58.549371 [info ] [MainThread]: Registered adapter: snowflake=1.10.2
[0m17:26:58.812837 [debug] [MainThread]: checksum: 04c83ee057a648a2f8e380c895ffead170732fa039f068d62b9d36aaeefaf7cc, vars: {}, profile: , target: , version: 1.10.22
[0m17:26:59.088220 [debug] [MainThread]: Partial parsing enabled: 0 files deleted, 2 files added, 0 files changed.
[0m17:26:59.089047 [debug] [MainThread]: Partial parsing: added file: zomato://models/staging/_staging.yml
[0m17:26:59.089694 [debug] [MainThread]: Partial parsing: added file: zomato://models/marts/_marts.yml
[0m17:26:59.504114 [warn ] [MainThread]: [[33mWARNING[0m][MissingArgumentsPropertyInGenericTestDeprecation]: Deprecated
functionality
Found top-level arguments to test `relationships`. Arguments to generic tests
should be nested under the `arguments` property.`
[0m17:26:59.504722 [debug] [MainThread]: Sending event: {'category': 'dbt', 'action': 'deprecation', 'label': '8fcac3db-34f3-43bd-a9fa-3bf5b136401a', 'property_': 'warn', 'context': [<snowplow_tracker.self_describing_json.SelfDescribingJson object at 0x110c42430>]}
[0m17:26:59.669731 [warn ] [MainThread]: [[33mWARNING[0m]: Configuration paths exist in your dbt_project.yml file which do not apply to any resources.
There are 1 unused configuration paths:
- snapshots.zomato
[0m17:26:59.694736 [debug] [MainThread]: Sending event: {'category': 'dbt', 'action': 'load_project', 'label': '8fcac3db-34f3-43bd-a9fa-3bf5b136401a', 'context': [<snowplow_tracker.self_describing_json.SelfDescribingJson object at 0x110db6130>]}
[0m17:26:59.854816 [debug] [MainThread]: Wrote artifact WritableManifest to /Users/mac/projects/DE project/zomato_ai_project/zomato/target/manifest.json
[0m17:26:59.858340 [debug] [MainThread]: Wrote artifact SemanticManifest to /Users/mac/projects/DE project/zomato_ai_project/zomato/target/semantic_manifest.json
[0m17:26:59.911963 [debug] [MainThread]: Sending event: {'category': 'dbt', 'action': 'resource_counts', 'label': '8fcac3db-34f3-43bd-a9fa-3bf5b136401a', 'context': [<snowplow_tracker.self_describing_json.SelfDescribingJson object at 0x110ed8c10>]}
[0m17:26:59.912832 [info ] [MainThread]: Found 17 models, 16 data tests, 8 sources, 493 macros
[0m17:26:59.913527 [debug] [MainThread]: Sending event: {'category': 'dbt', 'action': 'runnable_timing', 'label': '8fcac3db-34f3-43bd-a9fa-3bf5b136401a', 'context': [<snowplow_tracker.self_describing_json.SelfDescribingJson object at 0x110deb550>]}
[0m17:26:59.917953 [info ] [MainThread]: 
[0m17:26:59.918641 [info ] [MainThread]: Concurrency: 8 threads (target='dev')
[0m17:26:59.919206 [info ] [MainThread]: 
[0m17:26:59.920010 [debug] [MainThread]: Acquiring new snowflake connection 'master'
[0m17:26:59.931241 [debug] [ThreadPool]: Acquiring new snowflake connection 'list_Zomato_marts'
[0m17:26:59.932219 [debug] [ThreadPool]: Acquiring new snowflake connection 'list_Zomato_staging'
[0m17:27:00.076732 [debug] [ThreadPool]: Using snowflake connection "list_Zomato_marts"
[0m17:27:00.077343 [debug] [ThreadPool]: On list_Zomato_marts: show objects in Zomato.marts
    limit 10000
    

/* {"app": "dbt", "dbt_version": "1.10.22", "profile_name": "zomato", "target_name": "dev", "connection_name": "list_Zomato_marts"} */;
[0m17:27:00.077839 [debug] [ThreadPool]: Opening a new connection, currently in state init
[0m17:27:00.078644 [debug] [ThreadPool]: Using snowflake connection "list_Zomato_staging"
[0m17:27:00.079157 [debug] [ThreadPool]: On list_Zomato_staging: show objects in Zomato.staging
    limit 10000
    

/* {"app": "dbt", "dbt_version": "1.10.22", "profile_name": "zomato", "target_name": "dev", "connection_name": "list_Zomato_staging"} */;
[0m17:27:00.080449 [debug] [ThreadPool]: Opening a new connection, currently in state init
[0m17:27:04.929224 [debug] [ThreadPool]: SQL status: SUCCESS 7 in 4.849 seconds
[0m17:27:04.943412 [debug] [ThreadPool]: SQL status: SUCCESS 9 in 4.866 seconds
[0m17:27:04.951533 [debug] [MainThread]: Sending event: {'category': 'dbt', 'action': 'runnable_timing', 'label': '8fcac3db-34f3-43bd-a9fa-3bf5b136401a', 'context': [<snowplow_tracker.self_describing_json.SelfDescribingJson object at 0x110ed88e0>]}
[0m17:27:04.957797 [debug] [Thread-1  ]: Began running node test.zomato.accepted_values_fct_orders_order_status__Delivered__Cancelled__Refunded.165fe30b61
[0m17:27:04.958599 [debug] [Thread-2  ]: Began running node test.zomato.not_null_fct_orders_order_id.4e687af8d0
[0m17:27:04.959836 [debug] [Thread-3  ]: Began running node test.zomato.not_null_stg_order_items_order_item_id.26a7e2bc35
[0m17:27:04.960531 [debug] [Thread-4  ]: Began running node test.zomato.not_null_stg_orders_customer_id.af79d5e4b5
[0m17:27:04.959286 [info ] [Thread-1  ]: 1 of 16 START test accepted_values_fct_orders_order_status__Delivered__Cancelled__Refunded  [RUN]
[0m17:27:04.961365 [debug] [Thread-5  ]: Began running node test.zomato.not_null_stg_orders_order_id.81cfe2fe64
[0m17:27:04.962009 [debug] [Thread-6  ]: Began running node test.zomato.not_null_stg_orders_restaurant_id.45b9b0e98c
[0m17:27:04.963199 [debug] [Thread-7  ]: Began running node test.zomato.not_null_stg_restaurants_restaurant_id.df7b642a2f
[0m17:27:04.962659 [info ] [Thread-2  ]: 2 of 16 START test not_null_fct_orders_order_id ................................ [RUN]
[0m17:27:04.964108 [debug] [Thread-8  ]: Began running node test.zomato.not_null_stg_reviews_review_id.943b8fc3e4
[0m17:27:04.964935 [info ] [Thread-3  ]: 3 of 16 START test not_null_stg_order_items_order_item_id ...................... [RUN]
[0m17:27:04.965993 [info ] [Thread-4  ]: 4 of 16 START test not_null_stg_orders_customer_id ............................. [RUN]
[0m17:27:04.966977 [debug] [Thread-1  ]: Re-using an available connection from the pool (formerly list_Zomato_marts, now test.zomato.accepted_values_fct_orders_order_status__Delivered__Cancelled__Refunded.165fe30b61)
[0m17:27:04.967692 [info ] [Thread-5  ]: 5 of 16 START test not_null_stg_orders_order_id ................................ [RUN]
[0m17:27:04.968439 [info ] [Thread-6  ]: 6 of 16 START test not_null_stg_orders_restaurant_id ........................... [RUN]
[0m17:27:04.969191 [info ] [Thread-7  ]: 7 of 16 START test not_null_stg_restaurants_restaurant_id ...................... [RUN]
[0m17:27:04.969954 [debug] [Thread-2  ]: Re-using an available connection from the pool (formerly list_Zomato_staging, now test.zomato.not_null_fct_orders_order_id.4e687af8d0)
[0m17:27:04.970653 [info ] [Thread-8  ]: 8 of 16 START test not_null_stg_reviews_review_id .............................. [RUN]
[0m17:27:04.971849 [debug] [Thread-3  ]: Acquiring new snowflake connection 'test.zomato.not_null_stg_order_items_order_item_id.26a7e2bc35'
[0m17:27:04.972793 [debug] [Thread-4  ]: Acquiring new snowflake connection 'test.zomato.not_null_stg_orders_customer_id.af79d5e4b5'
[0m17:27:04.974536 [debug] [Thread-1  ]: Began compiling node test.zomato.accepted_values_fct_orders_order_status__Delivered__Cancelled__Refunded.165fe30b61
[0m17:27:04.975749 [debug] [Thread-5  ]: Acquiring new snowflake connection 'test.zomato.not_null_stg_orders_order_id.81cfe2fe64'
[0m17:27:04.976669 [debug] [Thread-6  ]: Acquiring new snowflake connection 'test.zomato.not_null_stg_orders_restaurant_id.45b9b0e98c'
[0m17:27:04.977522 [debug] [Thread-7  ]: Acquiring new snowflake connection 'test.zomato.not_null_stg_restaurants_restaurant_id.df7b642a2f'
[0m17:27:04.978204 [debug] [Thread-2  ]: Began compiling node test.zomato.not_null_fct_orders_order_id.4e687af8d0
[0m17:27:04.979050 [debug] [Thread-8  ]: Acquiring new snowflake connection 'test.zomato.not_null_stg_reviews_review_id.943b8fc3e4'
[0m17:27:04.979712 [debug] [Thread-3  ]: Began compiling node test.zomato.not_null_stg_order_items_order_item_id.26a7e2bc35
[0m17:27:04.981219 [debug] [Thread-4  ]: Began compiling node test.zomato.not_null_stg_orders_customer_id.af79d5e4b5
[0m17:27:04.999846 [debug] [Thread-1  ]: Writing injected SQL for node "test.zomato.accepted_values_fct_orders_order_status__Delivered__Cancelled__Refunded.165fe30b61"
[0m17:27:05.000592 [debug] [Thread-5  ]: Began compiling node test.zomato.not_null_stg_orders_order_id.81cfe2fe64
[0m17:27:05.001304 [debug] [Thread-6  ]: Began compiling node test.zomato.not_null_stg_orders_restaurant_id.45b9b0e98c
[0m17:27:05.001954 [debug] [Thread-7  ]: Began compiling node test.zomato.not_null_stg_restaurants_restaurant_id.df7b642a2f
[0m17:27:05.016497 [debug] [Thread-8  ]: Began compiling node test.zomato.not_null_stg_reviews_review_id.943b8fc3e4
[0m17:27:05.022505 [debug] [Thread-2  ]: Writing injected SQL for node "test.zomato.not_null_fct_orders_order_id.4e687af8d0"
[0m17:27:05.029803 [debug] [Thread-3  ]: Writing injected SQL for node "test.zomato.not_null_stg_order_items_order_item_id.26a7e2bc35"
[0m17:27:05.036551 [debug] [Thread-4  ]: Writing injected SQL for node "test.zomato.not_null_stg_orders_customer_id.af79d5e4b5"
[0m17:27:05.043516 [debug] [Thread-5  ]: Writing injected SQL for node "test.zomato.not_null_stg_orders_order_id.81cfe2fe64"
[0m17:27:05.050422 [debug] [Thread-6  ]: Writing injected SQL for node "test.zomato.not_null_stg_orders_restaurant_id.45b9b0e98c"
[0m17:27:05.056986 [debug] [Thread-7  ]: Writing injected SQL for node "test.zomato.not_null_stg_restaurants_restaurant_id.df7b642a2f"
[0m17:27:05.057846 [debug] [Thread-1  ]: Began executing node test.zomato.accepted_values_fct_orders_order_status__Delivered__Cancelled__Refunded.165fe30b61
[0m17:27:05.066524 [debug] [Thread-8  ]: Writing injected SQL for node "test.zomato.not_null_stg_reviews_review_id.943b8fc3e4"
[0m17:27:05.068241 [debug] [Thread-2  ]: Began executing node test.zomato.not_null_fct_orders_order_id.4e687af8d0
[0m17:27:05.069049 [debug] [Thread-6  ]: Began executing node test.zomato.not_null_stg_orders_restaurant_id.45b9b0e98c
[0m17:27:05.069712 [debug] [Thread-5  ]: Began executing node test.zomato.not_null_stg_orders_order_id.81cfe2fe64
[0m17:27:05.070718 [debug] [Thread-3  ]: Began executing node test.zomato.not_null_stg_order_items_order_item_id.26a7e2bc35
[0m17:27:05.071398 [debug] [Thread-4  ]: Began executing node test.zomato.not_null_stg_orders_customer_id.af79d5e4b5
[0m17:27:05.084023 [debug] [Thread-7  ]: Began executing node test.zomato.not_null_stg_restaurants_restaurant_id.df7b642a2f
[0m17:27:05.128250 [debug] [Thread-1  ]: Writing runtime sql for node "test.zomato.accepted_values_fct_orders_order_status__Delivered__Cancelled__Refunded.165fe30b61"
[0m17:27:05.129410 [debug] [Thread-2  ]: Writing runtime sql for node "test.zomato.not_null_fct_orders_order_id.4e687af8d0"
[0m17:27:05.133539 [debug] [Thread-6  ]: Writing runtime sql for node "test.zomato.not_null_stg_orders_restaurant_id.45b9b0e98c"
[0m17:27:05.134326 [debug] [Thread-8  ]: Began executing node test.zomato.not_null_stg_reviews_review_id.943b8fc3e4
[0m17:27:05.138564 [debug] [Thread-5  ]: Writing runtime sql for node "test.zomato.not_null_stg_orders_order_id.81cfe2fe64"
[0m17:27:05.143836 [debug] [Thread-3  ]: Writing runtime sql for node "test.zomato.not_null_stg_order_items_order_item_id.26a7e2bc35"
[0m17:27:05.148954 [debug] [Thread-4  ]: Writing runtime sql for node "test.zomato.not_null_stg_orders_customer_id.af79d5e4b5"
[0m17:27:05.153209 [debug] [Thread-7  ]: Writing runtime sql for node "test.zomato.not_null_stg_restaurants_restaurant_id.df7b642a2f"
[0m17:27:05.158290 [debug] [Thread-8  ]: Writing runtime sql for node "test.zomato.not_null_stg_reviews_review_id.943b8fc3e4"
[0m17:27:05.161062 [debug] [Thread-1  ]: Using snowflake connection "test.zomato.accepted_values_fct_orders_order_status__Delivered__Cancelled__Refunded.165fe30b61"
[0m17:27:05.162430 [debug] [Thread-4  ]: Using snowflake connection "test.zomato.not_null_stg_orders_customer_id.af79d5e4b5"
[0m17:27:05.163873 [debug] [Thread-6  ]: Using snowflake connection "test.zomato.not_null_stg_orders_restaurant_id.45b9b0e98c"
[0m17:27:05.164920 [debug] [Thread-5  ]: Using snowflake connection "test.zomato.not_null_stg_orders_order_id.81cfe2fe64"
[0m17:27:05.165684 [debug] [Thread-1  ]: On test.zomato.accepted_values_fct_orders_order_status__Delivered__Cancelled__Refunded.165fe30b61: select
      count(*) as failures,
      count(*) != 0 as should_warn,
      count(*) != 0 as should_error
    from (
      
    
  
    
    

with all_values as (

    select
        order_status as value_field,
        count(*) as n_records

    from Zomato.marts.fct_orders
    group by order_status

)

select *
from all_values
where value_field not in (
    'Delivered','Cancelled','Refunded'
)



  
  
      
    ) dbt_internal_test
/* {"app": "dbt", "dbt_version": "1.10.22", "profile_name": "zomato", "target_name": "dev", "node_id": "test.zomato.accepted_values_fct_orders_order_status__Delivered__Cancelled__Refunded.165fe30b61"} */
[0m17:27:05.166794 [debug] [Thread-2  ]: Using snowflake connection "test.zomato.not_null_fct_orders_order_id.4e687af8d0"
[0m17:27:05.168009 [debug] [Thread-7  ]: Using snowflake connection "test.zomato.not_null_stg_restaurants_restaurant_id.df7b642a2f"
[0m17:27:05.168766 [debug] [Thread-4  ]: On test.zomato.not_null_stg_orders_customer_id.af79d5e4b5: select
      count(*) as failures,
      count(*) != 0 as should_warn,
      count(*) != 0 as should_error
    from (
      
    
  
    
    



select customer_id
from Zomato.staging.stg_orders
where customer_id is null



  
  
      
    ) dbt_internal_test
/* {"app": "dbt", "dbt_version": "1.10.22", "profile_name": "zomato", "target_name": "dev", "node_id": "test.zomato.not_null_stg_orders_customer_id.af79d5e4b5"} */
[0m17:27:05.169556 [debug] [Thread-6  ]: On test.zomato.not_null_stg_orders_restaurant_id.45b9b0e98c: select
      count(*) as failures,
      count(*) != 0 as should_warn,
      count(*) != 0 as should_error
    from (
      
    
  
    
    



select restaurant_id
from Zomato.staging.stg_orders
where restaurant_id is null



  
  
      
    ) dbt_internal_test
/* {"app": "dbt", "dbt_version": "1.10.22", "profile_name": "zomato", "target_name": "dev", "node_id": "test.zomato.not_null_stg_orders_restaurant_id.45b9b0e98c"} */
[0m17:27:05.170661 [debug] [Thread-3  ]: Using snowflake connection "test.zomato.not_null_stg_order_items_order_item_id.26a7e2bc35"
[0m17:27:05.171803 [debug] [Thread-8  ]: Using snowflake connection "test.zomato.not_null_stg_reviews_review_id.943b8fc3e4"
[0m17:27:05.172445 [debug] [Thread-5  ]: On test.zomato.not_null_stg_orders_order_id.81cfe2fe64: select
      count(*) as failures,
      count(*) != 0 as should_warn,
      count(*) != 0 as should_error
    from (
      
    
  
    
    



select order_id
from Zomato.staging.stg_orders
where order_id is null



  
  
      
    ) dbt_internal_test
/* {"app": "dbt", "dbt_version": "1.10.22", "profile_name": "zomato", "target_name": "dev", "node_id": "test.zomato.not_null_stg_orders_order_id.81cfe2fe64"} */
[0m17:27:05.174713 [debug] [Thread-2  ]: On test.zomato.not_null_fct_orders_order_id.4e687af8d0: select
      count(*) as failures,
      count(*) != 0 as should_warn,
      count(*) != 0 as should_error
    from (
      
    
  
    
    



select order_id
from Zomato.marts.fct_orders
where order_id is null



  
  
      
    ) dbt_internal_test
/* {"app": "dbt", "dbt_version": "1.10.22", "profile_name": "zomato", "target_name": "dev", "node_id": "test.zomato.not_null_fct_orders_order_id.4e687af8d0"} */
[0m17:27:05.175479 [debug] [Thread-7  ]: On test.zomato.not_null_stg_restaurants_restaurant_id.df7b642a2f: select
      count(*) as failures,
      count(*) != 0 as should_warn,
      count(*) != 0 as should_error
    from (
      
    
  
    
    



select restaurant_id
from Zomato.staging.stg_restaurants
where restaurant_id is null



  
  
      
    ) dbt_internal_test
/* {"app": "dbt", "dbt_version": "1.10.22", "profile_name": "zomato", "target_name": "dev", "node_id": "test.zomato.not_null_stg_restaurants_restaurant_id.df7b642a2f"} */
[0m17:27:05.176150 [debug] [Thread-4  ]: Opening a new connection, currently in state init
[0m17:27:05.176960 [debug] [Thread-6  ]: Opening a new connection, currently in state init
[0m17:27:05.177769 [debug] [Thread-3  ]: On test.zomato.not_null_stg_order_items_order_item_id.26a7e2bc35: select
      count(*) as failures,
      count(*) != 0 as should_warn,
      count(*) != 0 as should_error
    from (
      
    
  
    
    



select order_item_id
from Zomato.staging.stg_order_items
where order_item_id is null



  
  
      
    ) dbt_internal_test
/* {"app": "dbt", "dbt_version": "1.10.22", "profile_name": "zomato", "target_name": "dev", "node_id": "test.zomato.not_null_stg_order_items_order_item_id.26a7e2bc35"} */
[0m17:27:05.178870 [debug] [Thread-8  ]: On test.zomato.not_null_stg_reviews_review_id.943b8fc3e4: select
      count(*) as failures,
      count(*) != 0 as should_warn,
      count(*) != 0 as should_error
    from (
      
    
  
    
    



select review_id
from Zomato.staging.stg_reviews
where review_id is null



  
  
      
    ) dbt_internal_test
/* {"app": "dbt", "dbt_version": "1.10.22", "profile_name": "zomato", "target_name": "dev", "node_id": "test.zomato.not_null_stg_reviews_review_id.943b8fc3e4"} */
[0m17:27:05.179478 [debug] [Thread-5  ]: Opening a new connection, currently in state init
[0m17:27:05.182791 [debug] [Thread-7  ]: Opening a new connection, currently in state init
[0m17:27:05.184913 [debug] [Thread-3  ]: Opening a new connection, currently in state init
[0m17:27:05.185600 [debug] [Thread-8  ]: Opening a new connection, currently in state init
[0m17:27:05.748504 [debug] [Thread-2  ]: SQL status: SUCCESS 1 in 0.567 seconds
[0m17:27:05.764980 [info ] [Thread-2  ]: 2 of 16 PASS not_null_fct_orders_order_id ...................................... [[32mPASS[0m in 0.79s]
[0m17:27:05.766034 [debug] [Thread-2  ]: Finished running node test.zomato.not_null_fct_orders_order_id.4e687af8d0
[0m17:27:05.766724 [debug] [Thread-2  ]: Began running node test.zomato.not_null_stg_users_customer_id.300e3d6eae
[0m17:27:05.767371 [info ] [Thread-2  ]: 9 of 16 START test not_null_stg_users_customer_id .............................. [RUN]
[0m17:27:05.768200 [debug] [Thread-2  ]: Re-using an available connection from the pool (formerly test.zomato.not_null_fct_orders_order_id.4e687af8d0, now test.zomato.not_null_stg_users_customer_id.300e3d6eae)
[0m17:27:05.768841 [debug] [Thread-2  ]: Began compiling node test.zomato.not_null_stg_users_customer_id.300e3d6eae
[0m17:27:05.775845 [debug] [Thread-2  ]: Writing injected SQL for node "test.zomato.not_null_stg_users_customer_id.300e3d6eae"
[0m17:27:05.776980 [debug] [Thread-2  ]: Began executing node test.zomato.not_null_stg_users_customer_id.300e3d6eae
[0m17:27:05.781913 [debug] [Thread-2  ]: Writing runtime sql for node "test.zomato.not_null_stg_users_customer_id.300e3d6eae"
[0m17:27:05.783766 [debug] [Thread-2  ]: Using snowflake connection "test.zomato.not_null_stg_users_customer_id.300e3d6eae"
[0m17:27:05.784447 [debug] [Thread-2  ]: On test.zomato.not_null_stg_users_customer_id.300e3d6eae: select
      count(*) as failures,
      count(*) != 0 as should_warn,
      count(*) != 0 as should_error
    from (
      
    
  
    
    



select customer_id
from Zomato.staging.stg_users
where customer_id is null



  
  
      
    ) dbt_internal_test
/* {"app": "dbt", "dbt_version": "1.10.22", "profile_name": "zomato", "target_name": "dev", "node_id": "test.zomato.not_null_stg_users_customer_id.300e3d6eae"} */
[0m17:27:05.932670 [debug] [Thread-1  ]: SQL status: SUCCESS 1 in 0.759 seconds
[0m17:27:05.936304 [info ] [Thread-1  ]: 1 of 16 PASS accepted_values_fct_orders_order_status__Delivered__Cancelled__Refunded  [[32mPASS[0m in 0.97s]
[0m17:27:05.937687 [debug] [Thread-1  ]: Finished running node test.zomato.accepted_values_fct_orders_order_status__Delivered__Cancelled__Refunded.165fe30b61
[0m17:27:05.938405 [debug] [Thread-1  ]: Began running node test.zomato.relationships_fct_orders_customer_id__customer_id__ref_dim_customer_.d39c4721da
[0m17:27:05.939084 [info ] [Thread-1  ]: 10 of 16 START test relationships_fct_orders_customer_id__customer_id__ref_dim_customer_  [RUN]
[0m17:27:05.940061 [debug] [Thread-1  ]: Re-using an available connection from the pool (formerly test.zomato.accepted_values_fct_orders_order_status__Delivered__Cancelled__Refunded.165fe30b61, now test.zomato.relationships_fct_orders_customer_id__customer_id__ref_dim_customer_.d39c4721da)
[0m17:27:05.940745 [debug] [Thread-1  ]: Began compiling node test.zomato.relationships_fct_orders_customer_id__customer_id__ref_dim_customer_.d39c4721da
[0m17:27:05.950537 [debug] [Thread-1  ]: Writing injected SQL for node "test.zomato.relationships_fct_orders_customer_id__customer_id__ref_dim_customer_.d39c4721da"
[0m17:27:05.952265 [debug] [Thread-1  ]: Began executing node test.zomato.relationships_fct_orders_customer_id__customer_id__ref_dim_customer_.d39c4721da
[0m17:27:05.957129 [debug] [Thread-1  ]: Writing runtime sql for node "test.zomato.relationships_fct_orders_customer_id__customer_id__ref_dim_customer_.d39c4721da"
[0m17:27:05.959263 [debug] [Thread-1  ]: Using snowflake connection "test.zomato.relationships_fct_orders_customer_id__customer_id__ref_dim_customer_.d39c4721da"
[0m17:27:05.959982 [debug] [Thread-1  ]: On test.zomato.relationships_fct_orders_customer_id__customer_id__ref_dim_customer_.d39c4721da: select
      count(*) as failures,
      count(*) != 0 as should_warn,
      count(*) != 0 as should_error
    from (
      
    
  
    
    

with child as (
    select customer_id as from_field
    from Zomato.marts.fct_orders
    where customer_id is not null
),

parent as (
    select customer_id as to_field
    from Zomato.marts.dim_customer
)

select
    from_field

from child
left join parent
    on child.from_field = parent.to_field

where parent.to_field is null



  
  
      
    ) dbt_internal_test
/* {"app": "dbt", "dbt_version": "1.10.22", "profile_name": "zomato", "target_name": "dev", "node_id": "test.zomato.relationships_fct_orders_customer_id__customer_id__ref_dim_customer_.d39c4721da"} */
[0m17:27:06.185932 [debug] [Thread-2  ]: Snowflake adapter: Snowflake query id: 01c63acd-3203-19ff-0017-e2020003dc8a
[0m17:27:06.186673 [debug] [Thread-2  ]: Snowflake adapter: Snowflake error: 000904 (42000): SQL compilation error: error line 14 at position 7
invalid identifier 'CUSTOMER_ID'
[0m17:27:06.206501 [debug] [Thread-2  ]: Database Error in test not_null_stg_users_customer_id (models/staging/_staging.yml)
  000904 (42000): SQL compilation error: error line 14 at position 7
  invalid identifier 'CUSTOMER_ID'
  compiled code at target/run/zomato/models/staging/_staging.yml/not_null_stg_users_customer_id.sql
[0m17:27:06.207358 [error] [Thread-2  ]: 9 of 16 ERROR not_null_stg_users_customer_id ................................... [[31mERROR[0m in 0.44s]
[0m17:27:06.208249 [debug] [Thread-2  ]: Finished running node test.zomato.not_null_stg_users_customer_id.300e3d6eae
[0m17:27:06.208866 [debug] [Thread-2  ]: Began running node test.zomato.unique_fct_orders_order_id.523ddb6ce5
[0m17:27:06.209448 [info ] [Thread-2  ]: 11 of 16 START test unique_fct_orders_order_id ................................. [RUN]
[0m17:27:06.210285 [debug] [Thread-11 ]: Marking all children of 'test.zomato.not_null_stg_users_customer_id.300e3d6eae' to be skipped because of status 'error'.  Reason: Database Error in test not_null_stg_users_customer_id (models/staging/_staging.yml)
  000904 (42000): SQL compilation error: error line 14 at position 7
  invalid identifier 'CUSTOMER_ID'
  compiled code at target/run/zomato/models/staging/_staging.yml/not_null_stg_users_customer_id.sql.
[0m17:27:06.210901 [debug] [Thread-2  ]: Re-using an available connection from the pool (formerly test.zomato.not_null_stg_users_customer_id.300e3d6eae, now test.zomato.unique_fct_orders_order_id.523ddb6ce5)
[0m17:27:06.211591 [debug] [Thread-2  ]: Began compiling node test.zomato.unique_fct_orders_order_id.523ddb6ce5
[0m17:27:06.220490 [debug] [Thread-2  ]: Writing injected SQL for node "test.zomato.unique_fct_orders_order_id.523ddb6ce5"
[0m17:27:06.221630 [debug] [Thread-2  ]: Began executing node test.zomato.unique_fct_orders_order_id.523ddb6ce5
[0m17:27:06.225968 [debug] [Thread-2  ]: Writing runtime sql for node "test.zomato.unique_fct_orders_order_id.523ddb6ce5"
[0m17:27:06.227597 [debug] [Thread-2  ]: Using snowflake connection "test.zomato.unique_fct_orders_order_id.523ddb6ce5"
[0m17:27:06.228190 [debug] [Thread-2  ]: On test.zomato.unique_fct_orders_order_id.523ddb6ce5: select
      count(*) as failures,
      count(*) != 0 as should_warn,
      count(*) != 0 as should_error
    from (
      
    
  
    
    

select
    order_id as unique_field,
    count(*) as n_records

from Zomato.marts.fct_orders
where order_id is not null
group by order_id
having count(*) > 1



  
  
      
    ) dbt_internal_test
/* {"app": "dbt", "dbt_version": "1.10.22", "profile_name": "zomato", "target_name": "dev", "node_id": "test.zomato.unique_fct_orders_order_id.523ddb6ce5"} */
[0m17:27:06.697330 [debug] [Thread-2  ]: SQL status: SUCCESS 1 in 0.468 seconds
[0m17:27:06.700754 [info ] [Thread-2  ]: 11 of 16 PASS unique_fct_orders_order_id ....................................... [[32mPASS[0m in 0.49s]
[0m17:27:06.701843 [debug] [Thread-2  ]: Finished running node test.zomato.unique_fct_orders_order_id.523ddb6ce5
[0m17:27:06.702531 [debug] [Thread-2  ]: Began running node test.zomato.unique_stg_order_items_order_item_id.90e333a108
[0m17:27:06.703198 [info ] [Thread-2  ]: 12 of 16 START test unique_stg_order_items_order_item_id ....................... [RUN]
[0m17:27:06.704033 [debug] [Thread-2  ]: Re-using an available connection from the pool (formerly test.zomato.unique_fct_orders_order_id.523ddb6ce5, now test.zomato.unique_stg_order_items_order_item_id.90e333a108)
[0m17:27:06.704706 [debug] [Thread-2  ]: Began compiling node test.zomato.unique_stg_order_items_order_item_id.90e333a108
[0m17:27:06.711194 [debug] [Thread-2  ]: Writing injected SQL for node "test.zomato.unique_stg_order_items_order_item_id.90e333a108"
[0m17:27:06.712350 [debug] [Thread-2  ]: Began executing node test.zomato.unique_stg_order_items_order_item_id.90e333a108
[0m17:27:06.717072 [debug] [Thread-2  ]: Writing runtime sql for node "test.zomato.unique_stg_order_items_order_item_id.90e333a108"
[0m17:27:06.719056 [debug] [Thread-2  ]: Using snowflake connection "test.zomato.unique_stg_order_items_order_item_id.90e333a108"
[0m17:27:06.719741 [debug] [Thread-2  ]: On test.zomato.unique_stg_order_items_order_item_id.90e333a108: select
      count(*) as failures,
      count(*) != 0 as should_warn,
      count(*) != 0 as should_error
    from (
      
    
  
    
    

select
    order_item_id as unique_field,
    count(*) as n_records

from Zomato.staging.stg_order_items
where order_item_id is not null
group by order_item_id
having count(*) > 1



  
  
      
    ) dbt_internal_test
/* {"app": "dbt", "dbt_version": "1.10.22", "profile_name": "zomato", "target_name": "dev", "node_id": "test.zomato.unique_stg_order_items_order_item_id.90e333a108"} */
[0m17:27:06.756910 [debug] [Thread-1  ]: SQL status: SUCCESS 1 in 0.796 seconds
[0m17:27:06.760518 [info ] [Thread-1  ]: 10 of 16 PASS relationships_fct_orders_customer_id__customer_id__ref_dim_customer_  [[32mPASS[0m in 0.82s]
[0m17:27:06.761552 [debug] [Thread-1  ]: Finished running node test.zomato.relationships_fct_orders_customer_id__customer_id__ref_dim_customer_.d39c4721da
[0m17:27:06.762234 [debug] [Thread-1  ]: Began running node test.zomato.unique_stg_orders_order_id.e3b841c71a
[0m17:27:06.762972 [info ] [Thread-1  ]: 13 of 16 START test unique_stg_orders_order_id ................................. [RUN]
[0m17:27:06.763813 [debug] [Thread-1  ]: Re-using an available connection from the pool (formerly test.zomato.relationships_fct_orders_customer_id__customer_id__ref_dim_customer_.d39c4721da, now test.zomato.unique_stg_orders_order_id.e3b841c71a)
[0m17:27:06.764468 [debug] [Thread-1  ]: Began compiling node test.zomato.unique_stg_orders_order_id.e3b841c71a
[0m17:27:06.772110 [debug] [Thread-1  ]: Writing injected SQL for node "test.zomato.unique_stg_orders_order_id.e3b841c71a"
[0m17:27:06.773291 [debug] [Thread-1  ]: Began executing node test.zomato.unique_stg_orders_order_id.e3b841c71a
[0m17:27:06.778120 [debug] [Thread-1  ]: Writing runtime sql for node "test.zomato.unique_stg_orders_order_id.e3b841c71a"
[0m17:27:06.780102 [debug] [Thread-1  ]: Using snowflake connection "test.zomato.unique_stg_orders_order_id.e3b841c71a"
[0m17:27:06.780834 [debug] [Thread-1  ]: On test.zomato.unique_stg_orders_order_id.e3b841c71a: select
      count(*) as failures,
      count(*) != 0 as should_warn,
      count(*) != 0 as should_error
    from (
      
    
  
    
    

select
    order_id as unique_field,
    count(*) as n_records

from Zomato.staging.stg_orders
where order_id is not null
group by order_id
having count(*) > 1



  
  
      
    ) dbt_internal_test
/* {"app": "dbt", "dbt_version": "1.10.22", "profile_name": "zomato", "target_name": "dev", "node_id": "test.zomato.unique_stg_orders_order_id.e3b841c71a"} */
[0m17:27:07.490450 [debug] [Thread-1  ]: SQL status: SUCCESS 1 in 0.709 seconds
[0m17:27:07.493414 [info ] [Thread-1  ]: 13 of 16 PASS unique_stg_orders_order_id ....................................... [[32mPASS[0m in 0.73s]
[0m17:27:07.495059 [debug] [Thread-1  ]: Finished running node test.zomato.unique_stg_orders_order_id.e3b841c71a
[0m17:27:07.495770 [debug] [Thread-1  ]: Began running node test.zomato.unique_stg_restaurants_restaurant_id.73cc1fe322
[0m17:27:07.496574 [info ] [Thread-1  ]: 14 of 16 START test unique_stg_restaurants_restaurant_id ....................... [RUN]
[0m17:27:07.498225 [debug] [Thread-1  ]: Re-using an available connection from the pool (formerly test.zomato.unique_stg_orders_order_id.e3b841c71a, now test.zomato.unique_stg_restaurants_restaurant_id.73cc1fe322)
[0m17:27:07.498909 [debug] [Thread-1  ]: Began compiling node test.zomato.unique_stg_restaurants_restaurant_id.73cc1fe322
[0m17:27:07.507536 [debug] [Thread-1  ]: Writing injected SQL for node "test.zomato.unique_stg_restaurants_restaurant_id.73cc1fe322"
[0m17:27:07.517163 [debug] [Thread-1  ]: Began executing node test.zomato.unique_stg_restaurants_restaurant_id.73cc1fe322
[0m17:27:07.523699 [debug] [Thread-1  ]: Writing runtime sql for node "test.zomato.unique_stg_restaurants_restaurant_id.73cc1fe322"
[0m17:27:07.535216 [debug] [Thread-1  ]: Using snowflake connection "test.zomato.unique_stg_restaurants_restaurant_id.73cc1fe322"
[0m17:27:07.540311 [debug] [Thread-1  ]: On test.zomato.unique_stg_restaurants_restaurant_id.73cc1fe322: select
      count(*) as failures,
      count(*) != 0 as should_warn,
      count(*) != 0 as should_error
    from (
      
    
  
    
    

select
    restaurant_id as unique_field,
    count(*) as n_records

from Zomato.staging.stg_restaurants
where restaurant_id is not null
group by restaurant_id
having count(*) > 1



  
  
      
    ) dbt_internal_test
/* {"app": "dbt", "dbt_version": "1.10.22", "profile_name": "zomato", "target_name": "dev", "node_id": "test.zomato.unique_stg_restaurants_restaurant_id.73cc1fe322"} */
[0m17:27:07.571984 [debug] [Thread-2  ]: SQL status: SUCCESS 1 in 0.852 seconds
[0m17:27:07.574863 [info ] [Thread-2  ]: 12 of 16 PASS unique_stg_order_items_order_item_id ............................. [[32mPASS[0m in 0.87s]
[0m17:27:07.575835 [debug] [Thread-2  ]: Finished running node test.zomato.unique_stg_order_items_order_item_id.90e333a108
[0m17:27:07.576517 [debug] [Thread-2  ]: Began running node test.zomato.unique_stg_reviews_review_id.9b6c259f3c
[0m17:27:07.577245 [info ] [Thread-2  ]: 15 of 16 START test unique_stg_reviews_review_id ............................... [RUN]
[0m17:27:07.577981 [debug] [Thread-2  ]: Re-using an available connection from the pool (formerly test.zomato.unique_stg_order_items_order_item_id.90e333a108, now test.zomato.unique_stg_reviews_review_id.9b6c259f3c)
[0m17:27:07.578606 [debug] [Thread-2  ]: Began compiling node test.zomato.unique_stg_reviews_review_id.9b6c259f3c
[0m17:27:07.584922 [debug] [Thread-2  ]: Writing injected SQL for node "test.zomato.unique_stg_reviews_review_id.9b6c259f3c"
[0m17:27:07.586032 [debug] [Thread-2  ]: Began executing node test.zomato.unique_stg_reviews_review_id.9b6c259f3c
[0m17:27:07.590865 [debug] [Thread-2  ]: Writing runtime sql for node "test.zomato.unique_stg_reviews_review_id.9b6c259f3c"
[0m17:27:07.592651 [debug] [Thread-2  ]: Using snowflake connection "test.zomato.unique_stg_reviews_review_id.9b6c259f3c"
[0m17:27:07.593314 [debug] [Thread-2  ]: On test.zomato.unique_stg_reviews_review_id.9b6c259f3c: select
      count(*) as failures,
      count(*) != 0 as should_warn,
      count(*) != 0 as should_error
    from (
      
    
  
    
    

select
    review_id as unique_field,
    count(*) as n_records

from Zomato.staging.stg_reviews
where review_id is not null
group by review_id
having count(*) > 1



  
  
      
    ) dbt_internal_test
/* {"app": "dbt", "dbt_version": "1.10.22", "profile_name": "zomato", "target_name": "dev", "node_id": "test.zomato.unique_stg_reviews_review_id.9b6c259f3c"} */
[0m17:27:07.720802 [debug] [Thread-1  ]: Snowflake adapter: Snowflake query id: 01c63acd-3203-180e-0017-e2020003e3e2
[0m17:27:07.722029 [debug] [Thread-1  ]: Snowflake adapter: Snowflake error: 000904 (42000): SQL compilation error: error line 13 at position 4
invalid identifier 'RESTAURANT_ID'
[0m17:27:07.739133 [debug] [Thread-1  ]: Database Error in test unique_stg_restaurants_restaurant_id (models/staging/_staging.yml)
  000904 (42000): SQL compilation error: error line 13 at position 4
  invalid identifier 'RESTAURANT_ID'
  compiled code at target/run/zomato/models/staging/_staging.yml/unique_stg_restaurants_restaurant_id.sql
[0m17:27:07.739941 [error] [Thread-1  ]: 14 of 16 ERROR unique_stg_restaurants_restaurant_id ............................ [[31mERROR[0m in 0.24s]
[0m17:27:07.740719 [debug] [Thread-1  ]: Finished running node test.zomato.unique_stg_restaurants_restaurant_id.73cc1fe322
[0m17:27:07.741235 [debug] [Thread-1  ]: Began running node test.zomato.unique_stg_users_customer_id.7074f9b54f
[0m17:27:07.741728 [info ] [Thread-1  ]: 16 of 16 START test unique_stg_users_customer_id ............................... [RUN]
[0m17:27:07.742381 [debug] [Thread-11 ]: Marking all children of 'test.zomato.unique_stg_restaurants_restaurant_id.73cc1fe322' to be skipped because of status 'error'.  Reason: Database Error in test unique_stg_restaurants_restaurant_id (models/staging/_staging.yml)
  000904 (42000): SQL compilation error: error line 13 at position 4
  invalid identifier 'RESTAURANT_ID'
  compiled code at target/run/zomato/models/staging/_staging.yml/unique_stg_restaurants_restaurant_id.sql.
[0m17:27:07.742892 [debug] [Thread-1  ]: Re-using an available connection from the pool (formerly test.zomato.unique_stg_restaurants_restaurant_id.73cc1fe322, now test.zomato.unique_stg_users_customer_id.7074f9b54f)
[0m17:27:07.743458 [debug] [Thread-1  ]: Began compiling node test.zomato.unique_stg_users_customer_id.7074f9b54f
[0m17:27:07.748263 [debug] [Thread-1  ]: Writing injected SQL for node "test.zomato.unique_stg_users_customer_id.7074f9b54f"
[0m17:27:07.749135 [debug] [Thread-1  ]: Began executing node test.zomato.unique_stg_users_customer_id.7074f9b54f
[0m17:27:07.753076 [debug] [Thread-1  ]: Writing runtime sql for node "test.zomato.unique_stg_users_customer_id.7074f9b54f"
[0m17:27:07.754846 [debug] [Thread-1  ]: Using snowflake connection "test.zomato.unique_stg_users_customer_id.7074f9b54f"
[0m17:27:07.755480 [debug] [Thread-1  ]: On test.zomato.unique_stg_users_customer_id.7074f9b54f: select
      count(*) as failures,
      count(*) != 0 as should_warn,
      count(*) != 0 as should_error
    from (
      
    
  
    
    

select
    customer_id as unique_field,
    count(*) as n_records

from Zomato.staging.stg_users
where customer_id is not null
group by customer_id
having count(*) > 1



  
  
      
    ) dbt_internal_test
/* {"app": "dbt", "dbt_version": "1.10.22", "profile_name": "zomato", "target_name": "dev", "node_id": "test.zomato.unique_stg_users_customer_id.7074f9b54f"} */
[0m17:27:07.909473 [debug] [Thread-2  ]: SQL status: SUCCESS 1 in 0.315 seconds
[0m17:27:07.912919 [info ] [Thread-2  ]: 15 of 16 PASS unique_stg_reviews_review_id ..................................... [[32mPASS[0m in 0.33s]
[0m17:27:07.914227 [debug] [Thread-2  ]: Finished running node test.zomato.unique_stg_reviews_review_id.9b6c259f3c
[0m17:27:07.969961 [debug] [Thread-1  ]: Snowflake adapter: Snowflake query id: 01c63acd-3203-180e-0017-e2020003e3ea
[0m17:27:07.970688 [debug] [Thread-1  ]: Snowflake adapter: Snowflake error: 000904 (42000): SQL compilation error: error line 13 at position 4
invalid identifier 'CUSTOMER_ID'
[0m17:27:08.034603 [debug] [Thread-1  ]: Database Error in test unique_stg_users_customer_id (models/staging/_staging.yml)
  000904 (42000): SQL compilation error: error line 13 at position 4
  invalid identifier 'CUSTOMER_ID'
  compiled code at target/run/zomato/models/staging/_staging.yml/unique_stg_users_customer_id.sql
[0m17:27:08.035855 [error] [Thread-1  ]: 16 of 16 ERROR unique_stg_users_customer_id .................................... [[31mERROR[0m in 0.29s]
[0m17:27:08.038465 [debug] [Thread-1  ]: Finished running node test.zomato.unique_stg_users_customer_id.7074f9b54f
[0m17:27:08.039412 [debug] [Thread-11 ]: Marking all children of 'test.zomato.unique_stg_users_customer_id.7074f9b54f' to be skipped because of status 'error'.  Reason: Database Error in test unique_stg_users_customer_id (models/staging/_staging.yml)
  000904 (42000): SQL compilation error: error line 13 at position 4
  invalid identifier 'CUSTOMER_ID'
  compiled code at target/run/zomato/models/staging/_staging.yml/unique_stg_users_customer_id.sql.
[0m17:27:08.490743 [debug] [Thread-8  ]: SQL status: SUCCESS 1 in 3.305 seconds
[0m17:27:08.494497 [info ] [Thread-8  ]: 8 of 16 PASS not_null_stg_reviews_review_id .................................... [[32mPASS[0m in 3.52s]
[0m17:27:08.495535 [debug] [Thread-8  ]: Finished running node test.zomato.not_null_stg_reviews_review_id.943b8fc3e4
[0m17:27:08.515337 [debug] [Thread-3  ]: SQL status: SUCCESS 1 in 3.330 seconds
[0m17:27:08.525452 [debug] [Thread-6  ]: Snowflake adapter: Snowflake query id: 01c63acd-3203-180e-0017-e2020003e402
[0m17:27:08.535885 [info ] [Thread-3  ]: 3 of 16 PASS not_null_stg_order_items_order_item_id ............................ [[32mPASS[0m in 3.56s]
[0m17:27:08.557753 [debug] [Thread-6  ]: Snowflake adapter: Snowflake error: 000904 (42000): SQL compilation error: error line 14 at position 7
invalid identifier 'RESTAURANT_ID'
[0m17:27:08.562095 [debug] [Thread-4  ]: Snowflake adapter: Snowflake query id: 01c63acd-3203-180e-0017-e2020003e3fa
[0m17:27:08.565833 [debug] [Thread-7  ]: Snowflake adapter: Snowflake query id: 01c63acd-3203-180e-0017-e2020003e3ee
[0m17:27:08.567023 [debug] [Thread-5  ]: SQL status: SUCCESS 1 in 3.388 seconds
[0m17:27:08.567981 [debug] [Thread-3  ]: Finished running node test.zomato.not_null_stg_order_items_order_item_id.26a7e2bc35
[0m17:27:08.569145 [debug] [Thread-4  ]: Snowflake adapter: Snowflake error: 000904 (42000): SQL compilation error: error line 14 at position 7
invalid identifier 'CUSTOMER_ID'
[0m17:27:08.569883 [debug] [Thread-7  ]: Snowflake adapter: Snowflake error: 000904 (42000): SQL compilation error: error line 14 at position 7
invalid identifier 'RESTAURANT_ID'
[0m17:27:08.572842 [info ] [Thread-5  ]: 5 of 16 PASS not_null_stg_orders_order_id ...................................... [[32mPASS[0m in 3.60s]
[0m17:27:08.581286 [debug] [Thread-5  ]: Finished running node test.zomato.not_null_stg_orders_order_id.81cfe2fe64
[0m17:27:08.620754 [debug] [Thread-6  ]: Database Error in test not_null_stg_orders_restaurant_id (models/staging/_staging.yml)
  000904 (42000): SQL compilation error: error line 14 at position 7
  invalid identifier 'RESTAURANT_ID'
  compiled code at target/run/zomato/models/staging/_staging.yml/not_null_stg_orders_restaurant_id.sql
[0m17:27:08.627730 [error] [Thread-6  ]: 6 of 16 ERROR not_null_stg_orders_restaurant_id ................................ [[31mERROR[0m in 3.65s]
[0m17:27:08.633156 [debug] [Thread-7  ]: Database Error in test not_null_stg_restaurants_restaurant_id (models/staging/_staging.yml)
  000904 (42000): SQL compilation error: error line 14 at position 7
  invalid identifier 'RESTAURANT_ID'
  compiled code at target/run/zomato/models/staging/_staging.yml/not_null_stg_restaurants_restaurant_id.sql
[0m17:27:08.635517 [debug] [Thread-4  ]: Database Error in test not_null_stg_orders_customer_id (models/staging/_staging.yml)
  000904 (42000): SQL compilation error: error line 14 at position 7
  invalid identifier 'CUSTOMER_ID'
  compiled code at target/run/zomato/models/staging/_staging.yml/not_null_stg_orders_customer_id.sql
[0m17:27:08.636351 [debug] [Thread-6  ]: Finished running node test.zomato.not_null_stg_orders_restaurant_id.45b9b0e98c
[0m17:27:08.637125 [error] [Thread-7  ]: 7 of 16 ERROR not_null_stg_restaurants_restaurant_id ........................... [[31mERROR[0m in 3.66s]
[0m17:27:08.637894 [error] [Thread-4  ]: 4 of 16 ERROR not_null_stg_orders_customer_id .................................. [[31mERROR[0m in 3.67s]
[0m17:27:08.638724 [debug] [Thread-11 ]: Marking all children of 'test.zomato.not_null_stg_orders_restaurant_id.45b9b0e98c' to be skipped because of status 'error'.  Reason: Database Error in test not_null_stg_orders_restaurant_id (models/staging/_staging.yml)
  000904 (42000): SQL compilation error: error line 14 at position 7
  invalid identifier 'RESTAURANT_ID'
  compiled code at target/run/zomato/models/staging/_staging.yml/not_null_stg_orders_restaurant_id.sql.
[0m17:27:08.639539 [debug] [Thread-7  ]: Finished running node test.zomato.not_null_stg_restaurants_restaurant_id.df7b642a2f
[0m17:27:08.640325 [debug] [Thread-4  ]: Finished running node test.zomato.not_null_stg_orders_customer_id.af79d5e4b5
[0m17:27:08.641274 [debug] [Thread-11 ]: Marking all children of 'test.zomato.not_null_stg_restaurants_restaurant_id.df7b642a2f' to be skipped because of status 'error'.  Reason: Database Error in test not_null_stg_restaurants_restaurant_id (models/staging/_staging.yml)
  000904 (42000): SQL compilation error: error line 14 at position 7
  invalid identifier 'RESTAURANT_ID'
  compiled code at target/run/zomato/models/staging/_staging.yml/not_null_stg_restaurants_restaurant_id.sql.
[0m17:27:08.642041 [debug] [Thread-11 ]: Marking all children of 'test.zomato.not_null_stg_orders_customer_id.af79d5e4b5' to be skipped because of status 'error'.  Reason: Database Error in test not_null_stg_orders_customer_id (models/staging/_staging.yml)
  000904 (42000): SQL compilation error: error line 14 at position 7
  invalid identifier 'CUSTOMER_ID'
  compiled code at target/run/zomato/models/staging/_staging.yml/not_null_stg_orders_customer_id.sql.
[0m17:27:08.643966 [debug] [MainThread]: Connection 'master' was properly closed.
[0m17:27:08.644462 [debug] [MainThread]: Connection 'test.zomato.unique_stg_users_customer_id.7074f9b54f' was left open.
[0m17:27:08.645001 [debug] [MainThread]: On test.zomato.unique_stg_users_customer_id.7074f9b54f: Close
[0m17:27:08.919280 [debug] [MainThread]: Connection 'test.zomato.unique_stg_reviews_review_id.9b6c259f3c' was left open.
[0m17:27:08.919960 [debug] [MainThread]: On test.zomato.unique_stg_reviews_review_id.9b6c259f3c: Close
[0m17:27:09.160270 [debug] [MainThread]: Connection 'test.zomato.not_null_stg_order_items_order_item_id.26a7e2bc35' was left open.
[0m17:27:09.160947 [debug] [MainThread]: On test.zomato.not_null_stg_order_items_order_item_id.26a7e2bc35: Close
[0m17:27:09.448955 [debug] [MainThread]: Connection 'test.zomato.not_null_stg_orders_customer_id.af79d5e4b5' was left open.
[0m17:27:09.449727 [debug] [MainThread]: On test.zomato.not_null_stg_orders_customer_id.af79d5e4b5: Close
[0m17:27:09.677204 [debug] [MainThread]: Connection 'test.zomato.not_null_stg_orders_order_id.81cfe2fe64' was left open.
[0m17:27:09.677967 [debug] [MainThread]: On test.zomato.not_null_stg_orders_order_id.81cfe2fe64: Close
[0m17:27:09.966288 [debug] [MainThread]: Connection 'test.zomato.not_null_stg_orders_restaurant_id.45b9b0e98c' was left open.
[0m17:27:09.967161 [debug] [MainThread]: On test.zomato.not_null_stg_orders_restaurant_id.45b9b0e98c: Close
[0m17:27:10.270031 [debug] [MainThread]: Connection 'test.zomato.not_null_stg_restaurants_restaurant_id.df7b642a2f' was left open.
[0m17:27:10.270809 [debug] [MainThread]: On test.zomato.not_null_stg_restaurants_restaurant_id.df7b642a2f: Close
[0m17:27:10.539441 [debug] [MainThread]: Connection 'test.zomato.not_null_stg_reviews_review_id.943b8fc3e4' was left open.
[0m17:27:10.547811 [debug] [MainThread]: On test.zomato.not_null_stg_reviews_review_id.943b8fc3e4: Close
[0m17:27:10.789940 [info ] [MainThread]: 
[0m17:27:10.790786 [info ] [MainThread]: Finished running 16 data tests in 0 hours 0 minutes and 10.87 seconds (10.87s).
[0m17:27:10.795814 [debug] [MainThread]: Command end result
[0m17:27:10.848444 [debug] [MainThread]: Wrote artifact WritableManifest to /Users/mac/projects/DE project/zomato_ai_project/zomato/target/manifest.json
[0m17:27:10.851443 [debug] [MainThread]: Wrote artifact SemanticManifest to /Users/mac/projects/DE project/zomato_ai_project/zomato/target/semantic_manifest.json
[0m17:27:10.864103 [debug] [MainThread]: Wrote artifact RunExecutionResult to /Users/mac/projects/DE project/zomato_ai_project/zomato/target/run_results.json
[0m17:27:10.864744 [info ] [MainThread]: 
[0m17:27:10.865384 [info ] [MainThread]: [31mCompleted with 6 errors, 0 partial successes, and 0 warnings:[0m
[0m17:27:10.865952 [info ] [MainThread]: 
[0m17:27:10.866623 [error] [MainThread]: [31mFailure in test not_null_stg_users_customer_id (models/staging/_staging.yml)[0m
[0m17:27:10.867259 [error] [MainThread]:   Database Error in test not_null_stg_users_customer_id (models/staging/_staging.yml)
  000904 (42000): SQL compilation error: error line 14 at position 7
  invalid identifier 'CUSTOMER_ID'
  compiled code at target/run/zomato/models/staging/_staging.yml/not_null_stg_users_customer_id.sql
[0m17:27:10.867832 [info ] [MainThread]: 
[0m17:27:10.868445 [info ] [MainThread]:   compiled code at target/compiled/zomato/models/staging/_staging.yml/not_null_stg_users_customer_id.sql
[0m17:27:10.868981 [info ] [MainThread]: 
[0m17:27:10.869597 [error] [MainThread]: [31mFailure in test unique_stg_restaurants_restaurant_id (models/staging/_staging.yml)[0m
[0m17:27:10.870220 [error] [MainThread]:   Database Error in test unique_stg_restaurants_restaurant_id (models/staging/_staging.yml)
  000904 (42000): SQL compilation error: error line 13 at position 4
  invalid identifier 'RESTAURANT_ID'
  compiled code at target/run/zomato/models/staging/_staging.yml/unique_stg_restaurants_restaurant_id.sql
[0m17:27:10.870758 [info ] [MainThread]: 
[0m17:27:10.871458 [info ] [MainThread]:   compiled code at target/compiled/zomato/models/staging/_staging.yml/unique_stg_restaurants_restaurant_id.sql
[0m17:27:10.872007 [info ] [MainThread]: 
[0m17:27:10.872647 [error] [MainThread]: [31mFailure in test unique_stg_users_customer_id (models/staging/_staging.yml)[0m
[0m17:27:10.873414 [error] [MainThread]:   Database Error in test unique_stg_users_customer_id (models/staging/_staging.yml)
  000904 (42000): SQL compilation error: error line 13 at position 4
  invalid identifier 'CUSTOMER_ID'
  compiled code at target/run/zomato/models/staging/_staging.yml/unique_stg_users_customer_id.sql
[0m17:27:10.873950 [info ] [MainThread]: 
[0m17:27:10.874612 [info ] [MainThread]:   compiled code at target/compiled/zomato/models/staging/_staging.yml/unique_stg_users_customer_id.sql
[0m17:27:10.875145 [info ] [MainThread]: 
[0m17:27:10.875756 [error] [MainThread]: [31mFailure in test not_null_stg_orders_restaurant_id (models/staging/_staging.yml)[0m
[0m17:27:10.876365 [error] [MainThread]:   Database Error in test not_null_stg_orders_restaurant_id (models/staging/_staging.yml)
  000904 (42000): SQL compilation error: error line 14 at position 7
  invalid identifier 'RESTAURANT_ID'
  compiled code at target/run/zomato/models/staging/_staging.yml/not_null_stg_orders_restaurant_id.sql
[0m17:27:10.876877 [info ] [MainThread]: 
[0m17:27:10.877460 [info ] [MainThread]:   compiled code at target/compiled/zomato/models/staging/_staging.yml/not_null_stg_orders_restaurant_id.sql
[0m17:27:10.877980 [info ] [MainThread]: 
[0m17:27:10.878577 [error] [MainThread]: [31mFailure in test not_null_stg_restaurants_restaurant_id (models/staging/_staging.yml)[0m
[0m17:27:10.879184 [error] [MainThread]:   Database Error in test not_null_stg_restaurants_restaurant_id (models/staging/_staging.yml)
  000904 (42000): SQL compilation error: error line 14 at position 7
  invalid identifier 'RESTAURANT_ID'
  compiled code at target/run/zomato/models/staging/_staging.yml/not_null_stg_restaurants_restaurant_id.sql
[0m17:27:10.879695 [info ] [MainThread]: 
[0m17:27:10.880493 [info ] [MainThread]:   compiled code at target/compiled/zomato/models/staging/_staging.yml/not_null_stg_restaurants_restaurant_id.sql
[0m17:27:10.881033 [info ] [MainThread]: 
[0m17:27:10.881628 [error] [MainThread]: [31mFailure in test not_null_stg_orders_customer_id (models/staging/_staging.yml)[0m
[0m17:27:10.882217 [error] [MainThread]:   Database Error in test not_null_stg_orders_customer_id (models/staging/_staging.yml)
  000904 (42000): SQL compilation error: error line 14 at position 7
  invalid identifier 'CUSTOMER_ID'
  compiled code at target/run/zomato/models/staging/_staging.yml/not_null_stg_orders_customer_id.sql
[0m17:27:10.882718 [info ] [MainThread]: 
[0m17:27:10.883285 [info ] [MainThread]:   compiled code at target/compiled/zomato/models/staging/_staging.yml/not_null_stg_orders_customer_id.sql
[0m17:27:10.883803 [info ] [MainThread]: 
[0m17:27:10.884339 [info ] [MainThread]: Done. PASS=10 WARN=0 ERROR=6 SKIP=0 NO-OP=0 TOTAL=16
[0m17:27:10.885216 [warn ] [MainThread]: [[33mWARNING[0m][DeprecationsSummary]: Deprecated functionality
Summary of encountered deprecations:
- MissingArgumentsPropertyInGenericTestDeprecation: 2 occurrences
To see all deprecation instances instead of just the first occurrence of each,
run command again with the `--show-all-deprecations` flag. You may also need to
run with `--no-partial-parse` as some deprecations are only encountered during
parsing.
[0m17:27:10.891806 [debug] [MainThread]: Resource report: {"command_name": "test", "command_success": false, "command_wall_clock_time": 14.410098, "process_in_blocks": "0", "process_kernel_time": 1.701401, "process_mem_max_rss": "229003264", "process_out_blocks": "0", "process_user_time": 9.326258}
[0m17:27:10.892581 [debug] [MainThread]: Command `dbt test` failed at 17:27:10.892429 after 14.41 seconds
[0m17:27:10.893194 [debug] [MainThread]: Sending event: {'category': 'dbt', 'action': 'invocation', 'label': 'end', 'context': [<snowplow_tracker.self_describing_json.SelfDescribingJson object at 0x108256b20>, <snowplow_tracker.self_describing_json.SelfDescribingJson object at 0x1092020d0>, <snowplow_tracker.self_describing_json.SelfDescribingJson object at 0x11170d070>]}
[0m17:27:10.893810 [debug] [MainThread]: Flushing usage events
[0m17:27:12.778125 [debug] [MainThread]: An error was encountered while trying to flush usage events
[0m17:28:59.505219 [debug] [MainThread]: Sending event: {'category': 'dbt', 'action': 'invocation', 'label': 'start', 'context': [<snowplow_tracker.self_describing_json.SelfDescribingJson object at 0x1135a0400>, <snowplow_tracker.self_describing_json.SelfDescribingJson object at 0x114b2a5b0>, <snowplow_tracker.self_describing_json.SelfDescribingJson object at 0x114b2a3d0>]}


============================== 17:28:59.512484 | 2c2d76c3-e95e-4c8a-8d38-a94e549b65b8 ==============================
[0m17:28:59.512484 [info ] [MainThread]: Running with dbt=1.10.22
[0m17:28:59.513391 [debug] [MainThread]: running dbt with arguments {'send_anonymous_usage_stats': 'True', 'empty': 'None', 'warn_error_options': 'WarnErrorOptionsV2(error=[], warn=[], silence=[])', 'no_print': 'None', 'warn_error': 'None', 'cache_selected_only': 'False', 'fail_fast': 'False', 'partial_parse': 'True', 'introspect': 'True', 'quiet': 'False', 'printer_width': '80', 'log_path': '/Users/mac/projects/DE project/zomato_ai_project/zomato/logs', 'log_format': 'default', 'debug': 'False', 'log_cache_events': 'False', 'indirect_selection': 'eager', 'target_path': 'None', 'invocation_command': 'dbt test', 'static_parser': 'True', 'use_experimental_parser': 'False', 'use_colors': 'True', 'profiles_dir': '/Users/mac/.dbt', 'write_json': 'True', 'version_check': 'True'}
[0m17:29:01.026759 [debug] [MainThread]: Sending event: {'category': 'dbt', 'action': 'project_id', 'label': '2c2d76c3-e95e-4c8a-8d38-a94e549b65b8', 'context': [<snowplow_tracker.self_describing_json.SelfDescribingJson object at 0x112333850>]}
[0m17:29:01.125815 [debug] [MainThread]: Sending event: {'category': 'dbt', 'action': 'adapter_info', 'label': '2c2d76c3-e95e-4c8a-8d38-a94e549b65b8', 'context': [<snowplow_tracker.self_describing_json.SelfDescribingJson object at 0x1298f7af0>]}
[0m17:29:01.127476 [info ] [MainThread]: Registered adapter: snowflake=1.10.2
[0m17:29:01.380606 [debug] [MainThread]: checksum: 04c83ee057a648a2f8e380c895ffead170732fa039f068d62b9d36aaeefaf7cc, vars: {}, profile: , target: , version: 1.10.22
[0m17:29:01.654486 [debug] [MainThread]: Partial parsing enabled: 0 files deleted, 0 files added, 1 files changed.
[0m17:29:01.663341 [debug] [MainThread]: Partial parsing: updated file: zomato://models/staging/_staging.yml
[0m17:29:02.382993 [warn ] [MainThread]: [[33mWARNING[0m]: Configuration paths exist in your dbt_project.yml file which do not apply to any resources.
There are 1 unused configuration paths:
- snapshots.zomato
[0m17:29:02.406151 [debug] [MainThread]: Sending event: {'category': 'dbt', 'action': 'load_project', 'label': '2c2d76c3-e95e-4c8a-8d38-a94e549b65b8', 'context': [<snowplow_tracker.self_describing_json.SelfDescribingJson object at 0x12a2aa130>]}
[0m17:29:02.543027 [debug] [MainThread]: Wrote artifact WritableManifest to /Users/mac/projects/DE project/zomato_ai_project/zomato/target/manifest.json
[0m17:29:02.546903 [debug] [MainThread]: Wrote artifact SemanticManifest to /Users/mac/projects/DE project/zomato_ai_project/zomato/target/semantic_manifest.json
[0m17:29:02.598496 [debug] [MainThread]: Sending event: {'category': 'dbt', 'action': 'resource_counts', 'label': '2c2d76c3-e95e-4c8a-8d38-a94e549b65b8', 'context': [<snowplow_tracker.self_describing_json.SelfDescribingJson object at 0x12a3f6700>]}
[0m17:29:02.599282 [info ] [MainThread]: Found 17 models, 16 data tests, 8 sources, 493 macros
[0m17:29:02.599851 [debug] [MainThread]: Sending event: {'category': 'dbt', 'action': 'runnable_timing', 'label': '2c2d76c3-e95e-4c8a-8d38-a94e549b65b8', 'context': [<snowplow_tracker.self_describing_json.SelfDescribingJson object at 0x129a0d160>]}
[0m17:29:02.603157 [info ] [MainThread]: 
[0m17:29:02.603720 [info ] [MainThread]: Concurrency: 8 threads (target='dev')
[0m17:29:02.604243 [info ] [MainThread]: 
[0m17:29:02.605035 [debug] [MainThread]: Acquiring new snowflake connection 'master'
[0m17:29:02.615032 [debug] [ThreadPool]: Acquiring new snowflake connection 'list_Zomato_staging'
[0m17:29:02.615887 [debug] [ThreadPool]: Acquiring new snowflake connection 'list_Zomato_marts'
[0m17:29:02.733580 [debug] [ThreadPool]: Using snowflake connection "list_Zomato_staging"
[0m17:29:02.734443 [debug] [ThreadPool]: Using snowflake connection "list_Zomato_marts"
[0m17:29:02.734959 [debug] [ThreadPool]: On list_Zomato_staging: show objects in Zomato.staging
    limit 10000
    

/* {"app": "dbt", "dbt_version": "1.10.22", "profile_name": "zomato", "target_name": "dev", "connection_name": "list_Zomato_staging"} */;
[0m17:29:02.735500 [debug] [ThreadPool]: On list_Zomato_marts: show objects in Zomato.marts
    limit 10000
    

/* {"app": "dbt", "dbt_version": "1.10.22", "profile_name": "zomato", "target_name": "dev", "connection_name": "list_Zomato_marts"} */;
[0m17:29:02.736025 [debug] [ThreadPool]: Opening a new connection, currently in state init
[0m17:29:02.736578 [debug] [ThreadPool]: Opening a new connection, currently in state init
[0m17:29:04.768741 [debug] [ThreadPool]: SQL status: SUCCESS 7 in 2.033 seconds
[0m17:29:04.826429 [debug] [ThreadPool]: SQL status: SUCCESS 9 in 2.090 seconds
[0m17:29:04.832911 [debug] [MainThread]: Sending event: {'category': 'dbt', 'action': 'runnable_timing', 'label': '2c2d76c3-e95e-4c8a-8d38-a94e549b65b8', 'context': [<snowplow_tracker.self_describing_json.SelfDescribingJson object at 0x1298a9760>]}
[0m17:29:04.839917 [debug] [Thread-1  ]: Began running node test.zomato.accepted_values_fct_orders_order_status__Delivered__Cancelled__Refunded.165fe30b61
[0m17:29:04.840811 [debug] [Thread-2  ]: Began running node test.zomato.not_null_fct_orders_order_id.4e687af8d0
[0m17:29:04.841540 [info ] [Thread-1  ]: 1 of 16 START test accepted_values_fct_orders_order_status__Delivered__Cancelled__Refunded  [RUN]
[0m17:29:04.842318 [debug] [Thread-3  ]: Began running node test.zomato.not_null_stg_order_items_order_item_id.26a7e2bc35
[0m17:29:04.842952 [debug] [Thread-4  ]: Began running node test.zomato.not_null_stg_orders_order_id.81cfe2fe64
[0m17:29:04.843565 [info ] [Thread-2  ]: 2 of 16 START test not_null_fct_orders_order_id ................................ [RUN]
[0m17:29:04.844354 [debug] [Thread-5  ]: Began running node test.zomato.not_null_stg_orders_r_id.902d9e6a31
[0m17:29:04.845041 [debug] [Thread-1  ]: Re-using an available connection from the pool (formerly list_Zomato_staging, now test.zomato.accepted_values_fct_orders_order_status__Delivered__Cancelled__Refunded.165fe30b61)
[0m17:29:04.845644 [debug] [Thread-6  ]: Began running node test.zomato.not_null_stg_orders_user_id.7d129d0209
[0m17:29:04.846312 [debug] [Thread-7  ]: Began running node test.zomato.not_null_stg_restaurants_id.732688e26a
[0m17:29:04.846993 [debug] [Thread-8  ]: Began running node test.zomato.not_null_stg_reviews_review_id.943b8fc3e4
[0m17:29:04.847591 [info ] [Thread-3  ]: 3 of 16 START test not_null_stg_order_items_order_item_id ...................... [RUN]
[0m17:29:04.849020 [debug] [Thread-2  ]: Re-using an available connection from the pool (formerly list_Zomato_marts, now test.zomato.not_null_fct_orders_order_id.4e687af8d0)
[0m17:29:04.848205 [info ] [Thread-4  ]: 4 of 16 START test not_null_stg_orders_order_id ................................ [RUN]
[0m17:29:04.849881 [info ] [Thread-5  ]: 5 of 16 START test not_null_stg_orders_r_id .................................... [RUN]
[0m17:29:04.850604 [debug] [Thread-1  ]: Began compiling node test.zomato.accepted_values_fct_orders_order_status__Delivered__Cancelled__Refunded.165fe30b61
[0m17:29:04.851282 [info ] [Thread-6  ]: 6 of 16 START test not_null_stg_orders_user_id ................................. [RUN]
[0m17:29:04.852006 [info ] [Thread-7  ]: 7 of 16 START test not_null_stg_restaurants_id ................................. [RUN]
[0m17:29:04.852707 [info ] [Thread-8  ]: 8 of 16 START test not_null_stg_reviews_review_id .............................. [RUN]
[0m17:29:04.853576 [debug] [Thread-3  ]: Acquiring new snowflake connection 'test.zomato.not_null_stg_order_items_order_item_id.26a7e2bc35'
[0m17:29:04.854866 [debug] [Thread-2  ]: Began compiling node test.zomato.not_null_fct_orders_order_id.4e687af8d0
[0m17:29:04.855933 [debug] [Thread-4  ]: Acquiring new snowflake connection 'test.zomato.not_null_stg_orders_order_id.81cfe2fe64'
[0m17:29:04.856827 [debug] [Thread-5  ]: Acquiring new snowflake connection 'test.zomato.not_null_stg_orders_r_id.902d9e6a31'
[0m17:29:04.863864 [debug] [Thread-6  ]: Acquiring new snowflake connection 'test.zomato.not_null_stg_orders_user_id.7d129d0209'
[0m17:29:04.881966 [debug] [Thread-7  ]: Acquiring new snowflake connection 'test.zomato.not_null_stg_restaurants_id.732688e26a'
[0m17:29:04.887588 [debug] [Thread-1  ]: Writing injected SQL for node "test.zomato.accepted_values_fct_orders_order_status__Delivered__Cancelled__Refunded.165fe30b61"
[0m17:29:04.888476 [debug] [Thread-8  ]: Acquiring new snowflake connection 'test.zomato.not_null_stg_reviews_review_id.943b8fc3e4'
[0m17:29:04.889110 [debug] [Thread-3  ]: Began compiling node test.zomato.not_null_stg_order_items_order_item_id.26a7e2bc35
[0m17:29:04.895290 [debug] [Thread-4  ]: Began compiling node test.zomato.not_null_stg_orders_order_id.81cfe2fe64
[0m17:29:04.901809 [debug] [Thread-2  ]: Writing injected SQL for node "test.zomato.not_null_fct_orders_order_id.4e687af8d0"
[0m17:29:04.902468 [debug] [Thread-5  ]: Began compiling node test.zomato.not_null_stg_orders_r_id.902d9e6a31
[0m17:29:04.903043 [debug] [Thread-6  ]: Began compiling node test.zomato.not_null_stg_orders_user_id.7d129d0209
[0m17:29:04.903608 [debug] [Thread-7  ]: Began compiling node test.zomato.not_null_stg_restaurants_id.732688e26a
[0m17:29:04.904337 [debug] [Thread-8  ]: Began compiling node test.zomato.not_null_stg_reviews_review_id.943b8fc3e4
[0m17:29:04.910467 [debug] [Thread-3  ]: Writing injected SQL for node "test.zomato.not_null_stg_order_items_order_item_id.26a7e2bc35"
[0m17:29:04.915770 [debug] [Thread-4  ]: Writing injected SQL for node "test.zomato.not_null_stg_orders_order_id.81cfe2fe64"
[0m17:29:04.916544 [debug] [Thread-1  ]: Began executing node test.zomato.accepted_values_fct_orders_order_status__Delivered__Cancelled__Refunded.165fe30b61
[0m17:29:04.922983 [debug] [Thread-5  ]: Writing injected SQL for node "test.zomato.not_null_stg_orders_r_id.902d9e6a31"
[0m17:29:04.928194 [debug] [Thread-6  ]: Writing injected SQL for node "test.zomato.not_null_stg_orders_user_id.7d129d0209"
[0m17:29:04.933235 [debug] [Thread-7  ]: Writing injected SQL for node "test.zomato.not_null_stg_restaurants_id.732688e26a"
[0m17:29:04.933967 [debug] [Thread-2  ]: Began executing node test.zomato.not_null_fct_orders_order_id.4e687af8d0
[0m17:29:04.938987 [debug] [Thread-8  ]: Writing injected SQL for node "test.zomato.not_null_stg_reviews_review_id.943b8fc3e4"
[0m17:29:04.946319 [debug] [Thread-3  ]: Began executing node test.zomato.not_null_stg_order_items_order_item_id.26a7e2bc35
[0m17:29:04.953028 [debug] [Thread-4  ]: Began executing node test.zomato.not_null_stg_orders_order_id.81cfe2fe64
[0m17:29:04.966493 [debug] [Thread-1  ]: Writing runtime sql for node "test.zomato.accepted_values_fct_orders_order_status__Delivered__Cancelled__Refunded.165fe30b61"
[0m17:29:04.967088 [debug] [Thread-5  ]: Began executing node test.zomato.not_null_stg_orders_r_id.902d9e6a31
[0m17:29:04.967625 [debug] [Thread-6  ]: Began executing node test.zomato.not_null_stg_orders_user_id.7d129d0209
[0m17:29:04.971727 [debug] [Thread-2  ]: Writing runtime sql for node "test.zomato.not_null_fct_orders_order_id.4e687af8d0"
[0m17:29:04.972406 [debug] [Thread-7  ]: Began executing node test.zomato.not_null_stg_restaurants_id.732688e26a
[0m17:29:04.975457 [debug] [Thread-3  ]: Writing runtime sql for node "test.zomato.not_null_stg_order_items_order_item_id.26a7e2bc35"
[0m17:29:04.978646 [debug] [Thread-4  ]: Writing runtime sql for node "test.zomato.not_null_stg_orders_order_id.81cfe2fe64"
[0m17:29:04.979157 [debug] [Thread-8  ]: Began executing node test.zomato.not_null_stg_reviews_review_id.943b8fc3e4
[0m17:29:04.982221 [debug] [Thread-5  ]: Writing runtime sql for node "test.zomato.not_null_stg_orders_r_id.902d9e6a31"
[0m17:29:04.985138 [debug] [Thread-6  ]: Writing runtime sql for node "test.zomato.not_null_stg_orders_user_id.7d129d0209"
[0m17:29:04.988513 [debug] [Thread-7  ]: Writing runtime sql for node "test.zomato.not_null_stg_restaurants_id.732688e26a"
[0m17:29:04.989580 [debug] [Thread-1  ]: Using snowflake connection "test.zomato.accepted_values_fct_orders_order_status__Delivered__Cancelled__Refunded.165fe30b61"
[0m17:29:04.990743 [debug] [Thread-2  ]: Using snowflake connection "test.zomato.not_null_fct_orders_order_id.4e687af8d0"
[0m17:29:04.994894 [debug] [Thread-8  ]: Writing runtime sql for node "test.zomato.not_null_stg_reviews_review_id.943b8fc3e4"
[0m17:29:04.995858 [debug] [Thread-3  ]: Using snowflake connection "test.zomato.not_null_stg_order_items_order_item_id.26a7e2bc35"
[0m17:29:04.996638 [debug] [Thread-4  ]: Using snowflake connection "test.zomato.not_null_stg_orders_order_id.81cfe2fe64"
[0m17:29:04.997875 [debug] [Thread-5  ]: Using snowflake connection "test.zomato.not_null_stg_orders_r_id.902d9e6a31"
[0m17:29:04.998438 [debug] [Thread-1  ]: On test.zomato.accepted_values_fct_orders_order_status__Delivered__Cancelled__Refunded.165fe30b61: select
      count(*) as failures,
      count(*) != 0 as should_warn,
      count(*) != 0 as should_error
    from (
      
    
  
    
    

with all_values as (

    select
        order_status as value_field,
        count(*) as n_records

    from Zomato.marts.fct_orders
    group by order_status

)

select *
from all_values
where value_field not in (
    'Delivered','Cancelled','Refunded'
)



  
  
      
    ) dbt_internal_test
/* {"app": "dbt", "dbt_version": "1.10.22", "profile_name": "zomato", "target_name": "dev", "node_id": "test.zomato.accepted_values_fct_orders_order_status__Delivered__Cancelled__Refunded.165fe30b61"} */
[0m17:29:04.999271 [debug] [Thread-6  ]: Using snowflake connection "test.zomato.not_null_stg_orders_user_id.7d129d0209"
[0m17:29:05.000082 [debug] [Thread-7  ]: Using snowflake connection "test.zomato.not_null_stg_restaurants_id.732688e26a"
[0m17:29:05.000538 [debug] [Thread-2  ]: On test.zomato.not_null_fct_orders_order_id.4e687af8d0: select
      count(*) as failures,
      count(*) != 0 as should_warn,
      count(*) != 0 as should_error
    from (
      
    
  
    
    



select order_id
from Zomato.marts.fct_orders
where order_id is null



  
  
      
    ) dbt_internal_test
/* {"app": "dbt", "dbt_version": "1.10.22", "profile_name": "zomato", "target_name": "dev", "node_id": "test.zomato.not_null_fct_orders_order_id.4e687af8d0"} */
[0m17:29:05.001272 [debug] [Thread-3  ]: On test.zomato.not_null_stg_order_items_order_item_id.26a7e2bc35: select
      count(*) as failures,
      count(*) != 0 as should_warn,
      count(*) != 0 as should_error
    from (
      
    
  
    
    



select order_item_id
from Zomato.staging.stg_order_items
where order_item_id is null



  
  
      
    ) dbt_internal_test
/* {"app": "dbt", "dbt_version": "1.10.22", "profile_name": "zomato", "target_name": "dev", "node_id": "test.zomato.not_null_stg_order_items_order_item_id.26a7e2bc35"} */
[0m17:29:05.001835 [debug] [Thread-4  ]: On test.zomato.not_null_stg_orders_order_id.81cfe2fe64: select
      count(*) as failures,
      count(*) != 0 as should_warn,
      count(*) != 0 as should_error
    from (
      
    
  
    
    



select order_id
from Zomato.staging.stg_orders
where order_id is null



  
  
      
    ) dbt_internal_test
/* {"app": "dbt", "dbt_version": "1.10.22", "profile_name": "zomato", "target_name": "dev", "node_id": "test.zomato.not_null_stg_orders_order_id.81cfe2fe64"} */
[0m17:29:05.002510 [debug] [Thread-5  ]: On test.zomato.not_null_stg_orders_r_id.902d9e6a31: select
      count(*) as failures,
      count(*) != 0 as should_warn,
      count(*) != 0 as should_error
    from (
      
    
  
    
    



select r_id
from Zomato.staging.stg_orders
where r_id is null



  
  
      
    ) dbt_internal_test
/* {"app": "dbt", "dbt_version": "1.10.22", "profile_name": "zomato", "target_name": "dev", "node_id": "test.zomato.not_null_stg_orders_r_id.902d9e6a31"} */
[0m17:29:05.003309 [debug] [Thread-8  ]: Using snowflake connection "test.zomato.not_null_stg_reviews_review_id.943b8fc3e4"
[0m17:29:05.004992 [debug] [Thread-6  ]: On test.zomato.not_null_stg_orders_user_id.7d129d0209: select
      count(*) as failures,
      count(*) != 0 as should_warn,
      count(*) != 0 as should_error
    from (
      
    
  
    
    



select user_id
from Zomato.staging.stg_orders
where user_id is null



  
  
      
    ) dbt_internal_test
/* {"app": "dbt", "dbt_version": "1.10.22", "profile_name": "zomato", "target_name": "dev", "node_id": "test.zomato.not_null_stg_orders_user_id.7d129d0209"} */
[0m17:29:05.005588 [debug] [Thread-7  ]: On test.zomato.not_null_stg_restaurants_id.732688e26a: select
      count(*) as failures,
      count(*) != 0 as should_warn,
      count(*) != 0 as should_error
    from (
      
    
  
    
    



select id
from Zomato.staging.stg_restaurants
where id is null



  
  
      
    ) dbt_internal_test
/* {"app": "dbt", "dbt_version": "1.10.22", "profile_name": "zomato", "target_name": "dev", "node_id": "test.zomato.not_null_stg_restaurants_id.732688e26a"} */
[0m17:29:05.006444 [debug] [Thread-3  ]: Opening a new connection, currently in state init
[0m17:29:05.007215 [debug] [Thread-4  ]: Opening a new connection, currently in state init
[0m17:29:05.008330 [debug] [Thread-5  ]: Opening a new connection, currently in state init
[0m17:29:05.009233 [debug] [Thread-8  ]: On test.zomato.not_null_stg_reviews_review_id.943b8fc3e4: select
      count(*) as failures,
      count(*) != 0 as should_warn,
      count(*) != 0 as should_error
    from (
      
    
  
    
    



select review_id
from Zomato.staging.stg_reviews
where review_id is null



  
  
      
    ) dbt_internal_test
/* {"app": "dbt", "dbt_version": "1.10.22", "profile_name": "zomato", "target_name": "dev", "node_id": "test.zomato.not_null_stg_reviews_review_id.943b8fc3e4"} */
[0m17:29:05.009940 [debug] [Thread-6  ]: Opening a new connection, currently in state init
[0m17:29:05.010709 [debug] [Thread-7  ]: Opening a new connection, currently in state init
[0m17:29:05.013702 [debug] [Thread-8  ]: Opening a new connection, currently in state init
[0m17:29:05.242851 [debug] [Thread-2  ]: SQL status: SUCCESS 1 in 0.237 seconds
[0m17:29:05.257858 [debug] [Thread-1  ]: SQL status: SUCCESS 1 in 0.254 seconds
[0m17:29:05.260401 [info ] [Thread-1  ]: 1 of 16 PASS accepted_values_fct_orders_order_status__Delivered__Cancelled__Refunded  [[32mPASS[0m in 0.42s]
[0m17:29:05.261355 [debug] [Thread-1  ]: Finished running node test.zomato.accepted_values_fct_orders_order_status__Delivered__Cancelled__Refunded.165fe30b61
[0m17:29:05.263666 [debug] [Thread-1  ]: Began running node test.zomato.not_null_stg_users_user_id.980dfc1b77
[0m17:29:05.266983 [info ] [Thread-1  ]: 9 of 16 START test not_null_stg_users_user_id .................................. [RUN]
[0m17:29:05.267741 [debug] [Thread-1  ]: Re-using an available connection from the pool (formerly test.zomato.accepted_values_fct_orders_order_status__Delivered__Cancelled__Refunded.165fe30b61, now test.zomato.not_null_stg_users_user_id.980dfc1b77)
[0m17:29:05.257158 [info ] [Thread-2  ]: 2 of 16 PASS not_null_fct_orders_order_id ...................................... [[32mPASS[0m in 0.41s]
[0m17:29:05.271128 [debug] [Thread-1  ]: Began compiling node test.zomato.not_null_stg_users_user_id.980dfc1b77
[0m17:29:05.273918 [debug] [Thread-2  ]: Finished running node test.zomato.not_null_fct_orders_order_id.4e687af8d0
[0m17:29:05.288684 [debug] [Thread-1  ]: Writing injected SQL for node "test.zomato.not_null_stg_users_user_id.980dfc1b77"
[0m17:29:05.296824 [debug] [Thread-2  ]: Began running node test.zomato.relationships_fct_orders_customer_id__customer_id__ref_dim_customer_.d39c4721da
[0m17:29:05.308252 [info ] [Thread-2  ]: 10 of 16 START test relationships_fct_orders_customer_id__customer_id__ref_dim_customer_  [RUN]
[0m17:29:05.313918 [debug] [Thread-1  ]: Began executing node test.zomato.not_null_stg_users_user_id.980dfc1b77
[0m17:29:05.315939 [debug] [Thread-2  ]: Re-using an available connection from the pool (formerly test.zomato.not_null_fct_orders_order_id.4e687af8d0, now test.zomato.relationships_fct_orders_customer_id__customer_id__ref_dim_customer_.d39c4721da)
[0m17:29:05.323324 [debug] [Thread-1  ]: Writing runtime sql for node "test.zomato.not_null_stg_users_user_id.980dfc1b77"
[0m17:29:05.327358 [debug] [Thread-2  ]: Began compiling node test.zomato.relationships_fct_orders_customer_id__customer_id__ref_dim_customer_.d39c4721da
[0m17:29:05.351935 [debug] [Thread-2  ]: Writing injected SQL for node "test.zomato.relationships_fct_orders_customer_id__customer_id__ref_dim_customer_.d39c4721da"
[0m17:29:05.355832 [debug] [Thread-1  ]: Using snowflake connection "test.zomato.not_null_stg_users_user_id.980dfc1b77"
[0m17:29:05.360449 [debug] [Thread-1  ]: On test.zomato.not_null_stg_users_user_id.980dfc1b77: select
      count(*) as failures,
      count(*) != 0 as should_warn,
      count(*) != 0 as should_error
    from (
      
    
  
    
    



select user_id
from Zomato.staging.stg_users
where user_id is null



  
  
      
    ) dbt_internal_test
/* {"app": "dbt", "dbt_version": "1.10.22", "profile_name": "zomato", "target_name": "dev", "node_id": "test.zomato.not_null_stg_users_user_id.980dfc1b77"} */
[0m17:29:05.361464 [debug] [Thread-2  ]: Began executing node test.zomato.relationships_fct_orders_customer_id__customer_id__ref_dim_customer_.d39c4721da
[0m17:29:05.368549 [debug] [Thread-2  ]: Writing runtime sql for node "test.zomato.relationships_fct_orders_customer_id__customer_id__ref_dim_customer_.d39c4721da"
[0m17:29:05.376176 [debug] [Thread-2  ]: Using snowflake connection "test.zomato.relationships_fct_orders_customer_id__customer_id__ref_dim_customer_.d39c4721da"
[0m17:29:05.376970 [debug] [Thread-2  ]: On test.zomato.relationships_fct_orders_customer_id__customer_id__ref_dim_customer_.d39c4721da: select
      count(*) as failures,
      count(*) != 0 as should_warn,
      count(*) != 0 as should_error
    from (
      
    
  
    
    

with child as (
    select customer_id as from_field
    from Zomato.marts.fct_orders
    where customer_id is not null
),

parent as (
    select customer_id as to_field
    from Zomato.marts.dim_customer
)

select
    from_field

from child
left join parent
    on child.from_field = parent.to_field

where parent.to_field is null



  
  
      
    ) dbt_internal_test
/* {"app": "dbt", "dbt_version": "1.10.22", "profile_name": "zomato", "target_name": "dev", "node_id": "test.zomato.relationships_fct_orders_customer_id__customer_id__ref_dim_customer_.d39c4721da"} */
[0m17:29:05.571214 [debug] [Thread-2  ]: SQL status: SUCCESS 1 in 0.193 seconds
[0m17:29:05.575371 [info ] [Thread-2  ]: 10 of 16 PASS relationships_fct_orders_customer_id__customer_id__ref_dim_customer_  [[32mPASS[0m in 0.26s]
[0m17:29:05.576277 [debug] [Thread-2  ]: Finished running node test.zomato.relationships_fct_orders_customer_id__customer_id__ref_dim_customer_.d39c4721da
[0m17:29:05.576899 [debug] [Thread-2  ]: Began running node test.zomato.unique_fct_orders_order_id.523ddb6ce5
[0m17:29:05.577597 [info ] [Thread-2  ]: 11 of 16 START test unique_fct_orders_order_id ................................. [RUN]
[0m17:29:05.578307 [debug] [Thread-2  ]: Re-using an available connection from the pool (formerly test.zomato.relationships_fct_orders_customer_id__customer_id__ref_dim_customer_.d39c4721da, now test.zomato.unique_fct_orders_order_id.523ddb6ce5)
[0m17:29:05.578881 [debug] [Thread-2  ]: Began compiling node test.zomato.unique_fct_orders_order_id.523ddb6ce5
[0m17:29:05.589090 [debug] [Thread-2  ]: Writing injected SQL for node "test.zomato.unique_fct_orders_order_id.523ddb6ce5"
[0m17:29:05.590924 [debug] [Thread-2  ]: Began executing node test.zomato.unique_fct_orders_order_id.523ddb6ce5
[0m17:29:05.595091 [debug] [Thread-2  ]: Writing runtime sql for node "test.zomato.unique_fct_orders_order_id.523ddb6ce5"
[0m17:29:05.596862 [debug] [Thread-2  ]: Using snowflake connection "test.zomato.unique_fct_orders_order_id.523ddb6ce5"
[0m17:29:05.597491 [debug] [Thread-2  ]: On test.zomato.unique_fct_orders_order_id.523ddb6ce5: select
      count(*) as failures,
      count(*) != 0 as should_warn,
      count(*) != 0 as should_error
    from (
      
    
  
    
    

select
    order_id as unique_field,
    count(*) as n_records

from Zomato.marts.fct_orders
where order_id is not null
group by order_id
having count(*) > 1



  
  
      
    ) dbt_internal_test
/* {"app": "dbt", "dbt_version": "1.10.22", "profile_name": "zomato", "target_name": "dev", "node_id": "test.zomato.unique_fct_orders_order_id.523ddb6ce5"} */
[0m17:29:05.755187 [debug] [Thread-2  ]: SQL status: SUCCESS 1 in 0.157 seconds
[0m17:29:05.758683 [info ] [Thread-2  ]: 11 of 16 PASS unique_fct_orders_order_id ....................................... [[32mPASS[0m in 0.18s]
[0m17:29:05.759786 [debug] [Thread-2  ]: Finished running node test.zomato.unique_fct_orders_order_id.523ddb6ce5
[0m17:29:05.760486 [debug] [Thread-2  ]: Began running node test.zomato.unique_stg_order_items_order_item_id.90e333a108
[0m17:29:05.761150 [info ] [Thread-2  ]: 12 of 16 START test unique_stg_order_items_order_item_id ....................... [RUN]
[0m17:29:05.761896 [debug] [Thread-2  ]: Re-using an available connection from the pool (formerly test.zomato.unique_fct_orders_order_id.523ddb6ce5, now test.zomato.unique_stg_order_items_order_item_id.90e333a108)
[0m17:29:05.762548 [debug] [Thread-2  ]: Began compiling node test.zomato.unique_stg_order_items_order_item_id.90e333a108
[0m17:29:05.768896 [debug] [Thread-2  ]: Writing injected SQL for node "test.zomato.unique_stg_order_items_order_item_id.90e333a108"
[0m17:29:05.770183 [debug] [Thread-2  ]: Began executing node test.zomato.unique_stg_order_items_order_item_id.90e333a108
[0m17:29:05.776274 [debug] [Thread-2  ]: Writing runtime sql for node "test.zomato.unique_stg_order_items_order_item_id.90e333a108"
[0m17:29:05.778077 [debug] [Thread-2  ]: Using snowflake connection "test.zomato.unique_stg_order_items_order_item_id.90e333a108"
[0m17:29:05.778729 [debug] [Thread-2  ]: On test.zomato.unique_stg_order_items_order_item_id.90e333a108: select
      count(*) as failures,
      count(*) != 0 as should_warn,
      count(*) != 0 as should_error
    from (
      
    
  
    
    

select
    order_item_id as unique_field,
    count(*) as n_records

from Zomato.staging.stg_order_items
where order_item_id is not null
group by order_item_id
having count(*) > 1



  
  
      
    ) dbt_internal_test
/* {"app": "dbt", "dbt_version": "1.10.22", "profile_name": "zomato", "target_name": "dev", "node_id": "test.zomato.unique_stg_order_items_order_item_id.90e333a108"} */
[0m17:29:05.985350 [debug] [Thread-2  ]: SQL status: SUCCESS 1 in 0.206 seconds
[0m17:29:05.990812 [info ] [Thread-2  ]: 12 of 16 PASS unique_stg_order_items_order_item_id ............................. [[32mPASS[0m in 0.23s]
[0m17:29:05.992121 [debug] [Thread-2  ]: Finished running node test.zomato.unique_stg_order_items_order_item_id.90e333a108
[0m17:29:05.992774 [debug] [Thread-2  ]: Began running node test.zomato.unique_stg_orders_order_id.e3b841c71a
[0m17:29:05.993377 [info ] [Thread-2  ]: 13 of 16 START test unique_stg_orders_order_id ................................. [RUN]
[0m17:29:05.994135 [debug] [Thread-2  ]: Re-using an available connection from the pool (formerly test.zomato.unique_stg_order_items_order_item_id.90e333a108, now test.zomato.unique_stg_orders_order_id.e3b841c71a)
[0m17:29:05.994748 [debug] [Thread-2  ]: Began compiling node test.zomato.unique_stg_orders_order_id.e3b841c71a
[0m17:29:06.001576 [debug] [Thread-2  ]: Writing injected SQL for node "test.zomato.unique_stg_orders_order_id.e3b841c71a"
[0m17:29:06.006149 [debug] [Thread-2  ]: Began executing node test.zomato.unique_stg_orders_order_id.e3b841c71a
[0m17:29:06.010189 [debug] [Thread-2  ]: Writing runtime sql for node "test.zomato.unique_stg_orders_order_id.e3b841c71a"
[0m17:29:06.026581 [debug] [Thread-2  ]: Using snowflake connection "test.zomato.unique_stg_orders_order_id.e3b841c71a"
[0m17:29:06.027248 [debug] [Thread-2  ]: On test.zomato.unique_stg_orders_order_id.e3b841c71a: select
      count(*) as failures,
      count(*) != 0 as should_warn,
      count(*) != 0 as should_error
    from (
      
    
  
    
    

select
    order_id as unique_field,
    count(*) as n_records

from Zomato.staging.stg_orders
where order_id is not null
group by order_id
having count(*) > 1



  
  
      
    ) dbt_internal_test
/* {"app": "dbt", "dbt_version": "1.10.22", "profile_name": "zomato", "target_name": "dev", "node_id": "test.zomato.unique_stg_orders_order_id.e3b841c71a"} */
[0m17:29:06.179092 [debug] [Thread-2  ]: SQL status: SUCCESS 1 in 0.151 seconds
[0m17:29:06.182434 [info ] [Thread-2  ]: 13 of 16 PASS unique_stg_orders_order_id ....................................... [[32mPASS[0m in 0.19s]
[0m17:29:06.183407 [debug] [Thread-2  ]: Finished running node test.zomato.unique_stg_orders_order_id.e3b841c71a
[0m17:29:06.184080 [debug] [Thread-2  ]: Began running node test.zomato.unique_stg_restaurants_id.43c737c387
[0m17:29:06.184717 [info ] [Thread-2  ]: 14 of 16 START test unique_stg_restaurants_id .................................. [RUN]
[0m17:29:06.185449 [debug] [Thread-2  ]: Re-using an available connection from the pool (formerly test.zomato.unique_stg_orders_order_id.e3b841c71a, now test.zomato.unique_stg_restaurants_id.43c737c387)
[0m17:29:06.186084 [debug] [Thread-2  ]: Began compiling node test.zomato.unique_stg_restaurants_id.43c737c387
[0m17:29:06.192486 [debug] [Thread-2  ]: Writing injected SQL for node "test.zomato.unique_stg_restaurants_id.43c737c387"
[0m17:29:06.193666 [debug] [Thread-2  ]: Began executing node test.zomato.unique_stg_restaurants_id.43c737c387
[0m17:29:06.198444 [debug] [Thread-2  ]: Writing runtime sql for node "test.zomato.unique_stg_restaurants_id.43c737c387"
[0m17:29:06.206144 [debug] [Thread-2  ]: Using snowflake connection "test.zomato.unique_stg_restaurants_id.43c737c387"
[0m17:29:06.207612 [debug] [Thread-2  ]: On test.zomato.unique_stg_restaurants_id.43c737c387: select
      count(*) as failures,
      count(*) != 0 as should_warn,
      count(*) != 0 as should_error
    from (
      
    
  
    
    

select
    id as unique_field,
    count(*) as n_records

from Zomato.staging.stg_restaurants
where id is not null
group by id
having count(*) > 1



  
  
      
    ) dbt_internal_test
/* {"app": "dbt", "dbt_version": "1.10.22", "profile_name": "zomato", "target_name": "dev", "node_id": "test.zomato.unique_stg_restaurants_id.43c737c387"} */
[0m17:29:06.266348 [debug] [Thread-4  ]: SQL status: SUCCESS 1 in 1.259 seconds
[0m17:29:06.269912 [info ] [Thread-4  ]: 4 of 16 PASS not_null_stg_orders_order_id ...................................... [[32mPASS[0m in 1.41s]
[0m17:29:06.271071 [debug] [Thread-4  ]: Finished running node test.zomato.not_null_stg_orders_order_id.81cfe2fe64
[0m17:29:06.271767 [debug] [Thread-4  ]: Began running node test.zomato.unique_stg_reviews_review_id.9b6c259f3c
[0m17:29:06.272435 [info ] [Thread-4  ]: 15 of 16 START test unique_stg_reviews_review_id ............................... [RUN]
[0m17:29:06.273180 [debug] [Thread-4  ]: Re-using an available connection from the pool (formerly test.zomato.not_null_stg_orders_order_id.81cfe2fe64, now test.zomato.unique_stg_reviews_review_id.9b6c259f3c)
[0m17:29:06.273831 [debug] [Thread-4  ]: Began compiling node test.zomato.unique_stg_reviews_review_id.9b6c259f3c
[0m17:29:06.281854 [debug] [Thread-4  ]: Writing injected SQL for node "test.zomato.unique_stg_reviews_review_id.9b6c259f3c"
[0m17:29:06.283424 [debug] [Thread-4  ]: Began executing node test.zomato.unique_stg_reviews_review_id.9b6c259f3c
[0m17:29:06.287919 [debug] [Thread-4  ]: Writing runtime sql for node "test.zomato.unique_stg_reviews_review_id.9b6c259f3c"
[0m17:29:06.289627 [debug] [Thread-4  ]: Using snowflake connection "test.zomato.unique_stg_reviews_review_id.9b6c259f3c"
[0m17:29:06.290273 [debug] [Thread-4  ]: On test.zomato.unique_stg_reviews_review_id.9b6c259f3c: select
      count(*) as failures,
      count(*) != 0 as should_warn,
      count(*) != 0 as should_error
    from (
      
    
  
    
    

select
    review_id as unique_field,
    count(*) as n_records

from Zomato.staging.stg_reviews
where review_id is not null
group by review_id
having count(*) > 1



  
  
      
    ) dbt_internal_test
/* {"app": "dbt", "dbt_version": "1.10.22", "profile_name": "zomato", "target_name": "dev", "node_id": "test.zomato.unique_stg_reviews_review_id.9b6c259f3c"} */
[0m17:29:06.312598 [debug] [Thread-8  ]: SQL status: SUCCESS 1 in 1.299 seconds
[0m17:29:06.315920 [info ] [Thread-8  ]: 8 of 16 PASS not_null_stg_reviews_review_id .................................... [[32mPASS[0m in 1.43s]
[0m17:29:06.316933 [debug] [Thread-8  ]: Finished running node test.zomato.not_null_stg_reviews_review_id.943b8fc3e4
[0m17:29:06.317632 [debug] [Thread-8  ]: Began running node test.zomato.unique_stg_users_user_id.c2ff477e6b
[0m17:29:06.318304 [info ] [Thread-8  ]: 16 of 16 START test unique_stg_users_user_id ................................... [RUN]
[0m17:29:06.319042 [debug] [Thread-8  ]: Re-using an available connection from the pool (formerly test.zomato.not_null_stg_reviews_review_id.943b8fc3e4, now test.zomato.unique_stg_users_user_id.c2ff477e6b)
[0m17:29:06.319676 [debug] [Thread-8  ]: Began compiling node test.zomato.unique_stg_users_user_id.c2ff477e6b
[0m17:29:06.325986 [debug] [Thread-8  ]: Writing injected SQL for node "test.zomato.unique_stg_users_user_id.c2ff477e6b"
[0m17:29:06.327292 [debug] [Thread-8  ]: Began executing node test.zomato.unique_stg_users_user_id.c2ff477e6b
[0m17:29:06.332287 [debug] [Thread-8  ]: Writing runtime sql for node "test.zomato.unique_stg_users_user_id.c2ff477e6b"
[0m17:29:06.334071 [debug] [Thread-8  ]: Using snowflake connection "test.zomato.unique_stg_users_user_id.c2ff477e6b"
[0m17:29:06.334727 [debug] [Thread-8  ]: On test.zomato.unique_stg_users_user_id.c2ff477e6b: select
      count(*) as failures,
      count(*) != 0 as should_warn,
      count(*) != 0 as should_error
    from (
      
    
  
    
    

select
    user_id as unique_field,
    count(*) as n_records

from Zomato.staging.stg_users
where user_id is not null
group by user_id
having count(*) > 1



  
  
      
    ) dbt_internal_test
/* {"app": "dbt", "dbt_version": "1.10.22", "profile_name": "zomato", "target_name": "dev", "node_id": "test.zomato.unique_stg_users_user_id.c2ff477e6b"} */
[0m17:29:06.392836 [debug] [Thread-3  ]: SQL status: SUCCESS 1 in 1.386 seconds
[0m17:29:06.396493 [info ] [Thread-3  ]: 3 of 16 PASS not_null_stg_order_items_order_item_id ............................ [[32mPASS[0m in 1.54s]
[0m17:29:06.397648 [debug] [Thread-3  ]: Finished running node test.zomato.not_null_stg_order_items_order_item_id.26a7e2bc35
[0m17:29:06.486143 [debug] [Thread-4  ]: SQL status: SUCCESS 1 in 0.195 seconds
[0m17:29:06.489776 [info ] [Thread-4  ]: 15 of 16 PASS unique_stg_reviews_review_id ..................................... [[32mPASS[0m in 0.22s]
[0m17:29:06.490919 [debug] [Thread-4  ]: Finished running node test.zomato.unique_stg_reviews_review_id.9b6c259f3c
[0m17:29:07.196879 [debug] [Thread-1  ]: SQL status: SUCCESS 1 in 1.833 seconds
[0m17:29:07.198206 [debug] [Thread-7  ]: SQL status: SUCCESS 1 in 2.187 seconds
[0m17:29:07.199541 [debug] [Thread-6  ]: SQL status: SUCCESS 1 in 2.190 seconds
[0m17:29:07.202357 [info ] [Thread-1  ]: 9 of 16 PASS not_null_stg_users_user_id ........................................ [[32mPASS[0m in 1.93s]
[0m17:29:07.203485 [debug] [Thread-5  ]: SQL status: SUCCESS 1 in 2.195 seconds
[0m17:29:07.206103 [info ] [Thread-7  ]: 7 of 16 PASS not_null_stg_restaurants_id ....................................... [[32mPASS[0m in 2.32s]
[0m17:29:07.208712 [info ] [Thread-6  ]: 6 of 16 PASS not_null_stg_orders_user_id ....................................... [[32mPASS[0m in 2.35s]
[0m17:29:07.209785 [debug] [Thread-1  ]: Finished running node test.zomato.not_null_stg_users_user_id.980dfc1b77
[0m17:29:07.212372 [info ] [Thread-5  ]: 5 of 16 PASS not_null_stg_orders_r_id .......................................... [[32mPASS[0m in 2.36s]
[0m17:29:07.213442 [debug] [Thread-7  ]: Finished running node test.zomato.not_null_stg_restaurants_id.732688e26a
[0m17:29:07.214388 [debug] [Thread-6  ]: Finished running node test.zomato.not_null_stg_orders_user_id.7d129d0209
[0m17:29:07.216000 [debug] [Thread-5  ]: Finished running node test.zomato.not_null_stg_orders_r_id.902d9e6a31
[0m17:29:07.329540 [debug] [Thread-2  ]: SQL status: SUCCESS 1 in 1.120 seconds
[0m17:29:07.330984 [debug] [Thread-8  ]: SQL status: SUCCESS 1 in 0.996 seconds
[0m17:29:07.334107 [info ] [Thread-2  ]: 14 of 16 PASS unique_stg_restaurants_id ........................................ [[32mPASS[0m in 1.15s]
[0m17:29:07.336794 [info ] [Thread-8  ]: 16 of 16 PASS unique_stg_users_user_id ......................................... [[32mPASS[0m in 1.02s]
[0m17:29:07.337796 [debug] [Thread-2  ]: Finished running node test.zomato.unique_stg_restaurants_id.43c737c387
[0m17:29:07.338715 [debug] [Thread-8  ]: Finished running node test.zomato.unique_stg_users_user_id.c2ff477e6b
[0m17:29:07.340910 [debug] [MainThread]: Connection 'master' was properly closed.
[0m17:29:07.341479 [debug] [MainThread]: Connection 'test.zomato.not_null_stg_users_user_id.980dfc1b77' was left open.
[0m17:29:07.342036 [debug] [MainThread]: On test.zomato.not_null_stg_users_user_id.980dfc1b77: Close
[0m17:29:07.735211 [debug] [MainThread]: Connection 'test.zomato.unique_stg_restaurants_id.43c737c387' was left open.
[0m17:29:07.735968 [debug] [MainThread]: On test.zomato.unique_stg_restaurants_id.43c737c387: Close
[0m17:29:08.101500 [debug] [MainThread]: Connection 'test.zomato.not_null_stg_order_items_order_item_id.26a7e2bc35' was left open.
[0m17:29:08.102273 [debug] [MainThread]: On test.zomato.not_null_stg_order_items_order_item_id.26a7e2bc35: Close
[0m17:29:08.384098 [debug] [MainThread]: Connection 'test.zomato.unique_stg_reviews_review_id.9b6c259f3c' was left open.
[0m17:29:08.384866 [debug] [MainThread]: On test.zomato.unique_stg_reviews_review_id.9b6c259f3c: Close
[0m17:29:08.649029 [debug] [MainThread]: Connection 'test.zomato.not_null_stg_orders_r_id.902d9e6a31' was left open.
[0m17:29:08.649801 [debug] [MainThread]: On test.zomato.not_null_stg_orders_r_id.902d9e6a31: Close
[0m17:29:09.059148 [debug] [MainThread]: Connection 'test.zomato.not_null_stg_orders_user_id.7d129d0209' was left open.
[0m17:29:09.059904 [debug] [MainThread]: On test.zomato.not_null_stg_orders_user_id.7d129d0209: Close
[0m17:29:09.270806 [debug] [MainThread]: Connection 'test.zomato.not_null_stg_restaurants_id.732688e26a' was left open.
[0m17:29:09.271573 [debug] [MainThread]: On test.zomato.not_null_stg_restaurants_id.732688e26a: Close
[0m17:29:09.569106 [debug] [MainThread]: Connection 'test.zomato.unique_stg_users_user_id.c2ff477e6b' was left open.
[0m17:29:09.569882 [debug] [MainThread]: On test.zomato.unique_stg_users_user_id.c2ff477e6b: Close
[0m17:29:09.808979 [info ] [MainThread]: 
[0m17:29:09.809882 [info ] [MainThread]: Finished running 16 data tests in 0 hours 0 minutes and 7.20 seconds (7.20s).
[0m17:29:09.814823 [debug] [MainThread]: Command end result
[0m17:29:09.865887 [debug] [MainThread]: Wrote artifact WritableManifest to /Users/mac/projects/DE project/zomato_ai_project/zomato/target/manifest.json
[0m17:29:09.868471 [debug] [MainThread]: Wrote artifact SemanticManifest to /Users/mac/projects/DE project/zomato_ai_project/zomato/target/semantic_manifest.json
[0m17:29:09.879510 [debug] [MainThread]: Wrote artifact RunExecutionResult to /Users/mac/projects/DE project/zomato_ai_project/zomato/target/run_results.json
[0m17:29:09.880011 [info ] [MainThread]: 
[0m17:29:09.880585 [info ] [MainThread]: [32mCompleted successfully[0m
[0m17:29:09.881094 [info ] [MainThread]: 
[0m17:29:09.881621 [info ] [MainThread]: Done. PASS=16 WARN=0 ERROR=0 SKIP=0 NO-OP=0 TOTAL=16
[0m17:29:09.886442 [debug] [MainThread]: Resource report: {"command_name": "test", "command_success": true, "command_wall_clock_time": 10.497782, "process_in_blocks": "0", "process_kernel_time": 1.462949, "process_mem_max_rss": "233717760", "process_out_blocks": "0", "process_user_time": 8.556861}
[0m17:29:09.887273 [debug] [MainThread]: Command `dbt test` succeeded at 17:29:09.887101 after 10.50 seconds
[0m17:29:09.887880 [debug] [MainThread]: Sending event: {'category': 'dbt', 'action': 'invocation', 'label': 'end', 'context': [<snowplow_tracker.self_describing_json.SelfDescribingJson object at 0x1135a0400>, <snowplow_tracker.self_describing_json.SelfDescribingJson object at 0x1298f7af0>, <snowplow_tracker.self_describing_json.SelfDescribingJson object at 0x12a400250>]}
[0m17:29:09.888479 [debug] [MainThread]: Flushing usage events
[0m17:29:11.188653 [debug] [MainThread]: An error was encountered while trying to flush usage events
[0m17:31:16.276909 [debug] [MainThread]: Sending event: {'category': 'dbt', 'action': 'invocation', 'label': 'start', 'context': [<snowplow_tracker.self_describing_json.SelfDescribingJson object at 0x1055f4be0>, <snowplow_tracker.self_describing_json.SelfDescribingJson object at 0x105d91cd0>, <snowplow_tracker.self_describing_json.SelfDescribingJson object at 0x106b79130>]}


============================== 17:31:16.282816 | 1ec26bb3-7af6-457c-8034-7a52aa97327b ==============================
[0m17:31:16.282816 [info ] [MainThread]: Running with dbt=1.10.22
[0m17:31:16.283672 [debug] [MainThread]: running dbt with arguments {'partial_parse': 'True', 'warn_error_options': 'WarnErrorOptionsV2(error=[], warn=[], silence=[])', 'introspect': 'True', 'use_experimental_parser': 'False', 'quiet': 'False', 'log_path': '/Users/mac/projects/DE project/zomato_ai_project/zomato/logs', 'log_format': 'default', 'indirect_selection': 'eager', 'empty': 'None', 'target_path': 'None', 'log_cache_events': 'False', 'static_parser': 'True', 'write_json': 'True', 'printer_width': '80', 'profiles_dir': '/Users/mac/.dbt', 'invocation_command': 'dbt docs generate', 'send_anonymous_usage_stats': 'True', 'no_print': 'None', 'cache_selected_only': 'False', 'warn_error': 'None', 'fail_fast': 'False', 'use_colors': 'True', 'version_check': 'True', 'debug': 'False'}
[0m17:31:18.016791 [debug] [MainThread]: Sending event: {'category': 'dbt', 'action': 'project_id', 'label': '1ec26bb3-7af6-457c-8034-7a52aa97327b', 'context': [<snowplow_tracker.self_describing_json.SelfDescribingJson object at 0x106b39190>]}
[0m17:31:18.141395 [debug] [MainThread]: Sending event: {'category': 'dbt', 'action': 'adapter_info', 'label': '1ec26bb3-7af6-457c-8034-7a52aa97327b', 'context': [<snowplow_tracker.self_describing_json.SelfDescribingJson object at 0x11ba96250>]}
[0m17:31:18.143151 [info ] [MainThread]: Registered adapter: snowflake=1.10.2
[0m17:31:18.424885 [debug] [MainThread]: checksum: 04c83ee057a648a2f8e380c895ffead170732fa039f068d62b9d36aaeefaf7cc, vars: {}, profile: , target: , version: 1.10.22
[0m17:31:18.723590 [debug] [MainThread]: Partial parsing enabled: 0 files deleted, 0 files added, 0 files changed.
[0m17:31:18.724116 [debug] [MainThread]: Partial parsing enabled, no changes found, skipping parsing
[0m17:31:18.734303 [warn ] [MainThread]: [[33mWARNING[0m]: Configuration paths exist in your dbt_project.yml file which do not apply to any resources.
There are 1 unused configuration paths:
- snapshots.zomato
[0m17:31:18.910768 [debug] [MainThread]: Sending event: {'category': 'dbt', 'action': 'load_project', 'label': '1ec26bb3-7af6-457c-8034-7a52aa97327b', 'context': [<snowplow_tracker.self_describing_json.SelfDescribingJson object at 0x11b75d520>]}
[0m17:31:18.952050 [debug] [MainThread]: Sending event: {'category': 'dbt', 'action': 'resource_counts', 'label': '1ec26bb3-7af6-457c-8034-7a52aa97327b', 'context': [<snowplow_tracker.self_describing_json.SelfDescribingJson object at 0x106b19d00>]}
[0m17:31:18.952916 [info ] [MainThread]: Found 17 models, 16 data tests, 8 sources, 493 macros
[0m17:31:18.953533 [debug] [MainThread]: Sending event: {'category': 'dbt', 'action': 'runnable_timing', 'label': '1ec26bb3-7af6-457c-8034-7a52aa97327b', 'context': [<snowplow_tracker.self_describing_json.SelfDescribingJson object at 0x106b19b50>]}
[0m17:31:18.957383 [info ] [MainThread]: 
[0m17:31:18.958038 [info ] [MainThread]: Concurrency: 8 threads (target='dev')
[0m17:31:18.958585 [info ] [MainThread]: 
[0m17:31:18.959378 [debug] [MainThread]: Acquiring new snowflake connection 'master'
[0m17:31:18.969653 [debug] [ThreadPool]: Acquiring new snowflake connection 'list_Zomato_staging'
[0m17:31:18.970628 [debug] [ThreadPool]: Acquiring new snowflake connection 'list_Zomato_marts'
[0m17:31:19.121908 [debug] [ThreadPool]: Using snowflake connection "list_Zomato_staging"
[0m17:31:19.122719 [debug] [ThreadPool]: Using snowflake connection "list_Zomato_marts"
[0m17:31:19.123205 [debug] [ThreadPool]: On list_Zomato_staging: show objects in Zomato.staging
    limit 10000
    

/* {"app": "dbt", "dbt_version": "1.10.22", "profile_name": "zomato", "target_name": "dev", "connection_name": "list_Zomato_staging"} */;
[0m17:31:19.123729 [debug] [ThreadPool]: On list_Zomato_marts: show objects in Zomato.marts
    limit 10000
    

/* {"app": "dbt", "dbt_version": "1.10.22", "profile_name": "zomato", "target_name": "dev", "connection_name": "list_Zomato_marts"} */;
[0m17:31:19.124227 [debug] [ThreadPool]: Opening a new connection, currently in state init
[0m17:31:19.124707 [debug] [ThreadPool]: Opening a new connection, currently in state init
[0m17:31:22.638988 [debug] [ThreadPool]: SQL status: SUCCESS 7 in 3.515 seconds
[0m17:31:22.646074 [debug] [ThreadPool]: SQL status: SUCCESS 9 in 3.521 seconds
[0m17:31:22.651918 [debug] [MainThread]: Sending event: {'category': 'dbt', 'action': 'runnable_timing', 'label': '1ec26bb3-7af6-457c-8034-7a52aa97327b', 'context': [<snowplow_tracker.self_describing_json.SelfDescribingJson object at 0x106b5c430>]}
[0m17:31:22.657362 [debug] [Thread-1  ]: Began running node model.zomato.dim_date
[0m17:31:22.658138 [debug] [Thread-2  ]: Began running node model.zomato.stg_food
[0m17:31:22.658811 [debug] [Thread-3  ]: Began running node model.zomato.stg_menu
[0m17:31:22.659470 [debug] [Thread-4  ]: Began running node model.zomato.stg_order_items
[0m17:31:22.660202 [debug] [Thread-1  ]: Re-using an available connection from the pool (formerly list_Zomato_staging, now model.zomato.dim_date)
[0m17:31:22.660871 [debug] [Thread-5  ]: Began running node model.zomato.stg_orders
[0m17:31:22.661682 [debug] [Thread-6  ]: Began running node model.zomato.stg_restaurants
[0m17:31:22.662363 [debug] [Thread-7  ]: Began running node model.zomato.stg_reviews
[0m17:31:22.662987 [debug] [Thread-8  ]: Began running node model.zomato.stg_users
[0m17:31:22.663782 [debug] [Thread-2  ]: Re-using an available connection from the pool (formerly list_Zomato_marts, now model.zomato.stg_food)
[0m17:31:22.664683 [debug] [Thread-3  ]: Acquiring new snowflake connection 'model.zomato.stg_menu'
[0m17:31:22.665593 [debug] [Thread-4  ]: Acquiring new snowflake connection 'model.zomato.stg_order_items'
[0m17:31:22.666485 [debug] [Thread-1  ]: Began compiling node model.zomato.dim_date
[0m17:31:22.667357 [debug] [Thread-5  ]: Acquiring new snowflake connection 'model.zomato.stg_orders'
[0m17:31:22.668267 [debug] [Thread-6  ]: Acquiring new snowflake connection 'model.zomato.stg_restaurants'
[0m17:31:22.669169 [debug] [Thread-7  ]: Acquiring new snowflake connection 'model.zomato.stg_reviews'
[0m17:31:22.670291 [debug] [Thread-8  ]: Acquiring new snowflake connection 'model.zomato.stg_users'
[0m17:31:22.670977 [debug] [Thread-2  ]: Began compiling node model.zomato.stg_food
[0m17:31:22.671653 [debug] [Thread-3  ]: Began compiling node model.zomato.stg_menu
[0m17:31:22.672302 [debug] [Thread-4  ]: Began compiling node model.zomato.stg_order_items
[0m17:31:22.685293 [debug] [Thread-1  ]: Writing injected SQL for node "model.zomato.dim_date"
[0m17:31:22.686224 [debug] [Thread-5  ]: Began compiling node model.zomato.stg_orders
[0m17:31:22.686926 [debug] [Thread-6  ]: Began compiling node model.zomato.stg_restaurants
[0m17:31:22.687562 [debug] [Thread-7  ]: Began compiling node model.zomato.stg_reviews
[0m17:31:22.688199 [debug] [Thread-8  ]: Began compiling node model.zomato.stg_users
[0m17:31:22.692968 [debug] [Thread-2  ]: Writing injected SQL for node "model.zomato.stg_food"
[0m17:31:22.697962 [debug] [Thread-3  ]: Writing injected SQL for node "model.zomato.stg_menu"
[0m17:31:22.703446 [debug] [Thread-4  ]: Writing injected SQL for node "model.zomato.stg_order_items"
[0m17:31:22.708950 [debug] [Thread-5  ]: Writing injected SQL for node "model.zomato.stg_orders"
[0m17:31:22.715969 [debug] [Thread-6  ]: Writing injected SQL for node "model.zomato.stg_restaurants"
[0m17:31:22.720781 [debug] [Thread-7  ]: Writing injected SQL for node "model.zomato.stg_reviews"
[0m17:31:22.725364 [debug] [Thread-8  ]: Writing injected SQL for node "model.zomato.stg_users"
[0m17:31:22.726252 [debug] [Thread-1  ]: Began executing node model.zomato.dim_date
[0m17:31:22.727410 [debug] [Thread-2  ]: Began executing node model.zomato.stg_food
[0m17:31:22.728773 [debug] [Thread-6  ]: Began executing node model.zomato.stg_restaurants
[0m17:31:22.729502 [debug] [Thread-5  ]: Began executing node model.zomato.stg_orders
[0m17:31:22.730195 [debug] [Thread-4  ]: Began executing node model.zomato.stg_order_items
[0m17:31:22.730795 [debug] [Thread-3  ]: Began executing node model.zomato.stg_menu
[0m17:31:22.732013 [debug] [Thread-1  ]: Finished running node model.zomato.dim_date
[0m17:31:22.733302 [debug] [Thread-2  ]: Finished running node model.zomato.stg_food
[0m17:31:22.734497 [debug] [Thread-6  ]: Finished running node model.zomato.stg_restaurants
[0m17:31:22.735636 [debug] [Thread-5  ]: Finished running node model.zomato.stg_orders
[0m17:31:22.736280 [debug] [Thread-7  ]: Began executing node model.zomato.stg_reviews
[0m17:31:22.736962 [debug] [Thread-8  ]: Began executing node model.zomato.stg_users
[0m17:31:22.738092 [debug] [Thread-4  ]: Finished running node model.zomato.stg_order_items
[0m17:31:22.739198 [debug] [Thread-3  ]: Finished running node model.zomato.stg_menu
[0m17:31:22.741417 [debug] [Thread-1  ]: Began running node model.zomato.dim_food
[0m17:31:22.742403 [debug] [Thread-2  ]: Began running node model.zomato.dim_restaurants
[0m17:31:22.743611 [debug] [Thread-7  ]: Finished running node model.zomato.stg_reviews
[0m17:31:22.744419 [debug] [Thread-6  ]: Began running node test.zomato.not_null_stg_restaurants_id.732688e26a
[0m17:31:22.745087 [debug] [Thread-5  ]: Began running node test.zomato.unique_stg_restaurants_id.43c737c387
[0m17:31:22.746333 [debug] [Thread-8  ]: Finished running node model.zomato.stg_users
[0m17:31:22.747133 [debug] [Thread-4  ]: Began running node model.zomato.fct_orders
[0m17:31:22.748126 [debug] [Thread-3  ]: Began running node test.zomato.not_null_stg_orders_order_id.81cfe2fe64
[0m17:31:22.749184 [debug] [Thread-1  ]: Re-using an available connection from the pool (formerly model.zomato.dim_date, now model.zomato.dim_food)
[0m17:31:22.750233 [debug] [Thread-2  ]: Re-using an available connection from the pool (formerly model.zomato.stg_food, now model.zomato.dim_restaurants)
[0m17:31:22.750990 [debug] [Thread-7  ]: Began running node test.zomato.not_null_stg_orders_r_id.902d9e6a31
[0m17:31:22.751868 [debug] [Thread-6  ]: Re-using an available connection from the pool (formerly model.zomato.stg_restaurants, now test.zomato.not_null_stg_restaurants_id.732688e26a)
[0m17:31:22.752787 [debug] [Thread-5  ]: Re-using an available connection from the pool (formerly model.zomato.stg_orders, now test.zomato.unique_stg_restaurants_id.43c737c387)
[0m17:31:22.753518 [debug] [Thread-8  ]: Began running node test.zomato.not_null_stg_orders_user_id.7d129d0209
[0m17:31:22.754430 [debug] [Thread-4  ]: Re-using an available connection from the pool (formerly model.zomato.stg_order_items, now model.zomato.fct_orders)
[0m17:31:22.755180 [debug] [Thread-3  ]: Re-using an available connection from the pool (formerly model.zomato.stg_menu, now test.zomato.not_null_stg_orders_order_id.81cfe2fe64)
[0m17:31:22.755868 [debug] [Thread-1  ]: Began compiling node model.zomato.dim_food
[0m17:31:22.756696 [debug] [Thread-2  ]: Began compiling node model.zomato.dim_restaurants
[0m17:31:22.757389 [debug] [Thread-7  ]: Re-using an available connection from the pool (formerly model.zomato.stg_reviews, now test.zomato.not_null_stg_orders_r_id.902d9e6a31)
[0m17:31:22.758085 [debug] [Thread-6  ]: Began compiling node test.zomato.not_null_stg_restaurants_id.732688e26a
[0m17:31:22.758746 [debug] [Thread-5  ]: Began compiling node test.zomato.unique_stg_restaurants_id.43c737c387
[0m17:31:22.759472 [debug] [Thread-8  ]: Re-using an available connection from the pool (formerly model.zomato.stg_users, now test.zomato.not_null_stg_orders_user_id.7d129d0209)
[0m17:31:22.760161 [debug] [Thread-4  ]: Began compiling node model.zomato.fct_orders
[0m17:31:22.760812 [debug] [Thread-3  ]: Began compiling node test.zomato.not_null_stg_orders_order_id.81cfe2fe64
[0m17:31:22.765410 [debug] [Thread-1  ]: Writing injected SQL for node "model.zomato.dim_food"
[0m17:31:22.770200 [debug] [Thread-2  ]: Writing injected SQL for node "model.zomato.dim_restaurants"
[0m17:31:22.770983 [debug] [Thread-7  ]: Began compiling node test.zomato.not_null_stg_orders_r_id.902d9e6a31
[0m17:31:22.796536 [debug] [Thread-5  ]: Writing injected SQL for node "test.zomato.unique_stg_restaurants_id.43c737c387"
[0m17:31:22.804067 [debug] [Thread-8  ]: Began compiling node test.zomato.not_null_stg_orders_user_id.7d129d0209
[0m17:31:22.805810 [debug] [Thread-6  ]: Writing injected SQL for node "test.zomato.not_null_stg_restaurants_id.732688e26a"
[0m17:31:22.825116 [debug] [Thread-4  ]: Writing injected SQL for node "model.zomato.fct_orders"
[0m17:31:22.825875 [debug] [Thread-3  ]: Writing injected SQL for node "test.zomato.not_null_stg_orders_order_id.81cfe2fe64"
[0m17:31:22.832269 [debug] [Thread-7  ]: Writing injected SQL for node "test.zomato.not_null_stg_orders_r_id.902d9e6a31"
[0m17:31:22.832970 [debug] [Thread-1  ]: Began executing node model.zomato.dim_food
[0m17:31:22.833676 [debug] [Thread-2  ]: Began executing node model.zomato.dim_restaurants
[0m17:31:22.839234 [debug] [Thread-8  ]: Writing injected SQL for node "test.zomato.not_null_stg_orders_user_id.7d129d0209"
[0m17:31:22.840269 [debug] [Thread-5  ]: Began executing node test.zomato.unique_stg_restaurants_id.43c737c387
[0m17:31:22.842153 [debug] [Thread-6  ]: Began executing node test.zomato.not_null_stg_restaurants_id.732688e26a
[0m17:31:22.843003 [debug] [Thread-4  ]: Began executing node model.zomato.fct_orders
[0m17:31:22.844090 [debug] [Thread-1  ]: Finished running node model.zomato.dim_food
[0m17:31:22.844647 [debug] [Thread-3  ]: Began executing node test.zomato.not_null_stg_orders_order_id.81cfe2fe64
[0m17:31:22.845652 [debug] [Thread-2  ]: Finished running node model.zomato.dim_restaurants
[0m17:31:22.846267 [debug] [Thread-7  ]: Began executing node test.zomato.not_null_stg_orders_r_id.902d9e6a31
[0m17:31:22.847447 [debug] [Thread-5  ]: Finished running node test.zomato.unique_stg_restaurants_id.43c737c387
[0m17:31:22.848537 [debug] [Thread-6  ]: Finished running node test.zomato.not_null_stg_restaurants_id.732688e26a
[0m17:31:22.849096 [debug] [Thread-8  ]: Began executing node test.zomato.not_null_stg_orders_user_id.7d129d0209
[0m17:31:22.850610 [debug] [Thread-4  ]: Finished running node model.zomato.fct_orders
[0m17:31:22.851550 [debug] [Thread-1  ]: Began running node test.zomato.unique_stg_orders_order_id.e3b841c71a
[0m17:31:22.852756 [debug] [Thread-3  ]: Finished running node test.zomato.not_null_stg_orders_order_id.81cfe2fe64
[0m17:31:22.853452 [debug] [Thread-2  ]: Began running node model.zomato.fact_order_items
[0m17:31:22.854565 [debug] [Thread-7  ]: Finished running node test.zomato.not_null_stg_orders_r_id.902d9e6a31
[0m17:31:22.855251 [debug] [Thread-5  ]: Began running node test.zomato.not_null_stg_order_items_order_item_id.26a7e2bc35
[0m17:31:22.855975 [debug] [Thread-6  ]: Began running node test.zomato.unique_stg_order_items_order_item_id.90e333a108
[0m17:31:22.857044 [debug] [Thread-8  ]: Finished running node test.zomato.not_null_stg_orders_user_id.7d129d0209
[0m17:31:22.857738 [debug] [Thread-4  ]: Began running node model.zomato.mart_review_insights
[0m17:31:22.858520 [debug] [Thread-1  ]: Re-using an available connection from the pool (formerly model.zomato.dim_food, now test.zomato.unique_stg_orders_order_id.e3b841c71a)
[0m17:31:22.859383 [debug] [Thread-3  ]: Began running node test.zomato.not_null_stg_reviews_review_id.943b8fc3e4
[0m17:31:22.860073 [debug] [Thread-2  ]: Re-using an available connection from the pool (formerly model.zomato.dim_restaurants, now model.zomato.fact_order_items)
[0m17:31:22.860700 [debug] [Thread-7  ]: Began running node test.zomato.unique_stg_reviews_review_id.9b6c259f3c
[0m17:31:22.861365 [debug] [Thread-5  ]: Re-using an available connection from the pool (formerly test.zomato.unique_stg_restaurants_id.43c737c387, now test.zomato.not_null_stg_order_items_order_item_id.26a7e2bc35)
[0m17:31:22.862006 [debug] [Thread-6  ]: Re-using an available connection from the pool (formerly test.zomato.not_null_stg_restaurants_id.732688e26a, now test.zomato.unique_stg_order_items_order_item_id.90e333a108)
[0m17:31:22.862637 [debug] [Thread-8  ]: Began running node model.zomato.dim_customer
[0m17:31:22.863252 [debug] [Thread-4  ]: Re-using an available connection from the pool (formerly model.zomato.fct_orders, now model.zomato.mart_review_insights)
[0m17:31:22.863893 [debug] [Thread-1  ]: Began compiling node test.zomato.unique_stg_orders_order_id.e3b841c71a
[0m17:31:22.864512 [debug] [Thread-3  ]: Re-using an available connection from the pool (formerly test.zomato.not_null_stg_orders_order_id.81cfe2fe64, now test.zomato.not_null_stg_reviews_review_id.943b8fc3e4)
[0m17:31:22.865095 [debug] [Thread-2  ]: Began compiling node model.zomato.fact_order_items
[0m17:31:22.865680 [debug] [Thread-7  ]: Re-using an available connection from the pool (formerly test.zomato.not_null_stg_orders_r_id.902d9e6a31, now test.zomato.unique_stg_reviews_review_id.9b6c259f3c)
[0m17:31:22.866308 [debug] [Thread-5  ]: Began compiling node test.zomato.not_null_stg_order_items_order_item_id.26a7e2bc35
[0m17:31:22.866900 [debug] [Thread-6  ]: Began compiling node test.zomato.unique_stg_order_items_order_item_id.90e333a108
[0m17:31:22.867523 [debug] [Thread-8  ]: Re-using an available connection from the pool (formerly test.zomato.not_null_stg_orders_user_id.7d129d0209, now model.zomato.dim_customer)
[0m17:31:22.868100 [debug] [Thread-4  ]: Began compiling node model.zomato.mart_review_insights
[0m17:31:22.873610 [debug] [Thread-1  ]: Writing injected SQL for node "test.zomato.unique_stg_orders_order_id.e3b841c71a"
[0m17:31:22.874220 [debug] [Thread-3  ]: Began compiling node test.zomato.not_null_stg_reviews_review_id.943b8fc3e4
[0m17:31:22.882927 [debug] [Thread-2  ]: Writing injected SQL for node "model.zomato.fact_order_items"
[0m17:31:22.883569 [debug] [Thread-7  ]: Began compiling node test.zomato.unique_stg_reviews_review_id.9b6c259f3c
[0m17:31:22.889492 [debug] [Thread-5  ]: Writing injected SQL for node "test.zomato.not_null_stg_order_items_order_item_id.26a7e2bc35"
[0m17:31:22.895210 [debug] [Thread-6  ]: Writing injected SQL for node "test.zomato.unique_stg_order_items_order_item_id.90e333a108"
[0m17:31:22.895859 [debug] [Thread-8  ]: Began compiling node model.zomato.dim_customer
[0m17:31:22.900625 [debug] [Thread-4  ]: Writing injected SQL for node "model.zomato.mart_review_insights"
[0m17:31:22.906120 [debug] [Thread-3  ]: Writing injected SQL for node "test.zomato.not_null_stg_reviews_review_id.943b8fc3e4"
[0m17:31:22.912242 [debug] [Thread-1  ]: Began executing node test.zomato.unique_stg_orders_order_id.e3b841c71a
[0m17:31:22.912947 [debug] [Thread-7  ]: Writing injected SQL for node "test.zomato.unique_stg_reviews_review_id.9b6c259f3c"
[0m17:31:22.913890 [debug] [Thread-2  ]: Began executing node model.zomato.fact_order_items
[0m17:31:22.919754 [debug] [Thread-8  ]: Writing injected SQL for node "model.zomato.dim_customer"
[0m17:31:22.920522 [debug] [Thread-5  ]: Began executing node test.zomato.not_null_stg_order_items_order_item_id.26a7e2bc35
[0m17:31:22.921761 [debug] [Thread-1  ]: Finished running node test.zomato.unique_stg_orders_order_id.e3b841c71a
[0m17:31:22.922322 [debug] [Thread-6  ]: Began executing node test.zomato.unique_stg_order_items_order_item_id.90e333a108
[0m17:31:22.923557 [debug] [Thread-2  ]: Finished running node model.zomato.fact_order_items
[0m17:31:22.924211 [debug] [Thread-4  ]: Began executing node model.zomato.mart_review_insights
[0m17:31:22.924874 [debug] [Thread-3  ]: Began executing node test.zomato.not_null_stg_reviews_review_id.943b8fc3e4
[0m17:31:22.925444 [debug] [Thread-7  ]: Began executing node test.zomato.unique_stg_reviews_review_id.9b6c259f3c
[0m17:31:22.926371 [debug] [Thread-5  ]: Finished running node test.zomato.not_null_stg_order_items_order_item_id.26a7e2bc35
[0m17:31:22.927030 [debug] [Thread-1  ]: Began running node test.zomato.not_null_stg_users_user_id.980dfc1b77
[0m17:31:22.928004 [debug] [Thread-6  ]: Finished running node test.zomato.unique_stg_order_items_order_item_id.90e333a108
[0m17:31:22.928628 [debug] [Thread-8  ]: Began executing node model.zomato.dim_customer
[0m17:31:22.929211 [debug] [Thread-2  ]: Began running node test.zomato.unique_stg_users_user_id.c2ff477e6b
[0m17:31:22.930187 [debug] [Thread-4  ]: Finished running node model.zomato.mart_review_insights
[0m17:31:22.931140 [debug] [Thread-3  ]: Finished running node test.zomato.not_null_stg_reviews_review_id.943b8fc3e4
[0m17:31:22.932087 [debug] [Thread-7  ]: Finished running node test.zomato.unique_stg_reviews_review_id.9b6c259f3c
[0m17:31:22.932815 [debug] [Thread-5  ]: Began running node model.zomato.mart_daily_city_revenune
[0m17:31:22.933482 [debug] [Thread-1  ]: Re-using an available connection from the pool (formerly test.zomato.unique_stg_orders_order_id.e3b841c71a, now test.zomato.not_null_stg_users_user_id.980dfc1b77)
[0m17:31:22.934113 [debug] [Thread-6  ]: Began running node model.zomato.mart_delivery_sla
[0m17:31:22.935225 [debug] [Thread-8  ]: Finished running node model.zomato.dim_customer
[0m17:31:22.935844 [debug] [Thread-2  ]: Re-using an available connection from the pool (formerly model.zomato.fact_order_items, now test.zomato.unique_stg_users_user_id.c2ff477e6b)
[0m17:31:22.936478 [debug] [Thread-4  ]: Began running node model.zomato.mart_restaurant_performance
[0m17:31:22.937146 [debug] [Thread-3  ]: Began running node test.zomato.accepted_values_fct_orders_order_status__Delivered__Cancelled__Refunded.165fe30b61
[0m17:31:22.937798 [debug] [Thread-7  ]: Began running node test.zomato.not_null_fct_orders_order_id.4e687af8d0
[0m17:31:22.938408 [debug] [Thread-5  ]: Re-using an available connection from the pool (formerly test.zomato.not_null_stg_order_items_order_item_id.26a7e2bc35, now model.zomato.mart_daily_city_revenune)
[0m17:31:22.939017 [debug] [Thread-1  ]: Began compiling node test.zomato.not_null_stg_users_user_id.980dfc1b77
[0m17:31:22.939612 [debug] [Thread-6  ]: Re-using an available connection from the pool (formerly test.zomato.unique_stg_order_items_order_item_id.90e333a108, now model.zomato.mart_delivery_sla)
[0m17:31:22.940216 [debug] [Thread-8  ]: Began running node test.zomato.unique_fct_orders_order_id.523ddb6ce5
[0m17:31:22.940998 [debug] [Thread-2  ]: Began compiling node test.zomato.unique_stg_users_user_id.c2ff477e6b
[0m17:31:22.942108 [debug] [Thread-4  ]: Re-using an available connection from the pool (formerly model.zomato.mart_review_insights, now model.zomato.mart_restaurant_performance)
[0m17:31:22.942737 [debug] [Thread-3  ]: Re-using an available connection from the pool (formerly test.zomato.not_null_stg_reviews_review_id.943b8fc3e4, now test.zomato.accepted_values_fct_orders_order_status__Delivered__Cancelled__Refunded.165fe30b61)
[0m17:31:22.943401 [debug] [Thread-7  ]: Re-using an available connection from the pool (formerly test.zomato.unique_stg_reviews_review_id.9b6c259f3c, now test.zomato.not_null_fct_orders_order_id.4e687af8d0)
[0m17:31:22.944137 [debug] [Thread-5  ]: Began compiling node model.zomato.mart_daily_city_revenune
[0m17:31:22.949960 [debug] [Thread-1  ]: Writing injected SQL for node "test.zomato.not_null_stg_users_user_id.980dfc1b77"
[0m17:31:22.950616 [debug] [Thread-6  ]: Began compiling node model.zomato.mart_delivery_sla
[0m17:31:22.951367 [debug] [Thread-8  ]: Re-using an available connection from the pool (formerly model.zomato.dim_customer, now test.zomato.unique_fct_orders_order_id.523ddb6ce5)
[0m17:31:22.957042 [debug] [Thread-2  ]: Writing injected SQL for node "test.zomato.unique_stg_users_user_id.c2ff477e6b"
[0m17:31:22.957790 [debug] [Thread-4  ]: Began compiling node model.zomato.mart_restaurant_performance
[0m17:31:22.958386 [debug] [Thread-3  ]: Began compiling node test.zomato.accepted_values_fct_orders_order_status__Delivered__Cancelled__Refunded.165fe30b61
[0m17:31:22.958969 [debug] [Thread-7  ]: Began compiling node test.zomato.not_null_fct_orders_order_id.4e687af8d0
[0m17:31:22.962877 [debug] [Thread-5  ]: Writing injected SQL for node "model.zomato.mart_daily_city_revenune"
[0m17:31:22.966854 [debug] [Thread-6  ]: Writing injected SQL for node "model.zomato.mart_delivery_sla"
[0m17:31:22.967553 [debug] [Thread-8  ]: Began compiling node test.zomato.unique_fct_orders_order_id.523ddb6ce5
[0m17:31:22.972139 [debug] [Thread-4  ]: Writing injected SQL for node "model.zomato.mart_restaurant_performance"
[0m17:31:22.978697 [debug] [Thread-2  ]: Began executing node test.zomato.unique_stg_users_user_id.c2ff477e6b
[0m17:31:22.989826 [debug] [Thread-1  ]: Began executing node test.zomato.not_null_stg_users_user_id.980dfc1b77
[0m17:31:22.995519 [debug] [Thread-3  ]: Writing injected SQL for node "test.zomato.accepted_values_fct_orders_order_status__Delivered__Cancelled__Refunded.165fe30b61"
[0m17:31:22.998473 [debug] [Thread-7  ]: Writing injected SQL for node "test.zomato.not_null_fct_orders_order_id.4e687af8d0"
[0m17:31:23.005547 [debug] [Thread-8  ]: Writing injected SQL for node "test.zomato.unique_fct_orders_order_id.523ddb6ce5"
[0m17:31:23.006329 [debug] [Thread-5  ]: Began executing node model.zomato.mart_daily_city_revenune
[0m17:31:23.007355 [debug] [Thread-6  ]: Began executing node model.zomato.mart_delivery_sla
[0m17:31:23.008583 [debug] [Thread-2  ]: Finished running node test.zomato.unique_stg_users_user_id.c2ff477e6b
[0m17:31:23.009755 [debug] [Thread-1  ]: Finished running node test.zomato.not_null_stg_users_user_id.980dfc1b77
[0m17:31:23.010417 [debug] [Thread-4  ]: Began executing node model.zomato.mart_restaurant_performance
[0m17:31:23.011900 [debug] [Thread-5  ]: Finished running node model.zomato.mart_daily_city_revenune
[0m17:31:23.013034 [debug] [Thread-6  ]: Finished running node model.zomato.mart_delivery_sla
[0m17:31:23.013740 [debug] [Thread-8  ]: Began executing node test.zomato.unique_fct_orders_order_id.523ddb6ce5
[0m17:31:23.014365 [debug] [Thread-3  ]: Began executing node test.zomato.accepted_values_fct_orders_order_status__Delivered__Cancelled__Refunded.165fe30b61
[0m17:31:23.015039 [debug] [Thread-2  ]: Began running node test.zomato.relationships_fct_orders_customer_id__customer_id__ref_dim_customer_.d39c4721da
[0m17:31:23.015666 [debug] [Thread-7  ]: Began executing node test.zomato.not_null_fct_orders_order_id.4e687af8d0
[0m17:31:23.016997 [debug] [Thread-4  ]: Finished running node model.zomato.mart_restaurant_performance
[0m17:31:23.018361 [debug] [Thread-8  ]: Finished running node test.zomato.unique_fct_orders_order_id.523ddb6ce5
[0m17:31:23.019404 [debug] [Thread-3  ]: Finished running node test.zomato.accepted_values_fct_orders_order_status__Delivered__Cancelled__Refunded.165fe30b61
[0m17:31:23.020059 [debug] [Thread-2  ]: Re-using an available connection from the pool (formerly test.zomato.unique_stg_users_user_id.c2ff477e6b, now test.zomato.relationships_fct_orders_customer_id__customer_id__ref_dim_customer_.d39c4721da)
[0m17:31:23.021137 [debug] [Thread-7  ]: Finished running node test.zomato.not_null_fct_orders_order_id.4e687af8d0
[0m17:31:23.022162 [debug] [Thread-2  ]: Began compiling node test.zomato.relationships_fct_orders_customer_id__customer_id__ref_dim_customer_.d39c4721da
[0m17:31:23.033812 [debug] [Thread-2  ]: Writing injected SQL for node "test.zomato.relationships_fct_orders_customer_id__customer_id__ref_dim_customer_.d39c4721da"
[0m17:31:23.034803 [debug] [Thread-2  ]: Began executing node test.zomato.relationships_fct_orders_customer_id__customer_id__ref_dim_customer_.d39c4721da
[0m17:31:23.035761 [debug] [Thread-2  ]: Finished running node test.zomato.relationships_fct_orders_customer_id__customer_id__ref_dim_customer_.d39c4721da
[0m17:31:23.037246 [debug] [MainThread]: Connection 'master' was properly closed.
[0m17:31:23.037714 [debug] [MainThread]: Connection 'test.zomato.not_null_stg_users_user_id.980dfc1b77' was left open.
[0m17:31:23.038184 [debug] [MainThread]: On test.zomato.not_null_stg_users_user_id.980dfc1b77: Close
[0m17:31:23.251608 [debug] [MainThread]: Connection 'test.zomato.relationships_fct_orders_customer_id__customer_id__ref_dim_customer_.d39c4721da' was left open.
[0m17:31:23.252304 [debug] [MainThread]: On test.zomato.relationships_fct_orders_customer_id__customer_id__ref_dim_customer_.d39c4721da: Close
[0m17:31:23.448777 [debug] [MainThread]: Connection 'test.zomato.accepted_values_fct_orders_order_status__Delivered__Cancelled__Refunded.165fe30b61' was properly closed.
[0m17:31:23.449441 [debug] [MainThread]: Connection 'model.zomato.mart_restaurant_performance' was properly closed.
[0m17:31:23.450032 [debug] [MainThread]: Connection 'model.zomato.mart_daily_city_revenune' was properly closed.
[0m17:31:23.450560 [debug] [MainThread]: Connection 'model.zomato.mart_delivery_sla' was properly closed.
[0m17:31:23.451121 [debug] [MainThread]: Connection 'test.zomato.not_null_fct_orders_order_id.4e687af8d0' was properly closed.
[0m17:31:23.451653 [debug] [MainThread]: Connection 'test.zomato.unique_fct_orders_order_id.523ddb6ce5' was properly closed.
[0m17:31:23.459969 [debug] [MainThread]: Command end result
[0m17:31:23.624913 [debug] [MainThread]: Wrote artifact WritableManifest to /Users/mac/projects/DE project/zomato_ai_project/zomato/target/manifest.json
[0m17:31:23.628496 [debug] [MainThread]: Wrote artifact SemanticManifest to /Users/mac/projects/DE project/zomato_ai_project/zomato/target/semantic_manifest.json
[0m17:31:23.679701 [debug] [MainThread]: Wrote artifact RunExecutionResult to /Users/mac/projects/DE project/zomato_ai_project/zomato/target/run_results.json
[0m17:31:23.687465 [debug] [MainThread]: Acquiring new snowflake connection 'generate_catalog'
[0m17:31:23.688090 [info ] [MainThread]: Building catalog
[0m17:31:23.721325 [debug] [ThreadPool]: Acquiring new snowflake connection 'ZOMATO.information_schema'
[0m17:31:23.722528 [debug] [ThreadPool]: Acquiring new snowflake connection 'Zomato.information_schema'
[0m17:31:23.765785 [debug] [ThreadPool]: Using snowflake connection "ZOMATO.information_schema"
[0m17:31:23.772064 [debug] [ThreadPool]: On ZOMATO.information_schema: with tables as (
            select
        table_catalog as "table_database",
        table_schema as "table_schema",
        table_name as "table_name",
        case
            when is_dynamic = 'YES' and table_type = 'BASE TABLE' THEN 'DYNAMIC TABLE'
            else table_type
        end as "table_type",
        comment as "table_comment",

        -- note: this is the _role_ that owns the table
        table_owner as "table_owner",

        'Clustering Key' as "stats:clustering_key:label",
        clustering_key as "stats:clustering_key:value",
        'The key used to cluster this table' as "stats:clustering_key:description",
        (clustering_key is not null) as "stats:clustering_key:include",

        'Row Count' as "stats:row_count:label",
        row_count as "stats:row_count:value",
        'An approximate count of rows in this table' as "stats:row_count:description",
        (row_count is not null) as "stats:row_count:include",

        'Approximate Size' as "stats:bytes:label",
        bytes as "stats:bytes:value",
        'Approximate size of the table as reported by Snowflake' as "stats:bytes:description",
        (bytes is not null) as "stats:bytes:include",

        'Last Modified' as "stats:last_modified:label",
        to_varchar(convert_timezone('UTC', last_altered), 'yyyy-mm-dd HH24:MI'||'UTC') as "stats:last_modified:value",
        'The timestamp for last update/change' as "stats:last_modified:description",
        (last_altered is not null and table_type='BASE TABLE') as "stats:last_modified:include"
    from ZOMATO.INFORMATION_SCHEMA.tables
            where (
                (
                    
    "table_schema" ilike 'RAW' and upper("table_schema") = upper('RAW')

                    and 
    "table_name" ilike 'reviews' and upper("table_name") = upper('reviews')

                )
             or 
                (
                    
    "table_schema" ilike 'RAW' and upper("table_schema") = upper('RAW')

                    and 
    "table_name" ilike 'order_items' and upper("table_name") = upper('order_items')

                )
             or 
                (
                    
    "table_schema" ilike 'RAW' and upper("table_schema") = upper('RAW')

                    and 
    "table_name" ilike 'orders' and upper("table_name") = upper('orders')

                )
             or 
                (
                    
    "table_schema" ilike 'RAW' and upper("table_schema") = upper('RAW')

                    and 
    "table_name" ilike 'menu' and upper("table_name") = upper('menu')

                )
             or 
                (
                    
    "table_schema" ilike 'RAW' and upper("table_schema") = upper('RAW')

                    and 
    "table_name" ilike 'food' and upper("table_name") = upper('food')

                )
             or 
                (
                    
    "table_schema" ilike 'RAW' and upper("table_schema") = upper('RAW')

                    and 
    "table_name" ilike 'restaurants' and upper("table_name") = upper('restaurants')

                )
             or 
                (
                    
    "table_schema" ilike 'AI' and upper("table_schema") = upper('AI')

                    and 
    "table_name" ilike 'review_enriched' and upper("table_name") = upper('review_enriched')

                )
             or 
                (
                    
    "table_schema" ilike 'RAW' and upper("table_schema") = upper('RAW')

                    and 
    "table_name" ilike 'users' and upper("table_name") = upper('users')

                )
            )
        ),
        columns as (
            select
        table_catalog as "table_database",
        table_schema as "table_schema",
        table_name as "table_name",

        column_name as "column_name",
        ordinal_position as "column_index",
        data_type as "column_type",
        comment as "column_comment"
    from ZOMATO.INFORMATION_SCHEMA.columns
            where (
                (
                    
    "table_schema" ilike 'RAW' and upper("table_schema") = upper('RAW')

                    and 
    "table_name" ilike 'reviews' and upper("table_name") = upper('reviews')

                )
             or 
                (
                    
    "table_schema" ilike 'RAW' and upper("table_schema") = upper('RAW')

                    and 
    "table_name" ilike 'order_items' and upper("table_name") = upper('order_items')

                )
             or 
                (
                    
    "table_schema" ilike 'RAW' and upper("table_schema") = upper('RAW')

                    and 
    "table_name" ilike 'orders' and upper("table_name") = upper('orders')

                )
             or 
                (
                    
    "table_schema" ilike 'RAW' and upper("table_schema") = upper('RAW')

                    and 
    "table_name" ilike 'menu' and upper("table_name") = upper('menu')

                )
             or 
                (
                    
    "table_schema" ilike 'RAW' and upper("table_schema") = upper('RAW')

                    and 
    "table_name" ilike 'food' and upper("table_name") = upper('food')

                )
             or 
                (
                    
    "table_schema" ilike 'RAW' and upper("table_schema") = upper('RAW')

                    and 
    "table_name" ilike 'restaurants' and upper("table_name") = upper('restaurants')

                )
             or 
                (
                    
    "table_schema" ilike 'AI' and upper("table_schema") = upper('AI')

                    and 
    "table_name" ilike 'review_enriched' and upper("table_name") = upper('review_enriched')

                )
             or 
                (
                    
    "table_schema" ilike 'RAW' and upper("table_schema") = upper('RAW')

                    and 
    "table_name" ilike 'users' and upper("table_name") = upper('users')

                )
            )
        )
        select *
    from tables
    join columns using ("table_database", "table_schema", "table_name")
    order by "column_index"
/* {"app": "dbt", "dbt_version": "1.10.22", "profile_name": "zomato", "target_name": "dev", "connection_name": "ZOMATO.information_schema"} */
[0m17:31:23.774448 [debug] [ThreadPool]: Using snowflake connection "Zomato.information_schema"
[0m17:31:23.776092 [debug] [ThreadPool]: Opening a new connection, currently in state init
[0m17:31:23.777572 [debug] [ThreadPool]: On Zomato.information_schema: with tables as (
            select
        table_catalog as "table_database",
        table_schema as "table_schema",
        table_name as "table_name",
        case
            when is_dynamic = 'YES' and table_type = 'BASE TABLE' THEN 'DYNAMIC TABLE'
            else table_type
        end as "table_type",
        comment as "table_comment",

        -- note: this is the _role_ that owns the table
        table_owner as "table_owner",

        'Clustering Key' as "stats:clustering_key:label",
        clustering_key as "stats:clustering_key:value",
        'The key used to cluster this table' as "stats:clustering_key:description",
        (clustering_key is not null) as "stats:clustering_key:include",

        'Row Count' as "stats:row_count:label",
        row_count as "stats:row_count:value",
        'An approximate count of rows in this table' as "stats:row_count:description",
        (row_count is not null) as "stats:row_count:include",

        'Approximate Size' as "stats:bytes:label",
        bytes as "stats:bytes:value",
        'Approximate size of the table as reported by Snowflake' as "stats:bytes:description",
        (bytes is not null) as "stats:bytes:include",

        'Last Modified' as "stats:last_modified:label",
        to_varchar(convert_timezone('UTC', last_altered), 'yyyy-mm-dd HH24:MI'||'UTC') as "stats:last_modified:value",
        'The timestamp for last update/change' as "stats:last_modified:description",
        (last_altered is not null and table_type='BASE TABLE') as "stats:last_modified:include"
    from Zomato.INFORMATION_SCHEMA.tables
            where (
                (
                    
    "table_schema" ilike 'marts' and upper("table_schema") = upper('marts')

                    and 
    "table_name" ilike 'fct_orders' and upper("table_name") = upper('fct_orders')

                )
             or 
                (
                    
    "table_schema" ilike 'marts' and upper("table_schema") = upper('marts')

                    and 
    "table_name" ilike 'mart_restaurant_performance' and upper("table_name") = upper('mart_restaurant_performance')

                )
             or 
                (
                    
    "table_schema" ilike 'marts' and upper("table_schema") = upper('marts')

                    and 
    "table_name" ilike 'dim_customer' and upper("table_name") = upper('dim_customer')

                )
             or 
                (
                    
    "table_schema" ilike 'marts' and upper("table_schema") = upper('marts')

                    and 
    "table_name" ilike 'mart_review_insights' and upper("table_name") = upper('mart_review_insights')

                )
             or 
                (
                    
    "table_schema" ilike 'marts' and upper("table_schema") = upper('marts')

                    and 
    "table_name" ilike 'fact_order_items' and upper("table_name") = upper('fact_order_items')

                )
             or 
                (
                    
    "table_schema" ilike 'staging' and upper("table_schema") = upper('staging')

                    and 
    "table_name" ilike 'stg_users' and upper("table_name") = upper('stg_users')

                )
             or 
                (
                    
    "table_schema" ilike 'marts' and upper("table_schema") = upper('marts')

                    and 
    "table_name" ilike 'mart_delivery_sla' and upper("table_name") = upper('mart_delivery_sla')

                )
             or 
                (
                    
    "table_schema" ilike 'staging' and upper("table_schema") = upper('staging')

                    and 
    "table_name" ilike 'stg_food' and upper("table_name") = upper('stg_food')

                )
             or 
                (
                    
    "table_schema" ilike 'staging' and upper("table_schema") = upper('staging')

                    and 
    "table_name" ilike 'stg_menu' and upper("table_name") = upper('stg_menu')

                )
             or 
                (
                    
    "table_schema" ilike 'staging' and upper("table_schema") = upper('staging')

                    and 
    "table_name" ilike 'stg_orders' and upper("table_name") = upper('stg_orders')

                )
             or 
                (
                    
    "table_schema" ilike 'staging' and upper("table_schema") = upper('staging')

                    and 
    "table_name" ilike 'stg_reviews' and upper("table_name") = upper('stg_reviews')

                )
             or 
                (
                    
    "table_schema" ilike 'marts' and upper("table_schema") = upper('marts')

                    and 
    "table_name" ilike 'mart_daily_city_revenune' and upper("table_name") = upper('mart_daily_city_revenune')

                )
             or 
                (
                    
    "table_schema" ilike 'marts' and upper("table_schema") = upper('marts')

                    and 
    "table_name" ilike 'dim_date' and upper("table_name") = upper('dim_date')

                )
             or 
                (
                    
    "table_schema" ilike 'marts' and upper("table_schema") = upper('marts')

                    and 
    "table_name" ilike 'dim_restaurants' and upper("table_name") = upper('dim_restaurants')

                )
             or 
                (
                    
    "table_schema" ilike 'staging' and upper("table_schema") = upper('staging')

                    and 
    "table_name" ilike 'stg_restaurants' and upper("table_name") = upper('stg_restaurants')

                )
             or 
                (
                    
    "table_schema" ilike 'marts' and upper("table_schema") = upper('marts')

                    and 
    "table_name" ilike 'dim_food' and upper("table_name") = upper('dim_food')

                )
             or 
                (
                    
    "table_schema" ilike 'staging' and upper("table_schema") = upper('staging')

                    and 
    "table_name" ilike 'stg_order_items' and upper("table_name") = upper('stg_order_items')

                )
            )
        ),
        columns as (
            select
        table_catalog as "table_database",
        table_schema as "table_schema",
        table_name as "table_name",

        column_name as "column_name",
        ordinal_position as "column_index",
        data_type as "column_type",
        comment as "column_comment"
    from Zomato.INFORMATION_SCHEMA.columns
            where (
                (
                    
    "table_schema" ilike 'marts' and upper("table_schema") = upper('marts')

                    and 
    "table_name" ilike 'fct_orders' and upper("table_name") = upper('fct_orders')

                )
             or 
                (
                    
    "table_schema" ilike 'marts' and upper("table_schema") = upper('marts')

                    and 
    "table_name" ilike 'mart_restaurant_performance' and upper("table_name") = upper('mart_restaurant_performance')

                )
             or 
                (
                    
    "table_schema" ilike 'marts' and upper("table_schema") = upper('marts')

                    and 
    "table_name" ilike 'dim_customer' and upper("table_name") = upper('dim_customer')

                )
             or 
                (
                    
    "table_schema" ilike 'marts' and upper("table_schema") = upper('marts')

                    and 
    "table_name" ilike 'mart_review_insights' and upper("table_name") = upper('mart_review_insights')

                )
             or 
                (
                    
    "table_schema" ilike 'marts' and upper("table_schema") = upper('marts')

                    and 
    "table_name" ilike 'fact_order_items' and upper("table_name") = upper('fact_order_items')

                )
             or 
                (
                    
    "table_schema" ilike 'staging' and upper("table_schema") = upper('staging')

                    and 
    "table_name" ilike 'stg_users' and upper("table_name") = upper('stg_users')

                )
             or 
                (
                    
    "table_schema" ilike 'marts' and upper("table_schema") = upper('marts')

                    and 
    "table_name" ilike 'mart_delivery_sla' and upper("table_name") = upper('mart_delivery_sla')

                )
             or 
                (
                    
    "table_schema" ilike 'staging' and upper("table_schema") = upper('staging')

                    and 
    "table_name" ilike 'stg_food' and upper("table_name") = upper('stg_food')

                )
             or 
                (
                    
    "table_schema" ilike 'staging' and upper("table_schema") = upper('staging')

                    and 
    "table_name" ilike 'stg_menu' and upper("table_name") = upper('stg_menu')

                )
             or 
                (
                    
    "table_schema" ilike 'staging' and upper("table_schema") = upper('staging')

                    and 
    "table_name" ilike 'stg_orders' and upper("table_name") = upper('stg_orders')

                )
             or 
                (
                    
    "table_schema" ilike 'staging' and upper("table_schema") = upper('staging')

                    and 
    "table_name" ilike 'stg_reviews' and upper("table_name") = upper('stg_reviews')

                )
             or 
                (
                    
    "table_schema" ilike 'marts' and upper("table_schema") = upper('marts')

                    and 
    "table_name" ilike 'mart_daily_city_revenune' and upper("table_name") = upper('mart_daily_city_revenune')

                )
             or 
                (
                    
    "table_schema" ilike 'marts' and upper("table_schema") = upper('marts')

                    and 
    "table_name" ilike 'dim_date' and upper("table_name") = upper('dim_date')

                )
             or 
                (
                    
    "table_schema" ilike 'marts' and upper("table_schema") = upper('marts')

                    and 
    "table_name" ilike 'dim_restaurants' and upper("table_name") = upper('dim_restaurants')

                )
             or 
                (
                    
    "table_schema" ilike 'staging' and upper("table_schema") = upper('staging')

                    and 
    "table_name" ilike 'stg_restaurants' and upper("table_name") = upper('stg_restaurants')

                )
             or 
                (
                    
    "table_schema" ilike 'marts' and upper("table_schema") = upper('marts')

                    and 
    "table_name" ilike 'dim_food' and upper("table_name") = upper('dim_food')

                )
             or 
                (
                    
    "table_schema" ilike 'staging' and upper("table_schema") = upper('staging')

                    and 
    "table_name" ilike 'stg_order_items' and upper("table_name") = upper('stg_order_items')

                )
            )
        )
        select *
    from tables
    join columns using ("table_database", "table_schema", "table_name")
    order by "column_index"
/* {"app": "dbt", "dbt_version": "1.10.22", "profile_name": "zomato", "target_name": "dev", "connection_name": "Zomato.information_schema"} */
[0m17:31:23.780801 [debug] [ThreadPool]: Opening a new connection, currently in state init
[0m17:31:30.035384 [debug] [ThreadPool]: SQL status: SUCCESS 67 in 6.259 seconds
[0m17:31:31.267905 [debug] [ThreadPool]: SQL status: SUCCESS 143 in 7.487 seconds
[0m17:31:31.367752 [debug] [MainThread]: Wrote artifact CatalogArtifact to /Users/mac/projects/DE project/zomato_ai_project/zomato/target/catalog.json
[0m17:31:31.410653 [debug] [MainThread]: Wrote artifact WritableManifest to /Users/mac/projects/DE project/zomato_ai_project/zomato/target/manifest.json
[0m17:31:31.413136 [debug] [MainThread]: Wrote artifact SemanticManifest to /Users/mac/projects/DE project/zomato_ai_project/zomato/target/semantic_manifest.json
[0m17:31:31.413616 [info ] [MainThread]: Catalog written to /Users/mac/projects/DE project/zomato_ai_project/zomato/target/catalog.json
[0m17:31:31.418749 [debug] [MainThread]: Resource report: {"command_name": "generate", "command_success": true, "command_wall_clock_time": 15.257039, "process_in_blocks": "0", "process_kernel_time": 1.430746, "process_mem_max_rss": "225517568", "process_out_blocks": "0", "process_user_time": 7.919303}
[0m17:31:31.419505 [debug] [MainThread]: Command `dbt docs generate` succeeded at 17:31:31.419359 after 15.26 seconds
[0m17:31:31.420174 [debug] [MainThread]: Connection 'generate_catalog' was properly closed.
[0m17:31:31.420651 [debug] [MainThread]: Connection 'ZOMATO.information_schema' was left open.
[0m17:31:31.421201 [debug] [MainThread]: On ZOMATO.information_schema: Close
[0m17:31:31.714823 [debug] [MainThread]: Connection 'Zomato.information_schema' was left open.
[0m17:31:31.715599 [debug] [MainThread]: On Zomato.information_schema: Close
[0m17:31:31.978732 [debug] [MainThread]: Sending event: {'category': 'dbt', 'action': 'invocation', 'label': 'end', 'context': [<snowplow_tracker.self_describing_json.SelfDescribingJson object at 0x1055f4be0>, <snowplow_tracker.self_describing_json.SelfDescribingJson object at 0x11c501520>, <snowplow_tracker.self_describing_json.SelfDescribingJson object at 0x11c5011f0>]}
[0m17:31:31.979555 [debug] [MainThread]: Flushing usage events
[0m17:31:38.130008 [debug] [MainThread]: An error was encountered while trying to flush usage events
[0m17:34:02.507415 [debug] [MainThread]: Sending event: {'category': 'dbt', 'action': 'invocation', 'label': 'start', 'context': [<snowplow_tracker.self_describing_json.SelfDescribingJson object at 0x1093c91c0>, <snowplow_tracker.self_describing_json.SelfDescribingJson object at 0x10a949970>, <snowplow_tracker.self_describing_json.SelfDescribingJson object at 0x10a949790>]}


============================== 17:34:02.512400 | 60c1e0c3-7f80-4627-a67f-a7e3f36a2bc2 ==============================
[0m17:34:02.512400 [info ] [MainThread]: Running with dbt=1.10.22
[0m17:34:02.513194 [debug] [MainThread]: running dbt with arguments {'indirect_selection': 'eager', 'warn_error': 'None', 'partial_parse': 'True', 'introspect': 'True', 'cache_selected_only': 'False', 'write_json': 'True', 'target_path': 'None', 'warn_error_options': 'WarnErrorOptionsV2(error=[], warn=[], silence=[])', 'log_format': 'default', 'static_parser': 'True', 'debug': 'False', 'log_path': '/Users/mac/projects/DE project/zomato_ai_project/zomato/logs', 'printer_width': '80', 'use_colors': 'True', 'invocation_command': 'dbt docs generate', 'use_experimental_parser': 'False', 'empty': 'None', 'quiet': 'False', 'no_print': 'None', 'profiles_dir': '/Users/mac/.dbt', 'version_check': 'True', 'send_anonymous_usage_stats': 'True', 'log_cache_events': 'False', 'fail_fast': 'False'}
[0m17:34:03.511493 [debug] [MainThread]: Sending event: {'category': 'dbt', 'action': 'project_id', 'label': '60c1e0c3-7f80-4627-a67f-a7e3f36a2bc2', 'context': [<snowplow_tracker.self_describing_json.SelfDescribingJson object at 0x11f6bcb20>]}
[0m17:34:03.605683 [debug] [MainThread]: Sending event: {'category': 'dbt', 'action': 'adapter_info', 'label': '60c1e0c3-7f80-4627-a67f-a7e3f36a2bc2', 'context': [<snowplow_tracker.self_describing_json.SelfDescribingJson object at 0x10a8d5e80>]}
[0m17:34:03.606666 [info ] [MainThread]: Registered adapter: snowflake=1.10.2
[0m17:34:03.833411 [debug] [MainThread]: checksum: 04c83ee057a648a2f8e380c895ffead170732fa039f068d62b9d36aaeefaf7cc, vars: {}, profile: , target: , version: 1.10.22
[0m17:34:04.025719 [debug] [MainThread]: Partial parsing enabled: 0 files deleted, 0 files added, 0 files changed.
[0m17:34:04.026187 [debug] [MainThread]: Partial parsing enabled, no changes found, skipping parsing
[0m17:34:04.034950 [warn ] [MainThread]: [[33mWARNING[0m]: Configuration paths exist in your dbt_project.yml file which do not apply to any resources.
There are 1 unused configuration paths:
- snapshots.zomato
[0m17:34:04.222743 [debug] [MainThread]: Sending event: {'category': 'dbt', 'action': 'load_project', 'label': '60c1e0c3-7f80-4627-a67f-a7e3f36a2bc2', 'context': [<snowplow_tracker.self_describing_json.SelfDescribingJson object at 0x10a180d60>]}
[0m17:34:04.243407 [debug] [MainThread]: Sending event: {'category': 'dbt', 'action': 'resource_counts', 'label': '60c1e0c3-7f80-4627-a67f-a7e3f36a2bc2', 'context': [<snowplow_tracker.self_describing_json.SelfDescribingJson object at 0x10a8ece80>]}
[0m17:34:04.244172 [info ] [MainThread]: Found 17 models, 16 data tests, 8 sources, 493 macros
[0m17:34:04.244712 [debug] [MainThread]: Sending event: {'category': 'dbt', 'action': 'runnable_timing', 'label': '60c1e0c3-7f80-4627-a67f-a7e3f36a2bc2', 'context': [<snowplow_tracker.self_describing_json.SelfDescribingJson object at 0x10a8ec310>]}
[0m17:34:04.248082 [info ] [MainThread]: 
[0m17:34:04.248653 [info ] [MainThread]: Concurrency: 8 threads (target='dev')
[0m17:34:04.249136 [info ] [MainThread]: 
[0m17:34:04.249847 [debug] [MainThread]: Acquiring new snowflake connection 'master'
[0m17:34:04.258322 [debug] [ThreadPool]: Acquiring new snowflake connection 'list_Zomato_marts'
[0m17:34:04.259160 [debug] [ThreadPool]: Acquiring new snowflake connection 'list_Zomato_staging'
[0m17:34:04.373171 [debug] [ThreadPool]: Using snowflake connection "list_Zomato_marts"
[0m17:34:04.373792 [debug] [ThreadPool]: Using snowflake connection "list_Zomato_staging"
[0m17:34:04.374189 [debug] [ThreadPool]: On list_Zomato_marts: show objects in Zomato.marts
    limit 10000
    

/* {"app": "dbt", "dbt_version": "1.10.22", "profile_name": "zomato", "target_name": "dev", "connection_name": "list_Zomato_marts"} */;
[0m17:34:04.374615 [debug] [ThreadPool]: On list_Zomato_staging: show objects in Zomato.staging
    limit 10000
    

/* {"app": "dbt", "dbt_version": "1.10.22", "profile_name": "zomato", "target_name": "dev", "connection_name": "list_Zomato_staging"} */;
[0m17:34:04.375017 [debug] [ThreadPool]: Opening a new connection, currently in state init
[0m17:34:04.375405 [debug] [ThreadPool]: Opening a new connection, currently in state init
[0m17:34:08.290949 [debug] [ThreadPool]: SQL status: SUCCESS 9 in 3.916 seconds
[0m17:34:08.307692 [debug] [ThreadPool]: SQL status: SUCCESS 7 in 3.932 seconds
[0m17:34:08.313800 [debug] [MainThread]: Sending event: {'category': 'dbt', 'action': 'runnable_timing', 'label': '60c1e0c3-7f80-4627-a67f-a7e3f36a2bc2', 'context': [<snowplow_tracker.self_describing_json.SelfDescribingJson object at 0x10a8ec340>]}
[0m17:34:08.318873 [debug] [Thread-1  ]: Began running node model.zomato.dim_date
[0m17:34:08.319575 [debug] [Thread-2  ]: Began running node model.zomato.stg_food
[0m17:34:08.320247 [debug] [Thread-1  ]: Re-using an available connection from the pool (formerly list_Zomato_marts, now model.zomato.dim_date)
[0m17:34:08.320857 [debug] [Thread-3  ]: Began running node model.zomato.stg_menu
[0m17:34:08.321542 [debug] [Thread-4  ]: Began running node model.zomato.stg_order_items
[0m17:34:08.322165 [debug] [Thread-5  ]: Began running node model.zomato.stg_orders
[0m17:34:08.322793 [debug] [Thread-2  ]: Re-using an available connection from the pool (formerly list_Zomato_staging, now model.zomato.stg_food)
[0m17:34:08.323423 [debug] [Thread-6  ]: Began running node model.zomato.stg_restaurants
[0m17:34:08.324106 [debug] [Thread-7  ]: Began running node model.zomato.stg_reviews
[0m17:34:08.324728 [debug] [Thread-8  ]: Began running node model.zomato.stg_users
[0m17:34:08.325312 [debug] [Thread-1  ]: Began compiling node model.zomato.dim_date
[0m17:34:08.326115 [debug] [Thread-3  ]: Acquiring new snowflake connection 'model.zomato.stg_menu'
[0m17:34:08.326899 [debug] [Thread-4  ]: Acquiring new snowflake connection 'model.zomato.stg_order_items'
[0m17:34:08.327764 [debug] [Thread-5  ]: Acquiring new snowflake connection 'model.zomato.stg_orders'
[0m17:34:08.328402 [debug] [Thread-2  ]: Began compiling node model.zomato.stg_food
[0m17:34:08.329179 [debug] [Thread-6  ]: Acquiring new snowflake connection 'model.zomato.stg_restaurants'
[0m17:34:08.329958 [debug] [Thread-7  ]: Acquiring new snowflake connection 'model.zomato.stg_reviews'
[0m17:34:08.330731 [debug] [Thread-8  ]: Acquiring new snowflake connection 'model.zomato.stg_users'
[0m17:34:08.342161 [debug] [Thread-1  ]: Writing injected SQL for node "model.zomato.dim_date"
[0m17:34:08.342725 [debug] [Thread-3  ]: Began compiling node model.zomato.stg_menu
[0m17:34:08.343316 [debug] [Thread-4  ]: Began compiling node model.zomato.stg_order_items
[0m17:34:08.343898 [debug] [Thread-5  ]: Began compiling node model.zomato.stg_orders
[0m17:34:08.347825 [debug] [Thread-2  ]: Writing injected SQL for node "model.zomato.stg_food"
[0m17:34:08.348422 [debug] [Thread-6  ]: Began compiling node model.zomato.stg_restaurants
[0m17:34:08.348972 [debug] [Thread-7  ]: Began compiling node model.zomato.stg_reviews
[0m17:34:08.349517 [debug] [Thread-8  ]: Began compiling node model.zomato.stg_users
[0m17:34:08.353404 [debug] [Thread-3  ]: Writing injected SQL for node "model.zomato.stg_menu"
[0m17:34:08.357258 [debug] [Thread-4  ]: Writing injected SQL for node "model.zomato.stg_order_items"
[0m17:34:08.361101 [debug] [Thread-5  ]: Writing injected SQL for node "model.zomato.stg_orders"
[0m17:34:08.361755 [debug] [Thread-1  ]: Began executing node model.zomato.dim_date
[0m17:34:08.365531 [debug] [Thread-6  ]: Writing injected SQL for node "model.zomato.stg_restaurants"
[0m17:34:08.370273 [debug] [Thread-7  ]: Writing injected SQL for node "model.zomato.stg_reviews"
[0m17:34:08.373879 [debug] [Thread-8  ]: Writing injected SQL for node "model.zomato.stg_users"
[0m17:34:08.374462 [debug] [Thread-2  ]: Began executing node model.zomato.stg_food
[0m17:34:08.375783 [debug] [Thread-1  ]: Finished running node model.zomato.dim_date
[0m17:34:08.376511 [debug] [Thread-3  ]: Began executing node model.zomato.stg_menu
[0m17:34:08.377318 [debug] [Thread-5  ]: Began executing node model.zomato.stg_orders
[0m17:34:08.378181 [debug] [Thread-2  ]: Finished running node model.zomato.stg_food
[0m17:34:08.378684 [debug] [Thread-4  ]: Began executing node model.zomato.stg_order_items
[0m17:34:08.379271 [debug] [Thread-7  ]: Began executing node model.zomato.stg_reviews
[0m17:34:08.380220 [debug] [Thread-3  ]: Finished running node model.zomato.stg_menu
[0m17:34:08.380645 [debug] [Thread-6  ]: Began executing node model.zomato.stg_restaurants
[0m17:34:08.381137 [debug] [Thread-8  ]: Began executing node model.zomato.stg_users
[0m17:34:08.381868 [debug] [Thread-5  ]: Finished running node model.zomato.stg_orders
[0m17:34:08.382861 [debug] [Thread-4  ]: Finished running node model.zomato.stg_order_items
[0m17:34:08.383285 [debug] [Thread-1  ]: Began running node model.zomato.dim_food
[0m17:34:08.384022 [debug] [Thread-7  ]: Finished running node model.zomato.stg_reviews
[0m17:34:08.384815 [debug] [Thread-6  ]: Finished running node model.zomato.stg_restaurants
[0m17:34:08.385576 [debug] [Thread-8  ]: Finished running node model.zomato.stg_users
[0m17:34:08.386577 [debug] [Thread-1  ]: Re-using an available connection from the pool (formerly model.zomato.dim_date, now model.zomato.dim_food)
[0m17:34:08.387088 [debug] [Thread-2  ]: Began running node model.zomato.fact_order_items
[0m17:34:08.387700 [debug] [Thread-7  ]: Began running node model.zomato.fct_orders
[0m17:34:08.388128 [debug] [Thread-3  ]: Began running node test.zomato.not_null_stg_order_items_order_item_id.26a7e2bc35
[0m17:34:08.388759 [debug] [Thread-5  ]: Began running node test.zomato.not_null_stg_orders_order_id.81cfe2fe64
[0m17:34:08.389233 [debug] [Thread-6  ]: Began running node test.zomato.not_null_stg_orders_r_id.902d9e6a31
[0m17:34:08.389657 [debug] [Thread-4  ]: Began running node test.zomato.not_null_stg_orders_user_id.7d129d0209
[0m17:34:08.390261 [debug] [Thread-8  ]: Began running node test.zomato.unique_stg_order_items_order_item_id.90e333a108
[0m17:34:08.390903 [debug] [Thread-1  ]: Began compiling node model.zomato.dim_food
[0m17:34:08.391453 [debug] [Thread-2  ]: Re-using an available connection from the pool (formerly model.zomato.stg_food, now model.zomato.fact_order_items)
[0m17:34:08.391921 [debug] [Thread-7  ]: Re-using an available connection from the pool (formerly model.zomato.stg_reviews, now model.zomato.fct_orders)
[0m17:34:08.392389 [debug] [Thread-3  ]: Re-using an available connection from the pool (formerly model.zomato.stg_menu, now test.zomato.not_null_stg_order_items_order_item_id.26a7e2bc35)
[0m17:34:08.392857 [debug] [Thread-5  ]: Re-using an available connection from the pool (formerly model.zomato.stg_orders, now test.zomato.not_null_stg_orders_order_id.81cfe2fe64)
[0m17:34:08.393358 [debug] [Thread-6  ]: Re-using an available connection from the pool (formerly model.zomato.stg_restaurants, now test.zomato.not_null_stg_orders_r_id.902d9e6a31)
[0m17:34:08.393953 [debug] [Thread-4  ]: Re-using an available connection from the pool (formerly model.zomato.stg_order_items, now test.zomato.not_null_stg_orders_user_id.7d129d0209)
[0m17:34:08.394435 [debug] [Thread-8  ]: Re-using an available connection from the pool (formerly model.zomato.stg_users, now test.zomato.unique_stg_order_items_order_item_id.90e333a108)
[0m17:34:08.397460 [debug] [Thread-1  ]: Writing injected SQL for node "model.zomato.dim_food"
[0m17:34:08.397917 [debug] [Thread-2  ]: Began compiling node model.zomato.fact_order_items
[0m17:34:08.398357 [debug] [Thread-7  ]: Began compiling node model.zomato.fct_orders
[0m17:34:08.398797 [debug] [Thread-3  ]: Began compiling node test.zomato.not_null_stg_order_items_order_item_id.26a7e2bc35
[0m17:34:08.399229 [debug] [Thread-5  ]: Began compiling node test.zomato.not_null_stg_orders_order_id.81cfe2fe64
[0m17:34:08.399662 [debug] [Thread-6  ]: Began compiling node test.zomato.not_null_stg_orders_r_id.902d9e6a31
[0m17:34:08.400095 [debug] [Thread-4  ]: Began compiling node test.zomato.not_null_stg_orders_user_id.7d129d0209
[0m17:34:08.400532 [debug] [Thread-8  ]: Began compiling node test.zomato.unique_stg_order_items_order_item_id.90e333a108
[0m17:34:08.410393 [debug] [Thread-2  ]: Writing injected SQL for node "model.zomato.fact_order_items"
[0m17:34:08.414442 [debug] [Thread-7  ]: Writing injected SQL for node "model.zomato.fct_orders"
[0m17:34:08.433848 [debug] [Thread-5  ]: Writing injected SQL for node "test.zomato.not_null_stg_orders_order_id.81cfe2fe64"
[0m17:34:08.434422 [debug] [Thread-1  ]: Began executing node model.zomato.dim_food
[0m17:34:08.434918 [debug] [Thread-3  ]: Writing injected SQL for node "test.zomato.not_null_stg_order_items_order_item_id.26a7e2bc35"
[0m17:34:08.439290 [debug] [Thread-6  ]: Writing injected SQL for node "test.zomato.not_null_stg_orders_r_id.902d9e6a31"
[0m17:34:08.444087 [debug] [Thread-4  ]: Writing injected SQL for node "test.zomato.not_null_stg_orders_user_id.7d129d0209"
[0m17:34:08.450678 [debug] [Thread-8  ]: Writing injected SQL for node "test.zomato.unique_stg_order_items_order_item_id.90e333a108"
[0m17:34:08.451566 [debug] [Thread-2  ]: Began executing node model.zomato.fact_order_items
[0m17:34:08.452386 [debug] [Thread-1  ]: Finished running node model.zomato.dim_food
[0m17:34:08.453061 [debug] [Thread-7  ]: Began executing node model.zomato.fct_orders
[0m17:34:08.453782 [debug] [Thread-5  ]: Began executing node test.zomato.not_null_stg_orders_order_id.81cfe2fe64
[0m17:34:08.454420 [debug] [Thread-6  ]: Began executing node test.zomato.not_null_stg_orders_r_id.902d9e6a31
[0m17:34:08.455012 [debug] [Thread-3  ]: Began executing node test.zomato.not_null_stg_order_items_order_item_id.26a7e2bc35
[0m17:34:08.455948 [debug] [Thread-2  ]: Finished running node model.zomato.fact_order_items
[0m17:34:08.456495 [debug] [Thread-1  ]: Began running node test.zomato.unique_stg_orders_order_id.e3b841c71a
[0m17:34:08.457067 [debug] [Thread-4  ]: Began executing node test.zomato.not_null_stg_orders_user_id.7d129d0209
[0m17:34:08.457796 [debug] [Thread-7  ]: Finished running node model.zomato.fct_orders
[0m17:34:08.458323 [debug] [Thread-8  ]: Began executing node test.zomato.unique_stg_order_items_order_item_id.90e333a108
[0m17:34:08.459041 [debug] [Thread-5  ]: Finished running node test.zomato.not_null_stg_orders_order_id.81cfe2fe64
[0m17:34:08.459792 [debug] [Thread-6  ]: Finished running node test.zomato.not_null_stg_orders_r_id.902d9e6a31
[0m17:34:08.460541 [debug] [Thread-3  ]: Finished running node test.zomato.not_null_stg_order_items_order_item_id.26a7e2bc35
[0m17:34:08.461030 [debug] [Thread-2  ]: Began running node model.zomato.mart_review_insights
[0m17:34:08.461668 [debug] [Thread-1  ]: Re-using an available connection from the pool (formerly model.zomato.dim_food, now test.zomato.unique_stg_orders_order_id.e3b841c71a)
[0m17:34:08.462453 [debug] [Thread-4  ]: Finished running node test.zomato.not_null_stg_orders_user_id.7d129d0209
[0m17:34:08.462980 [debug] [Thread-7  ]: Began running node test.zomato.not_null_stg_reviews_review_id.943b8fc3e4
[0m17:34:08.463908 [debug] [Thread-8  ]: Finished running node test.zomato.unique_stg_order_items_order_item_id.90e333a108
[0m17:34:08.464544 [debug] [Thread-5  ]: Began running node test.zomato.unique_stg_reviews_review_id.9b6c259f3c
[0m17:34:08.465086 [debug] [Thread-6  ]: Began running node model.zomato.dim_restaurants
[0m17:34:08.465653 [debug] [Thread-3  ]: Began running node test.zomato.not_null_stg_restaurants_id.732688e26a
[0m17:34:08.466131 [debug] [Thread-2  ]: Re-using an available connection from the pool (formerly model.zomato.fact_order_items, now model.zomato.mart_review_insights)
[0m17:34:08.466611 [debug] [Thread-1  ]: Began compiling node test.zomato.unique_stg_orders_order_id.e3b841c71a
[0m17:34:08.467091 [debug] [Thread-4  ]: Began running node test.zomato.unique_stg_restaurants_id.43c737c387
[0m17:34:08.467614 [debug] [Thread-7  ]: Re-using an available connection from the pool (formerly model.zomato.fct_orders, now test.zomato.not_null_stg_reviews_review_id.943b8fc3e4)
[0m17:34:08.468113 [debug] [Thread-8  ]: Began running node model.zomato.dim_customer
[0m17:34:08.468632 [debug] [Thread-5  ]: Re-using an available connection from the pool (formerly test.zomato.not_null_stg_orders_order_id.81cfe2fe64, now test.zomato.unique_stg_reviews_review_id.9b6c259f3c)
[0m17:34:08.469122 [debug] [Thread-6  ]: Re-using an available connection from the pool (formerly test.zomato.not_null_stg_orders_r_id.902d9e6a31, now model.zomato.dim_restaurants)
[0m17:34:08.469598 [debug] [Thread-3  ]: Re-using an available connection from the pool (formerly test.zomato.not_null_stg_order_items_order_item_id.26a7e2bc35, now test.zomato.not_null_stg_restaurants_id.732688e26a)
[0m17:34:08.470054 [debug] [Thread-2  ]: Began compiling node model.zomato.mart_review_insights
[0m17:34:08.474376 [debug] [Thread-1  ]: Writing injected SQL for node "test.zomato.unique_stg_orders_order_id.e3b841c71a"
[0m17:34:08.474871 [debug] [Thread-4  ]: Re-using an available connection from the pool (formerly test.zomato.not_null_stg_orders_user_id.7d129d0209, now test.zomato.unique_stg_restaurants_id.43c737c387)
[0m17:34:08.475327 [debug] [Thread-7  ]: Began compiling node test.zomato.not_null_stg_reviews_review_id.943b8fc3e4
[0m17:34:08.475794 [debug] [Thread-8  ]: Re-using an available connection from the pool (formerly test.zomato.unique_stg_order_items_order_item_id.90e333a108, now model.zomato.dim_customer)
[0m17:34:08.476239 [debug] [Thread-5  ]: Began compiling node test.zomato.unique_stg_reviews_review_id.9b6c259f3c
[0m17:34:08.476683 [debug] [Thread-6  ]: Began compiling node model.zomato.dim_restaurants
[0m17:34:08.477122 [debug] [Thread-3  ]: Began compiling node test.zomato.not_null_stg_restaurants_id.732688e26a
[0m17:34:08.481783 [debug] [Thread-2  ]: Writing injected SQL for node "model.zomato.mart_review_insights"
[0m17:34:08.482360 [debug] [Thread-4  ]: Began compiling node test.zomato.unique_stg_restaurants_id.43c737c387
[0m17:34:08.486431 [debug] [Thread-7  ]: Writing injected SQL for node "test.zomato.not_null_stg_reviews_review_id.943b8fc3e4"
[0m17:34:08.486961 [debug] [Thread-8  ]: Began compiling node model.zomato.dim_customer
[0m17:34:08.491143 [debug] [Thread-5  ]: Writing injected SQL for node "test.zomato.unique_stg_reviews_review_id.9b6c259f3c"
[0m17:34:08.491583 [debug] [Thread-1  ]: Began executing node test.zomato.unique_stg_orders_order_id.e3b841c71a
[0m17:34:08.494679 [debug] [Thread-6  ]: Writing injected SQL for node "model.zomato.dim_restaurants"
[0m17:34:08.498761 [debug] [Thread-3  ]: Writing injected SQL for node "test.zomato.not_null_stg_restaurants_id.732688e26a"
[0m17:34:08.502969 [debug] [Thread-4  ]: Writing injected SQL for node "test.zomato.unique_stg_restaurants_id.43c737c387"
[0m17:34:08.503652 [debug] [Thread-2  ]: Began executing node model.zomato.mart_review_insights
[0m17:34:08.506559 [debug] [Thread-8  ]: Writing injected SQL for node "model.zomato.dim_customer"
[0m17:34:08.507234 [debug] [Thread-7  ]: Began executing node test.zomato.not_null_stg_reviews_review_id.943b8fc3e4
[0m17:34:08.508054 [debug] [Thread-1  ]: Finished running node test.zomato.unique_stg_orders_order_id.e3b841c71a
[0m17:34:08.508820 [debug] [Thread-5  ]: Began executing node test.zomato.unique_stg_reviews_review_id.9b6c259f3c
[0m17:34:08.509740 [debug] [Thread-6  ]: Began executing node model.zomato.dim_restaurants
[0m17:34:08.510312 [debug] [Thread-3  ]: Began executing node test.zomato.not_null_stg_restaurants_id.732688e26a
[0m17:34:08.511104 [debug] [Thread-2  ]: Finished running node model.zomato.mart_review_insights
[0m17:34:08.511614 [debug] [Thread-4  ]: Began executing node test.zomato.unique_stg_restaurants_id.43c737c387
[0m17:34:08.512436 [debug] [Thread-7  ]: Finished running node test.zomato.not_null_stg_reviews_review_id.943b8fc3e4
[0m17:34:08.512990 [debug] [Thread-1  ]: Began running node test.zomato.not_null_stg_users_user_id.980dfc1b77
[0m17:34:08.513876 [debug] [Thread-5  ]: Finished running node test.zomato.unique_stg_reviews_review_id.9b6c259f3c
[0m17:34:08.514290 [debug] [Thread-8  ]: Began executing node model.zomato.dim_customer
[0m17:34:08.515076 [debug] [Thread-6  ]: Finished running node model.zomato.dim_restaurants
[0m17:34:08.515830 [debug] [Thread-3  ]: Finished running node test.zomato.not_null_stg_restaurants_id.732688e26a
[0m17:34:08.516313 [debug] [Thread-2  ]: Began running node test.zomato.unique_stg_users_user_id.c2ff477e6b
[0m17:34:08.517111 [debug] [Thread-4  ]: Finished running node test.zomato.unique_stg_restaurants_id.43c737c387
[0m17:34:08.517599 [debug] [Thread-7  ]: Began running node model.zomato.mart_daily_city_revenune
[0m17:34:08.518132 [debug] [Thread-1  ]: Re-using an available connection from the pool (formerly test.zomato.unique_stg_orders_order_id.e3b841c71a, now test.zomato.not_null_stg_users_user_id.980dfc1b77)
[0m17:34:08.518643 [debug] [Thread-5  ]: Began running node model.zomato.mart_delivery_sla
[0m17:34:08.519445 [debug] [Thread-8  ]: Finished running node model.zomato.dim_customer
[0m17:34:08.519934 [debug] [Thread-6  ]: Began running node test.zomato.accepted_values_fct_orders_order_status__Delivered__Cancelled__Refunded.165fe30b61
[0m17:34:08.520530 [debug] [Thread-3  ]: Began running node test.zomato.not_null_fct_orders_order_id.4e687af8d0
[0m17:34:08.521111 [debug] [Thread-2  ]: Re-using an available connection from the pool (formerly model.zomato.mart_review_insights, now test.zomato.unique_stg_users_user_id.c2ff477e6b)
[0m17:34:08.521626 [debug] [Thread-4  ]: Began running node test.zomato.unique_fct_orders_order_id.523ddb6ce5
[0m17:34:08.522158 [debug] [Thread-7  ]: Re-using an available connection from the pool (formerly test.zomato.not_null_stg_reviews_review_id.943b8fc3e4, now model.zomato.mart_daily_city_revenune)
[0m17:34:08.522615 [debug] [Thread-1  ]: Began compiling node test.zomato.not_null_stg_users_user_id.980dfc1b77
[0m17:34:08.523088 [debug] [Thread-5  ]: Re-using an available connection from the pool (formerly test.zomato.unique_stg_reviews_review_id.9b6c259f3c, now model.zomato.mart_delivery_sla)
[0m17:34:08.523586 [debug] [Thread-8  ]: Began running node model.zomato.mart_restaurant_performance
[0m17:34:08.524064 [debug] [Thread-6  ]: Re-using an available connection from the pool (formerly model.zomato.dim_restaurants, now test.zomato.accepted_values_fct_orders_order_status__Delivered__Cancelled__Refunded.165fe30b61)
[0m17:34:08.524655 [debug] [Thread-3  ]: Re-using an available connection from the pool (formerly test.zomato.not_null_stg_restaurants_id.732688e26a, now test.zomato.not_null_fct_orders_order_id.4e687af8d0)
[0m17:34:08.525108 [debug] [Thread-2  ]: Began compiling node test.zomato.unique_stg_users_user_id.c2ff477e6b
[0m17:34:08.525578 [debug] [Thread-4  ]: Re-using an available connection from the pool (formerly test.zomato.unique_stg_restaurants_id.43c737c387, now test.zomato.unique_fct_orders_order_id.523ddb6ce5)
[0m17:34:08.526033 [debug] [Thread-7  ]: Began compiling node model.zomato.mart_daily_city_revenune
[0m17:34:08.531532 [debug] [Thread-1  ]: Writing injected SQL for node "test.zomato.not_null_stg_users_user_id.980dfc1b77"
[0m17:34:08.532026 [debug] [Thread-5  ]: Began compiling node model.zomato.mart_delivery_sla
[0m17:34:08.532511 [debug] [Thread-8  ]: Re-using an available connection from the pool (formerly model.zomato.dim_customer, now model.zomato.mart_restaurant_performance)
[0m17:34:08.532970 [debug] [Thread-6  ]: Began compiling node test.zomato.accepted_values_fct_orders_order_status__Delivered__Cancelled__Refunded.165fe30b61
[0m17:34:08.533418 [debug] [Thread-3  ]: Began compiling node test.zomato.not_null_fct_orders_order_id.4e687af8d0
[0m17:34:08.537507 [debug] [Thread-2  ]: Writing injected SQL for node "test.zomato.unique_stg_users_user_id.c2ff477e6b"
[0m17:34:08.537978 [debug] [Thread-4  ]: Began compiling node test.zomato.unique_fct_orders_order_id.523ddb6ce5
[0m17:34:08.540922 [debug] [Thread-7  ]: Writing injected SQL for node "model.zomato.mart_daily_city_revenune"
[0m17:34:08.544126 [debug] [Thread-5  ]: Writing injected SQL for node "model.zomato.mart_delivery_sla"
[0m17:34:08.544665 [debug] [Thread-8  ]: Began compiling node model.zomato.mart_restaurant_performance
[0m17:34:08.554334 [debug] [Thread-6  ]: Writing injected SQL for node "test.zomato.accepted_values_fct_orders_order_status__Delivered__Cancelled__Refunded.165fe30b61"
[0m17:34:08.554824 [debug] [Thread-1  ]: Began executing node test.zomato.not_null_stg_users_user_id.980dfc1b77
[0m17:34:08.559009 [debug] [Thread-3  ]: Writing injected SQL for node "test.zomato.not_null_fct_orders_order_id.4e687af8d0"
[0m17:34:08.564334 [debug] [Thread-4  ]: Writing injected SQL for node "test.zomato.unique_fct_orders_order_id.523ddb6ce5"
[0m17:34:08.565292 [debug] [Thread-2  ]: Began executing node test.zomato.unique_stg_users_user_id.c2ff477e6b
[0m17:34:08.568691 [debug] [Thread-8  ]: Writing injected SQL for node "model.zomato.mart_restaurant_performance"
[0m17:34:08.569256 [debug] [Thread-7  ]: Began executing node model.zomato.mart_daily_city_revenune
[0m17:34:08.569869 [debug] [Thread-5  ]: Began executing node model.zomato.mart_delivery_sla
[0m17:34:08.570661 [debug] [Thread-1  ]: Finished running node test.zomato.not_null_stg_users_user_id.980dfc1b77
[0m17:34:08.571420 [debug] [Thread-6  ]: Began executing node test.zomato.accepted_values_fct_orders_order_status__Delivered__Cancelled__Refunded.165fe30b61
[0m17:34:08.572396 [debug] [Thread-2  ]: Finished running node test.zomato.unique_stg_users_user_id.c2ff477e6b
[0m17:34:08.573433 [debug] [Thread-7  ]: Finished running node model.zomato.mart_daily_city_revenune
[0m17:34:08.574093 [debug] [Thread-3  ]: Began executing node test.zomato.not_null_fct_orders_order_id.4e687af8d0
[0m17:34:08.574839 [debug] [Thread-5  ]: Finished running node model.zomato.mart_delivery_sla
[0m17:34:08.575378 [debug] [Thread-4  ]: Began executing node test.zomato.unique_fct_orders_order_id.523ddb6ce5
[0m17:34:08.575840 [debug] [Thread-1  ]: Began running node test.zomato.relationships_fct_orders_customer_id__customer_id__ref_dim_customer_.d39c4721da
[0m17:34:08.576253 [debug] [Thread-8  ]: Began executing node model.zomato.mart_restaurant_performance
[0m17:34:08.577163 [debug] [Thread-6  ]: Finished running node test.zomato.accepted_values_fct_orders_order_status__Delivered__Cancelled__Refunded.165fe30b61
[0m17:34:08.578192 [debug] [Thread-3  ]: Finished running node test.zomato.not_null_fct_orders_order_id.4e687af8d0
[0m17:34:08.579011 [debug] [Thread-4  ]: Finished running node test.zomato.unique_fct_orders_order_id.523ddb6ce5
[0m17:34:08.579526 [debug] [Thread-1  ]: Re-using an available connection from the pool (formerly test.zomato.not_null_stg_users_user_id.980dfc1b77, now test.zomato.relationships_fct_orders_customer_id__customer_id__ref_dim_customer_.d39c4721da)
[0m17:34:08.580278 [debug] [Thread-8  ]: Finished running node model.zomato.mart_restaurant_performance
[0m17:34:08.581013 [debug] [Thread-1  ]: Began compiling node test.zomato.relationships_fct_orders_customer_id__customer_id__ref_dim_customer_.d39c4721da
[0m17:34:08.589764 [debug] [Thread-1  ]: Writing injected SQL for node "test.zomato.relationships_fct_orders_customer_id__customer_id__ref_dim_customer_.d39c4721da"
[0m17:34:08.590474 [debug] [Thread-1  ]: Began executing node test.zomato.relationships_fct_orders_customer_id__customer_id__ref_dim_customer_.d39c4721da
[0m17:34:08.591230 [debug] [Thread-1  ]: Finished running node test.zomato.relationships_fct_orders_customer_id__customer_id__ref_dim_customer_.d39c4721da
[0m17:34:08.592646 [debug] [MainThread]: Connection 'master' was properly closed.
[0m17:34:08.593031 [debug] [MainThread]: Connection 'test.zomato.relationships_fct_orders_customer_id__customer_id__ref_dim_customer_.d39c4721da' was left open.
[0m17:34:08.593418 [debug] [MainThread]: On test.zomato.relationships_fct_orders_customer_id__customer_id__ref_dim_customer_.d39c4721da: Close
[0m17:34:08.870430 [debug] [MainThread]: Connection 'test.zomato.unique_stg_users_user_id.c2ff477e6b' was left open.
[0m17:34:08.871210 [debug] [MainThread]: On test.zomato.unique_stg_users_user_id.c2ff477e6b: Close
[0m17:34:09.160217 [debug] [MainThread]: Connection 'test.zomato.not_null_fct_orders_order_id.4e687af8d0' was properly closed.
[0m17:34:09.160857 [debug] [MainThread]: Connection 'test.zomato.unique_fct_orders_order_id.523ddb6ce5' was properly closed.
[0m17:34:09.161379 [debug] [MainThread]: Connection 'model.zomato.mart_delivery_sla' was properly closed.
[0m17:34:09.161897 [debug] [MainThread]: Connection 'test.zomato.accepted_values_fct_orders_order_status__Delivered__Cancelled__Refunded.165fe30b61' was properly closed.
[0m17:34:09.162407 [debug] [MainThread]: Connection 'model.zomato.mart_daily_city_revenune' was properly closed.
[0m17:34:09.162916 [debug] [MainThread]: Connection 'model.zomato.mart_restaurant_performance' was properly closed.
[0m17:34:09.171637 [debug] [MainThread]: Command end result
[0m17:34:09.347165 [debug] [MainThread]: Wrote artifact WritableManifest to /Users/mac/projects/DE project/zomato_ai_project/zomato/target/manifest.json
[0m17:34:09.349322 [debug] [MainThread]: Wrote artifact SemanticManifest to /Users/mac/projects/DE project/zomato_ai_project/zomato/target/semantic_manifest.json
[0m17:34:09.359370 [debug] [MainThread]: Wrote artifact RunExecutionResult to /Users/mac/projects/DE project/zomato_ai_project/zomato/target/run_results.json
[0m17:34:09.361076 [debug] [MainThread]: Acquiring new snowflake connection 'generate_catalog'
[0m17:34:09.361465 [info ] [MainThread]: Building catalog
[0m17:34:09.379150 [debug] [ThreadPool]: Acquiring new snowflake connection 'Zomato.information_schema'
[0m17:34:09.380101 [debug] [ThreadPool]: Acquiring new snowflake connection 'ZOMATO.information_schema'
[0m17:34:09.416806 [debug] [ThreadPool]: Using snowflake connection "ZOMATO.information_schema"
[0m17:34:09.419179 [debug] [ThreadPool]: Using snowflake connection "Zomato.information_schema"
[0m17:34:09.419823 [debug] [ThreadPool]: On ZOMATO.information_schema: with tables as (
            select
        table_catalog as "table_database",
        table_schema as "table_schema",
        table_name as "table_name",
        case
            when is_dynamic = 'YES' and table_type = 'BASE TABLE' THEN 'DYNAMIC TABLE'
            else table_type
        end as "table_type",
        comment as "table_comment",

        -- note: this is the _role_ that owns the table
        table_owner as "table_owner",

        'Clustering Key' as "stats:clustering_key:label",
        clustering_key as "stats:clustering_key:value",
        'The key used to cluster this table' as "stats:clustering_key:description",
        (clustering_key is not null) as "stats:clustering_key:include",

        'Row Count' as "stats:row_count:label",
        row_count as "stats:row_count:value",
        'An approximate count of rows in this table' as "stats:row_count:description",
        (row_count is not null) as "stats:row_count:include",

        'Approximate Size' as "stats:bytes:label",
        bytes as "stats:bytes:value",
        'Approximate size of the table as reported by Snowflake' as "stats:bytes:description",
        (bytes is not null) as "stats:bytes:include",

        'Last Modified' as "stats:last_modified:label",
        to_varchar(convert_timezone('UTC', last_altered), 'yyyy-mm-dd HH24:MI'||'UTC') as "stats:last_modified:value",
        'The timestamp for last update/change' as "stats:last_modified:description",
        (last_altered is not null and table_type='BASE TABLE') as "stats:last_modified:include"
    from ZOMATO.INFORMATION_SCHEMA.tables
            where (
                (
                    
    "table_schema" ilike 'RAW' and upper("table_schema") = upper('RAW')

                    and 
    "table_name" ilike 'users' and upper("table_name") = upper('users')

                )
             or 
                (
                    
    "table_schema" ilike 'AI' and upper("table_schema") = upper('AI')

                    and 
    "table_name" ilike 'review_enriched' and upper("table_name") = upper('review_enriched')

                )
             or 
                (
                    
    "table_schema" ilike 'RAW' and upper("table_schema") = upper('RAW')

                    and 
    "table_name" ilike 'orders' and upper("table_name") = upper('orders')

                )
             or 
                (
                    
    "table_schema" ilike 'RAW' and upper("table_schema") = upper('RAW')

                    and 
    "table_name" ilike 'order_items' and upper("table_name") = upper('order_items')

                )
             or 
                (
                    
    "table_schema" ilike 'RAW' and upper("table_schema") = upper('RAW')

                    and 
    "table_name" ilike 'restaurants' and upper("table_name") = upper('restaurants')

                )
             or 
                (
                    
    "table_schema" ilike 'RAW' and upper("table_schema") = upper('RAW')

                    and 
    "table_name" ilike 'food' and upper("table_name") = upper('food')

                )
             or 
                (
                    
    "table_schema" ilike 'RAW' and upper("table_schema") = upper('RAW')

                    and 
    "table_name" ilike 'reviews' and upper("table_name") = upper('reviews')

                )
             or 
                (
                    
    "table_schema" ilike 'RAW' and upper("table_schema") = upper('RAW')

                    and 
    "table_name" ilike 'menu' and upper("table_name") = upper('menu')

                )
            )
        ),
        columns as (
            select
        table_catalog as "table_database",
        table_schema as "table_schema",
        table_name as "table_name",

        column_name as "column_name",
        ordinal_position as "column_index",
        data_type as "column_type",
        comment as "column_comment"
    from ZOMATO.INFORMATION_SCHEMA.columns
            where (
                (
                    
    "table_schema" ilike 'RAW' and upper("table_schema") = upper('RAW')

                    and 
    "table_name" ilike 'users' and upper("table_name") = upper('users')

                )
             or 
                (
                    
    "table_schema" ilike 'AI' and upper("table_schema") = upper('AI')

                    and 
    "table_name" ilike 'review_enriched' and upper("table_name") = upper('review_enriched')

                )
             or 
                (
                    
    "table_schema" ilike 'RAW' and upper("table_schema") = upper('RAW')

                    and 
    "table_name" ilike 'orders' and upper("table_name") = upper('orders')

                )
             or 
                (
                    
    "table_schema" ilike 'RAW' and upper("table_schema") = upper('RAW')

                    and 
    "table_name" ilike 'order_items' and upper("table_name") = upper('order_items')

                )
             or 
                (
                    
    "table_schema" ilike 'RAW' and upper("table_schema") = upper('RAW')

                    and 
    "table_name" ilike 'restaurants' and upper("table_name") = upper('restaurants')

                )
             or 
                (
                    
    "table_schema" ilike 'RAW' and upper("table_schema") = upper('RAW')

                    and 
    "table_name" ilike 'food' and upper("table_name") = upper('food')

                )
             or 
                (
                    
    "table_schema" ilike 'RAW' and upper("table_schema") = upper('RAW')

                    and 
    "table_name" ilike 'reviews' and upper("table_name") = upper('reviews')

                )
             or 
                (
                    
    "table_schema" ilike 'RAW' and upper("table_schema") = upper('RAW')

                    and 
    "table_name" ilike 'menu' and upper("table_name") = upper('menu')

                )
            )
        )
        select *
    from tables
    join columns using ("table_database", "table_schema", "table_name")
    order by "column_index"
/* {"app": "dbt", "dbt_version": "1.10.22", "profile_name": "zomato", "target_name": "dev", "connection_name": "ZOMATO.information_schema"} */
[0m17:34:09.420916 [debug] [ThreadPool]: On Zomato.information_schema: with tables as (
            select
        table_catalog as "table_database",
        table_schema as "table_schema",
        table_name as "table_name",
        case
            when is_dynamic = 'YES' and table_type = 'BASE TABLE' THEN 'DYNAMIC TABLE'
            else table_type
        end as "table_type",
        comment as "table_comment",

        -- note: this is the _role_ that owns the table
        table_owner as "table_owner",

        'Clustering Key' as "stats:clustering_key:label",
        clustering_key as "stats:clustering_key:value",
        'The key used to cluster this table' as "stats:clustering_key:description",
        (clustering_key is not null) as "stats:clustering_key:include",

        'Row Count' as "stats:row_count:label",
        row_count as "stats:row_count:value",
        'An approximate count of rows in this table' as "stats:row_count:description",
        (row_count is not null) as "stats:row_count:include",

        'Approximate Size' as "stats:bytes:label",
        bytes as "stats:bytes:value",
        'Approximate size of the table as reported by Snowflake' as "stats:bytes:description",
        (bytes is not null) as "stats:bytes:include",

        'Last Modified' as "stats:last_modified:label",
        to_varchar(convert_timezone('UTC', last_altered), 'yyyy-mm-dd HH24:MI'||'UTC') as "stats:last_modified:value",
        'The timestamp for last update/change' as "stats:last_modified:description",
        (last_altered is not null and table_type='BASE TABLE') as "stats:last_modified:include"
    from Zomato.INFORMATION_SCHEMA.tables
            where (
                (
                    
    "table_schema" ilike 'marts' and upper("table_schema") = upper('marts')

                    and 
    "table_name" ilike 'dim_food' and upper("table_name") = upper('dim_food')

                )
             or 
                (
                    
    "table_schema" ilike 'marts' and upper("table_schema") = upper('marts')

                    and 
    "table_name" ilike 'dim_customer' and upper("table_name") = upper('dim_customer')

                )
             or 
                (
                    
    "table_schema" ilike 'staging' and upper("table_schema") = upper('staging')

                    and 
    "table_name" ilike 'stg_orders' and upper("table_name") = upper('stg_orders')

                )
             or 
                (
                    
    "table_schema" ilike 'staging' and upper("table_schema") = upper('staging')

                    and 
    "table_name" ilike 'stg_restaurants' and upper("table_name") = upper('stg_restaurants')

                )
             or 
                (
                    
    "table_schema" ilike 'marts' and upper("table_schema") = upper('marts')

                    and 
    "table_name" ilike 'mart_restaurant_performance' and upper("table_name") = upper('mart_restaurant_performance')

                )
             or 
                (
                    
    "table_schema" ilike 'marts' and upper("table_schema") = upper('marts')

                    and 
    "table_name" ilike 'mart_delivery_sla' and upper("table_name") = upper('mart_delivery_sla')

                )
             or 
                (
                    
    "table_schema" ilike 'marts' and upper("table_schema") = upper('marts')

                    and 
    "table_name" ilike 'mart_daily_city_revenune' and upper("table_name") = upper('mart_daily_city_revenune')

                )
             or 
                (
                    
    "table_schema" ilike 'staging' and upper("table_schema") = upper('staging')

                    and 
    "table_name" ilike 'stg_food' and upper("table_name") = upper('stg_food')

                )
             or 
                (
                    
    "table_schema" ilike 'marts' and upper("table_schema") = upper('marts')

                    and 
    "table_name" ilike 'dim_date' and upper("table_name") = upper('dim_date')

                )
             or 
                (
                    
    "table_schema" ilike 'staging' and upper("table_schema") = upper('staging')

                    and 
    "table_name" ilike 'stg_order_items' and upper("table_name") = upper('stg_order_items')

                )
             or 
                (
                    
    "table_schema" ilike 'marts' and upper("table_schema") = upper('marts')

                    and 
    "table_name" ilike 'dim_restaurants' and upper("table_name") = upper('dim_restaurants')

                )
             or 
                (
                    
    "table_schema" ilike 'marts' and upper("table_schema") = upper('marts')

                    and 
    "table_name" ilike 'fact_order_items' and upper("table_name") = upper('fact_order_items')

                )
             or 
                (
                    
    "table_schema" ilike 'marts' and upper("table_schema") = upper('marts')

                    and 
    "table_name" ilike 'fct_orders' and upper("table_name") = upper('fct_orders')

                )
             or 
                (
                    
    "table_schema" ilike 'staging' and upper("table_schema") = upper('staging')

                    and 
    "table_name" ilike 'stg_menu' and upper("table_name") = upper('stg_menu')

                )
             or 
                (
                    
    "table_schema" ilike 'marts' and upper("table_schema") = upper('marts')

                    and 
    "table_name" ilike 'mart_review_insights' and upper("table_name") = upper('mart_review_insights')

                )
             or 
                (
                    
    "table_schema" ilike 'staging' and upper("table_schema") = upper('staging')

                    and 
    "table_name" ilike 'stg_users' and upper("table_name") = upper('stg_users')

                )
             or 
                (
                    
    "table_schema" ilike 'staging' and upper("table_schema") = upper('staging')

                    and 
    "table_name" ilike 'stg_reviews' and upper("table_name") = upper('stg_reviews')

                )
            )
        ),
        columns as (
            select
        table_catalog as "table_database",
        table_schema as "table_schema",
        table_name as "table_name",

        column_name as "column_name",
        ordinal_position as "column_index",
        data_type as "column_type",
        comment as "column_comment"
    from Zomato.INFORMATION_SCHEMA.columns
            where (
                (
                    
    "table_schema" ilike 'marts' and upper("table_schema") = upper('marts')

                    and 
    "table_name" ilike 'dim_food' and upper("table_name") = upper('dim_food')

                )
             or 
                (
                    
    "table_schema" ilike 'marts' and upper("table_schema") = upper('marts')

                    and 
    "table_name" ilike 'dim_customer' and upper("table_name") = upper('dim_customer')

                )
             or 
                (
                    
    "table_schema" ilike 'staging' and upper("table_schema") = upper('staging')

                    and 
    "table_name" ilike 'stg_orders' and upper("table_name") = upper('stg_orders')

                )
             or 
                (
                    
    "table_schema" ilike 'staging' and upper("table_schema") = upper('staging')

                    and 
    "table_name" ilike 'stg_restaurants' and upper("table_name") = upper('stg_restaurants')

                )
             or 
                (
                    
    "table_schema" ilike 'marts' and upper("table_schema") = upper('marts')

                    and 
    "table_name" ilike 'mart_restaurant_performance' and upper("table_name") = upper('mart_restaurant_performance')

                )
             or 
                (
                    
    "table_schema" ilike 'marts' and upper("table_schema") = upper('marts')

                    and 
    "table_name" ilike 'mart_delivery_sla' and upper("table_name") = upper('mart_delivery_sla')

                )
             or 
                (
                    
    "table_schema" ilike 'marts' and upper("table_schema") = upper('marts')

                    and 
    "table_name" ilike 'mart_daily_city_revenune' and upper("table_name") = upper('mart_daily_city_revenune')

                )
             or 
                (
                    
    "table_schema" ilike 'staging' and upper("table_schema") = upper('staging')

                    and 
    "table_name" ilike 'stg_food' and upper("table_name") = upper('stg_food')

                )
             or 
                (
                    
    "table_schema" ilike 'marts' and upper("table_schema") = upper('marts')

                    and 
    "table_name" ilike 'dim_date' and upper("table_name") = upper('dim_date')

                )
             or 
                (
                    
    "table_schema" ilike 'staging' and upper("table_schema") = upper('staging')

                    and 
    "table_name" ilike 'stg_order_items' and upper("table_name") = upper('stg_order_items')

                )
             or 
                (
                    
    "table_schema" ilike 'marts' and upper("table_schema") = upper('marts')

                    and 
    "table_name" ilike 'dim_restaurants' and upper("table_name") = upper('dim_restaurants')

                )
             or 
                (
                    
    "table_schema" ilike 'marts' and upper("table_schema") = upper('marts')

                    and 
    "table_name" ilike 'fact_order_items' and upper("table_name") = upper('fact_order_items')

                )
             or 
                (
                    
    "table_schema" ilike 'marts' and upper("table_schema") = upper('marts')

                    and 
    "table_name" ilike 'fct_orders' and upper("table_name") = upper('fct_orders')

                )
             or 
                (
                    
    "table_schema" ilike 'staging' and upper("table_schema") = upper('staging')

                    and 
    "table_name" ilike 'stg_menu' and upper("table_name") = upper('stg_menu')

                )
             or 
                (
                    
    "table_schema" ilike 'marts' and upper("table_schema") = upper('marts')

                    and 
    "table_name" ilike 'mart_review_insights' and upper("table_name") = upper('mart_review_insights')

                )
             or 
                (
                    
    "table_schema" ilike 'staging' and upper("table_schema") = upper('staging')

                    and 
    "table_name" ilike 'stg_users' and upper("table_name") = upper('stg_users')

                )
             or 
                (
                    
    "table_schema" ilike 'staging' and upper("table_schema") = upper('staging')

                    and 
    "table_name" ilike 'stg_reviews' and upper("table_name") = upper('stg_reviews')

                )
            )
        )
        select *
    from tables
    join columns using ("table_database", "table_schema", "table_name")
    order by "column_index"
/* {"app": "dbt", "dbt_version": "1.10.22", "profile_name": "zomato", "target_name": "dev", "connection_name": "Zomato.information_schema"} */
[0m17:34:09.421767 [debug] [ThreadPool]: Opening a new connection, currently in state init
[0m17:34:09.422177 [debug] [ThreadPool]: Opening a new connection, currently in state init
[0m17:34:15.700397 [debug] [ThreadPool]: SQL status: SUCCESS 67 in 6.278 seconds
[0m17:34:16.925792 [debug] [ThreadPool]: SQL status: SUCCESS 143 in 7.503 seconds
[0m17:34:17.016953 [debug] [MainThread]: Wrote artifact CatalogArtifact to /Users/mac/projects/DE project/zomato_ai_project/zomato/target/catalog.json
[0m17:34:17.174626 [debug] [MainThread]: Wrote artifact WritableManifest to /Users/mac/projects/DE project/zomato_ai_project/zomato/target/manifest.json
[0m17:34:17.177219 [debug] [MainThread]: Wrote artifact SemanticManifest to /Users/mac/projects/DE project/zomato_ai_project/zomato/target/semantic_manifest.json
[0m17:34:17.177775 [info ] [MainThread]: Catalog written to /Users/mac/projects/DE project/zomato_ai_project/zomato/target/catalog.json
[0m17:34:17.183271 [debug] [MainThread]: Resource report: {"command_name": "generate", "command_success": true, "command_wall_clock_time": 14.782574, "process_in_blocks": "0", "process_kernel_time": 1.027766, "process_mem_max_rss": "221188096", "process_out_blocks": "0", "process_user_time": 6.979907}
[0m17:34:17.183991 [debug] [MainThread]: Command `dbt docs generate` succeeded at 17:34:17.183839 after 14.78 seconds
[0m17:34:17.184625 [debug] [MainThread]: Connection 'generate_catalog' was properly closed.
[0m17:34:17.185139 [debug] [MainThread]: Connection 'Zomato.information_schema' was left open.
[0m17:34:17.185678 [debug] [MainThread]: On Zomato.information_schema: Close
[0m17:34:17.621637 [debug] [MainThread]: Connection 'ZOMATO.information_schema' was left open.
[0m17:34:17.622416 [debug] [MainThread]: On ZOMATO.information_schema: Close
[0m17:34:17.880929 [debug] [MainThread]: Sending event: {'category': 'dbt', 'action': 'invocation', 'label': 'end', 'context': [<snowplow_tracker.self_describing_json.SelfDescribingJson object at 0x1093c91c0>, <snowplow_tracker.self_describing_json.SelfDescribingJson object at 0x126a62f10>, <snowplow_tracker.self_describing_json.SelfDescribingJson object at 0x126a623d0>]}
[0m17:34:17.881827 [debug] [MainThread]: Flushing usage events
[0m17:34:19.017598 [debug] [MainThread]: An error was encountered while trying to flush usage events
[0m17:34:23.022653 [debug] [MainThread]: Sending event: {'category': 'dbt', 'action': 'invocation', 'label': 'start', 'context': [<snowplow_tracker.self_describing_json.SelfDescribingJson object at 0x1133ef8b0>, <snowplow_tracker.self_describing_json.SelfDescribingJson object at 0x11497d610>, <snowplow_tracker.self_describing_json.SelfDescribingJson object at 0x11497d430>]}


============================== 17:34:23.027673 | af9a96ec-cbf3-4223-a242-7d508858f2c9 ==============================
[0m17:34:23.027673 [info ] [MainThread]: Running with dbt=1.10.22
[0m17:34:23.028457 [debug] [MainThread]: running dbt with arguments {'log_path': '/Users/mac/projects/DE project/zomato_ai_project/zomato/logs', 'warn_error': 'None', 'log_cache_events': 'False', 'no_print': 'None', 'warn_error_options': 'WarnErrorOptionsV2(error=[], warn=[], silence=[])', 'fail_fast': 'False', 'introspect': 'True', 'version_check': 'True', 'empty': 'None', 'profiles_dir': '/Users/mac/.dbt', 'invocation_command': 'dbt docs serve', 'log_format': 'default', 'static_parser': 'True', 'use_experimental_parser': 'False', 'printer_width': '80', 'quiet': 'False', 'write_json': 'True', 'use_colors': 'True', 'partial_parse': 'True', 'send_anonymous_usage_stats': 'True', 'target_path': 'None', 'debug': 'False', 'cache_selected_only': 'False', 'indirect_selection': 'eager'}
[0m17:34:24.002740 [debug] [MainThread]: Sending event: {'category': 'dbt', 'action': 'project_id', 'label': 'af9a96ec-cbf3-4223-a242-7d508858f2c9', 'context': [<snowplow_tracker.self_describing_json.SelfDescribingJson object at 0x112184d30>]}
[0m17:34:24.098721 [debug] [MainThread]: Sending event: {'category': 'dbt', 'action': 'adapter_info', 'label': 'af9a96ec-cbf3-4223-a242-7d508858f2c9', 'context': [<snowplow_tracker.self_describing_json.SelfDescribingJson object at 0x114796a00>]}
[0m18:13:50.872053 [error] [MainThread]: Encountered an error:

[0m18:13:50.962115 [error] [MainThread]: Traceback (most recent call last):
  File "/Users/mac/Library/Python/3.9/lib/python/site-packages/dbt/cli/requires.py", line 178, in wrapper
    result, success = func(*args, **kwargs)
  File "/Users/mac/Library/Python/3.9/lib/python/site-packages/dbt/cli/requires.py", line 128, in wrapper
    return func(*args, **kwargs)
  File "/Users/mac/Library/Python/3.9/lib/python/site-packages/dbt/cli/requires.py", line 272, in wrapper
    return func(*args, **kwargs)
  File "/Users/mac/Library/Python/3.9/lib/python/site-packages/dbt/cli/requires.py", line 317, in wrapper
    return func(*args, **kwargs)
  File "/Users/mac/Library/Python/3.9/lib/python/site-packages/dbt/cli/requires.py", line 364, in wrapper
    return func(*args, **kwargs)
  File "/Users/mac/Library/Python/3.9/lib/python/site-packages/dbt/cli/main.py", line 307, in docs_serve
    results = task.run()
  File "/Users/mac/Library/Python/3.9/lib/python/site-packages/dbt/task/docs/serve.py", line 29, in run
    httpd.serve_forever()
  File "/Library/Developer/CommandLineTools/Library/Frameworks/Python3.framework/Versions/3.9/lib/python3.9/socketserver.py", line 232, in serve_forever
    ready = selector.select(poll_interval)
  File "/Library/Developer/CommandLineTools/Library/Frameworks/Python3.framework/Versions/3.9/lib/python3.9/selectors.py", line 416, in select
    fd_event_list = self._selector.poll(timeout)
KeyboardInterrupt

[0m18:13:50.973657 [debug] [MainThread]: Resource report: {"command_name": "serve", "command_success": false, "command_wall_clock_time": 2270.8, "process_in_blocks": "0", "process_kernel_time": 0.773955, "process_mem_max_rss": "177803264", "process_out_blocks": "0", "process_user_time": 4.888788}
[0m18:13:50.976282 [debug] [MainThread]: Command `dbt docs serve` failed at 18:13:50.975547 after 2270.80 seconds
[0m18:13:50.978543 [debug] [MainThread]: Sending event: {'category': 'dbt', 'action': 'invocation', 'label': 'end', 'context': [<snowplow_tracker.self_describing_json.SelfDescribingJson object at 0x1133ef8b0>, <snowplow_tracker.self_describing_json.SelfDescribingJson object at 0x11b91b370>, <snowplow_tracker.self_describing_json.SelfDescribingJson object at 0x11b91b790>]}
[0m18:13:50.980076 [debug] [MainThread]: Flushing usage events
[0m18:13:52.374218 [debug] [MainThread]: An error was encountered while trying to flush usage events
[0m19:31:06.640619 [debug] [MainThread]: Sending event: {'category': 'dbt', 'action': 'invocation', 'label': 'start', 'context': [<snowplow_tracker.self_describing_json.SelfDescribingJson object at 0x7fe473747980>, <snowplow_tracker.self_describing_json.SelfDescribingJson object at 0x7fe4752c7e90>, <snowplow_tracker.self_describing_json.SelfDescribingJson object at 0x7fe473745a30>]}


============================== 19:31:06.651271 | 350ff400-0eef-4782-9457-163b6ba6988b ==============================
[0m19:31:06.651271 [info ] [MainThread]: Running with dbt=1.12.0
[0m19:31:06.653379 [debug] [MainThread]: running dbt with arguments {'quiet': 'False', 'profiles_dir': '/opt/airflow/dbt/zomato', 'debug': 'False', 'maximum_seed_size_mib': '1', 'send_anonymous_usage_stats': 'True', 'log_path': '/opt/airflow/dbt/zomato/logs', 'introspect': 'True', 'indirect_selection': 'eager', 'target_path': 'None', 'no_print': 'None', 'use_colors': 'True', 'write_json': 'True', 'warn_error': 'None', 'log_cache_events': 'False', 'printer_width': '80', 'use_experimental_parser': 'False', 'invocation_command': 'dbt build --exclude tag:ai --project-dir /opt/airflow/dbt/zomato --profiles-dir /opt/airflow/dbt/zomato', 'hints_enabled': 'True', 'version_check': 'True', 'static_parser': 'True', 'empty': 'False', 'cache_selected_only': 'False', 'warn_error_options': 'WarnErrorOptionsV2(error=[], warn=[], silence=[])', 'log_format': 'default', 'fail_fast': 'False', 'partial_parse': 'True'}
[0m19:31:06.657879 [error] [MainThread]: [[31mERROR[0m]: Encountered an error:
Runtime Error
  Could not find profile named 'zomato'
[0m19:31:06.659496 [debug] [MainThread]: Resource report: {"command_name": "build", "command_success": false, "command_wall_clock_time": 0.1910502, "process_in_blocks": "0", "process_kernel_time": 0.770275, "process_mem_max_rss": "111564", "process_out_blocks": "3", "process_user_time": 2.817639}
[0m19:31:06.660539 [debug] [MainThread]: Command `dbt build` failed at 19:31:06.660403 after 0.19 seconds
[0m19:31:06.661434 [debug] [MainThread]: Sending event: {'category': 'dbt', 'action': 'invocation', 'label': 'end', 'context': [<snowplow_tracker.self_describing_json.SelfDescribingJson object at 0x7fe47425fef0>, <snowplow_tracker.self_describing_json.SelfDescribingJson object at 0x7fe473799d30>, <snowplow_tracker.self_describing_json.SelfDescribingJson object at 0x7fe473504440>]}
[0m19:31:06.662198 [debug] [MainThread]: Flushing usage events
[0m19:31:10.030082 [debug] [MainThread]: An error was encountered while trying to flush usage events
[0m19:43:13.685850 [debug] [MainThread]: Sending event: {'category': 'dbt', 'action': 'invocation', 'label': 'start', 'context': [<snowplow_tracker.self_describing_json.SelfDescribingJson object at 0x7f6e3d7f48c0>, <snowplow_tracker.self_describing_json.SelfDescribingJson object at 0x7f6e3f0723f0>, <snowplow_tracker.self_describing_json.SelfDescribingJson object at 0x7f6e3f010140>]}


============================== 19:43:13.693601 | 61b7741c-e6f6-439c-92b2-780b0717e8d4 ==============================
[0m19:43:13.693601 [info ] [MainThread]: Running with dbt=1.12.0
[0m19:43:13.695245 [debug] [MainThread]: running dbt with arguments {'use_colors': 'True', 'printer_width': '80', 'hints_enabled': 'True', 'partial_parse': 'True', 'indirect_selection': 'eager', 'cache_selected_only': 'False', 'empty': 'False', 'warn_error': 'None', 'version_check': 'True', 'invocation_command': 'dbt build --exclude tag:ai --project-dir /opt/airflow/dbt/zomato --profiles-dir /opt/airflow/dbt/zomato', 'log_cache_events': 'False', 'warn_error_options': 'WarnErrorOptionsV2(error=[], warn=[], silence=[])', 'maximum_seed_size_mib': '1', 'use_experimental_parser': 'False', 'no_print': 'None', 'static_parser': 'True', 'send_anonymous_usage_stats': 'True', 'write_json': 'True', 'profiles_dir': '/opt/airflow/dbt/zomato', 'debug': 'False', 'log_path': '/opt/airflow/dbt/zomato/logs', 'fail_fast': 'False', 'log_format': 'default', 'quiet': 'False', 'target_path': 'None', 'introspect': 'True'}
[0m19:43:14.695742 [debug] [MainThread]: Sending event: {'category': 'dbt', 'action': 'project_id', 'label': '61b7741c-e6f6-439c-92b2-780b0717e8d4', 'context': [<snowplow_tracker.self_describing_json.SelfDescribingJson object at 0x7f6e3c377680>]}
[0m19:43:14.783457 [debug] [MainThread]: Sending event: {'category': 'dbt', 'action': 'adapter_info', 'label': '61b7741c-e6f6-439c-92b2-780b0717e8d4', 'context': [<snowplow_tracker.self_describing_json.SelfDescribingJson object at 0x7f6e3c646540>]}
[0m19:43:14.784835 [info ] [MainThread]: Registered adapter: snowflake=1.8.4
[0m19:43:14.907238 [debug] [MainThread]: checksum: b0e43d10305132c56d20e06d6acd19b0e2ab954460bc87bfcfc553bb03080190, vars: {}, profile: zomato, target: dev, version: 1.12.0
[0m19:43:15.059176 [info ] [MainThread]: Unable to do partial parsing because of a version mismatch
[0m19:43:15.060194 [debug] [MainThread]: Sending event: {'category': 'dbt', 'action': 'partial_parser', 'label': '61b7741c-e6f6-439c-92b2-780b0717e8d4', 'context': [<snowplow_tracker.self_describing_json.SelfDescribingJson object at 0x7f6e3e3cdb50>]}
[0m19:43:17.125976 [warn ] [MainThread]: [[33mWARNING[0m][MissingArgumentsPropertyInGenericTestDeprecation]: Deprecated
functionality
Found top-level arguments to test `relationships` defined on 'fct_orders' in
package 'zomato' (models/marts/_marts.yml). Arguments to generic tests should be
nested under the `arguments` property.
[0m19:43:17.126955 [debug] [MainThread]: Sending event: {'category': 'dbt', 'action': 'deprecation', 'label': '61b7741c-e6f6-439c-92b2-780b0717e8d4', 'property_': 'warn', 'context': [<snowplow_tracker.self_describing_json.SelfDescribingJson object at 0x7f6e3b8cf950>]}
[0m19:43:17.364349 [warn ] [MainThread]: [[33mWARNING[0m]: Configuration paths exist in your dbt_project.yml file which do not apply to any resources.
There are 1 unused configuration paths:
- snapshots.zomato
[0m19:43:17.371515 [debug] [MainThread]: Sending event: {'category': 'dbt', 'action': 'load_project', 'label': '61b7741c-e6f6-439c-92b2-780b0717e8d4', 'context': [<snowplow_tracker.self_describing_json.SelfDescribingJson object at 0x7f6e39cb5970>]}
[0m19:43:17.623423 [debug] [MainThread]: Wrote artifact WritableManifest to /opt/airflow/dbt/zomato/target/manifest.json
[0m19:43:17.631545 [debug] [MainThread]: Wrote artifact SemanticManifest to /opt/airflow/dbt/zomato/target/semantic_manifest.json
[0m19:43:17.669714 [debug] [MainThread]: Wrote artifact OsiDocument to /opt/airflow/dbt/zomato/target/osi_document.json
[0m19:43:17.746267 [debug] [MainThread]: Sending event: {'category': 'dbt', 'action': 'resource_counts', 'label': '61b7741c-e6f6-439c-92b2-780b0717e8d4', 'context': [<snowplow_tracker.self_describing_json.SelfDescribingJson object at 0x7f6e3d7dc560>]}
[0m19:43:17.747673 [info ] [MainThread]: Found 17 models, 16 data tests, 8 sources, 506 macros
[0m19:43:17.755870 [info ] [MainThread]: 
[0m19:43:17.757474 [info ] [MainThread]: Concurrency: 8 threads (target='dev')
[0m19:43:17.758478 [info ] [MainThread]: 
[0m19:43:17.759826 [debug] [MainThread]: Acquiring new snowflake connection 'master'
[0m19:43:17.769326 [debug] [ThreadPool]: Acquiring new snowflake connection 'list_ZOMATO'
[0m19:43:17.770825 [debug] [ThreadPool]: Acquiring new snowflake connection 'list_ZOMATO'
[0m19:43:17.797201 [debug] [ThreadPool]: Using snowflake connection "list_ZOMATO"
[0m19:43:17.800203 [debug] [ThreadPool]: Using snowflake connection "list_ZOMATO"
[0m19:43:17.800808 [debug] [ThreadPool]: On list_ZOMATO: /* {"app": "dbt", "dbt_version": "1.12.0", "profile_name": "zomato", "target_name": "dev", "connection_name": "list_ZOMATO"} */
show terse schemas in database ZOMATO
    limit 10000
[0m19:43:17.801649 [debug] [ThreadPool]: On list_ZOMATO: /* {"app": "dbt", "dbt_version": "1.12.0", "profile_name": "zomato", "target_name": "dev", "connection_name": "list_ZOMATO"} */
show terse schemas in database ZOMATO
    limit 10000
[0m19:43:17.802514 [debug] [ThreadPool]: Opening a new connection, currently in state init
[0m19:43:17.803286 [debug] [ThreadPool]: Opening a new connection, currently in state init
[0m19:43:21.537290 [debug] [ThreadPool]: SQL status: SUCCESS 8 in 3.734 seconds
[0m19:43:21.539226 [debug] [ThreadPool]: SQL status: SUCCESS 8 in 3.735 seconds
[0m19:43:21.541965 [debug] [ThreadPool]: On list_ZOMATO: Close
[0m19:43:21.544463 [debug] [ThreadPool]: On list_ZOMATO: Close
[0m19:43:21.856444 [debug] [ThreadPool]: Re-using an available connection from the pool (formerly list_ZOMATO, now list_ZOMATO_staging)
[0m19:43:21.863084 [debug] [ThreadPool]: Re-using an available connection from the pool (formerly list_ZOMATO, now list_ZOMATO_marts)
[0m19:43:21.872709 [debug] [ThreadPool]: Using snowflake connection "list_ZOMATO_staging"
[0m19:43:21.874905 [debug] [ThreadPool]: Using snowflake connection "list_ZOMATO_marts"
[0m19:43:21.875932 [debug] [ThreadPool]: On list_ZOMATO_staging: /* {"app": "dbt", "dbt_version": "1.12.0", "profile_name": "zomato", "target_name": "dev", "connection_name": "list_ZOMATO_staging"} */
show objects in ZOMATO.staging limit 10000
[0m19:43:21.876872 [debug] [ThreadPool]: On list_ZOMATO_marts: /* {"app": "dbt", "dbt_version": "1.12.0", "profile_name": "zomato", "target_name": "dev", "connection_name": "list_ZOMATO_marts"} */
show objects in ZOMATO.marts limit 10000
[0m19:43:21.877724 [debug] [ThreadPool]: Opening a new connection, currently in state closed
[0m19:43:21.878559 [debug] [ThreadPool]: Opening a new connection, currently in state closed
[0m19:43:22.859731 [debug] [ThreadPool]: SQL status: SUCCESS 7 in 0.982 seconds
[0m19:43:22.861398 [debug] [ThreadPool]: SQL status: SUCCESS 9 in 0.983 seconds
[0m19:43:22.864695 [debug] [ThreadPool]: On list_ZOMATO_staging: Close
[0m19:43:22.867920 [debug] [ThreadPool]: On list_ZOMATO_marts: Close
[0m19:43:23.200729 [debug] [MainThread]: Sending event: {'category': 'dbt', 'action': 'runnable_timing', 'label': '61b7741c-e6f6-439c-92b2-780b0717e8d4', 'context': [<snowplow_tracker.self_describing_json.SelfDescribingJson object at 0x7f6e389b93d0>]}
[0m19:43:23.213800 [debug] [Thread-1 (]: Began running node model.zomato.dim_date
[0m19:43:23.214839 [debug] [Thread-2 (]: Began running node model.zomato.stg_food
[0m19:43:23.215676 [debug] [Thread-3 (]: Began running node model.zomato.stg_menu
[0m19:43:23.217360 [debug] [Thread-4 (]: Began running node model.zomato.stg_order_items
[0m19:43:23.216696 [info ] [Thread-1 (]: 1 of 32 START sql table model marts.dim_date ................................... [RUN]
[0m19:43:23.218689 [debug] [Thread-5 (]: Began running node model.zomato.stg_orders
[0m19:43:23.220346 [debug] [Thread-6 (]: Began running node model.zomato.stg_restaurants
[0m19:43:23.221330 [debug] [Thread-7 (]: Began running node model.zomato.stg_reviews
[0m19:43:23.219673 [info ] [Thread-2 (]: 2 of 32 START sql view model staging.stg_food .................................. [RUN]
[0m19:43:23.222409 [debug] [Thread-8 (]: Began running node model.zomato.stg_users
[0m19:43:23.223373 [info ] [Thread-3 (]: 3 of 32 START sql view model staging.stg_menu .................................. [RUN]
[0m19:43:23.224535 [info ] [Thread-4 (]: 4 of 32 START sql view model staging.stg_order_items ........................... [RUN]
[0m19:43:23.225665 [debug] [Thread-1 (]: Re-using an available connection from the pool (formerly list_ZOMATO_staging, now model.zomato.dim_date)
[0m19:43:23.226860 [info ] [Thread-5 (]: 5 of 32 START sql view model staging.stg_orders ................................ [RUN]
[0m19:43:23.228605 [info ] [Thread-6 (]: 6 of 32 START sql view model staging.stg_restaurants ........................... [RUN]
[0m19:43:23.230319 [info ] [Thread-7 (]: 7 of 32 START sql view model staging.stg_reviews ............................... [RUN]
[0m19:43:23.231880 [debug] [Thread-2 (]: Re-using an available connection from the pool (formerly list_ZOMATO_marts, now model.zomato.stg_food)
[0m19:43:23.232953 [info ] [Thread-8 (]: 8 of 32 START sql view model staging.stg_users ................................. [RUN]
[0m19:43:23.234201 [debug] [Thread-3 (]: Acquiring new snowflake connection 'model.zomato.stg_menu'
[0m19:43:23.235425 [debug] [Thread-4 (]: Acquiring new snowflake connection 'model.zomato.stg_order_items'
[0m19:43:23.236458 [debug] [Thread-1 (]: Began compiling node model.zomato.dim_date
[0m19:43:23.237749 [debug] [Thread-5 (]: Acquiring new snowflake connection 'model.zomato.stg_orders'
[0m19:43:23.238931 [debug] [Thread-6 (]: Acquiring new snowflake connection 'model.zomato.stg_restaurants'
[0m19:43:23.240133 [debug] [Thread-7 (]: Acquiring new snowflake connection 'model.zomato.stg_reviews'
[0m19:43:23.241054 [debug] [Thread-2 (]: Began compiling node model.zomato.stg_food
[0m19:43:23.242170 [debug] [Thread-8 (]: Acquiring new snowflake connection 'model.zomato.stg_users'
[0m19:43:23.243198 [debug] [Thread-3 (]: Began compiling node model.zomato.stg_menu
[0m19:43:23.244192 [debug] [Thread-4 (]: Began compiling node model.zomato.stg_order_items
[0m19:43:23.253851 [debug] [Thread-1 (]: Writing injected SQL for node "model.zomato.dim_date"
[0m19:43:23.254722 [debug] [Thread-5 (]: Began compiling node model.zomato.stg_orders
[0m19:43:23.255700 [debug] [Thread-6 (]: Began compiling node model.zomato.stg_restaurants
[0m19:43:23.256685 [debug] [Thread-7 (]: Began compiling node model.zomato.stg_reviews
[0m19:43:23.259939 [debug] [Thread-2 (]: Writing injected SQL for node "model.zomato.stg_food"
[0m19:43:23.260919 [debug] [Thread-8 (]: Began compiling node model.zomato.stg_users
[0m19:43:23.263658 [debug] [Thread-3 (]: Writing injected SQL for node "model.zomato.stg_menu"
[0m19:43:23.266454 [debug] [Thread-4 (]: Writing injected SQL for node "model.zomato.stg_order_items"
[0m19:43:23.269736 [debug] [Thread-5 (]: Writing injected SQL for node "model.zomato.stg_orders"
[0m19:43:23.272819 [debug] [Thread-6 (]: Writing injected SQL for node "model.zomato.stg_restaurants"
[0m19:43:23.275590 [debug] [Thread-7 (]: Writing injected SQL for node "model.zomato.stg_reviews"
[0m19:43:23.277140 [debug] [Thread-1 (]: Began executing node model.zomato.dim_date
[0m19:43:23.279754 [debug] [Thread-8 (]: Writing injected SQL for node "model.zomato.stg_users"
[0m19:43:23.284866 [debug] [Thread-2 (]: Began executing node model.zomato.stg_food
[0m19:43:23.287423 [debug] [Thread-3 (]: Began executing node model.zomato.stg_menu
[0m19:43:23.289284 [debug] [Thread-4 (]: Began executing node model.zomato.stg_order_items
[0m19:43:23.307585 [debug] [Thread-6 (]: Began executing node model.zomato.stg_restaurants
[0m19:43:23.315554 [debug] [Thread-5 (]: Began executing node model.zomato.stg_orders
[0m19:43:23.326054 [debug] [Thread-7 (]: Began executing node model.zomato.stg_reviews
[0m19:43:23.415702 [debug] [Thread-1 (]: Writing runtime sql for node "model.zomato.dim_date"
[0m19:43:23.432833 [debug] [Thread-8 (]: Began executing node model.zomato.stg_users
[0m19:43:23.481796 [debug] [Thread-3 (]: Writing runtime sql for node "model.zomato.stg_menu"
[0m19:43:23.498520 [debug] [Thread-5 (]: Writing runtime sql for node "model.zomato.stg_orders"
[0m19:43:23.502310 [debug] [Thread-2 (]: Writing runtime sql for node "model.zomato.stg_food"
[0m19:43:23.506936 [debug] [Thread-6 (]: Writing runtime sql for node "model.zomato.stg_restaurants"
[0m19:43:23.516520 [debug] [Thread-7 (]: Writing runtime sql for node "model.zomato.stg_reviews"
[0m19:43:23.513452 [debug] [Thread-4 (]: Writing runtime sql for node "model.zomato.stg_order_items"
[0m19:43:23.520914 [debug] [Thread-8 (]: Writing runtime sql for node "model.zomato.stg_users"
[0m19:43:23.525020 [debug] [Thread-1 (]: Using snowflake connection "model.zomato.dim_date"
[0m19:43:23.529295 [debug] [Thread-3 (]: Using snowflake connection "model.zomato.stg_menu"
[0m19:43:23.531364 [debug] [Thread-5 (]: Using snowflake connection "model.zomato.stg_orders"
[0m19:43:23.535053 [debug] [Thread-1 (]: On model.zomato.dim_date: /* {"app": "dbt", "dbt_version": "1.12.0", "profile_name": "zomato", "target_name": "dev", "node_id": "model.zomato.dim_date"} */
create or replace transient table ZOMATO.marts.dim_date
         as
        (with spine as (
    select dateadd(day, seq4(), '2024-01-01'::date) as date_day 
    from 
    table(generator(rowcount=>1200)))
select date_day, year(date_day) as year, month(date_day) as month, monthname(date_day) as month_name,
       dayname(date_day) as day_name, (dayofweekiso(date_day)>=6) as is_weekend
from spine where date_day <= '2026-12-31'
        );
[0m19:43:23.538817 [debug] [Thread-3 (]: On model.zomato.stg_menu: /* {"app": "dbt", "dbt_version": "1.12.0", "profile_name": "zomato", "target_name": "dev", "node_id": "model.zomato.stg_menu"} */
create or replace   view ZOMATO.staging.stg_menu
  
   as (
    select
    *
from ZOMATO.RAW.menu
  );
[0m19:43:23.540981 [debug] [Thread-6 (]: Using snowflake connection "model.zomato.stg_restaurants"
[0m19:43:23.542297 [debug] [Thread-7 (]: Using snowflake connection "model.zomato.stg_reviews"
[0m19:43:23.544215 [debug] [Thread-2 (]: Using snowflake connection "model.zomato.stg_food"
[0m19:43:23.545933 [debug] [Thread-5 (]: On model.zomato.stg_orders: /* {"app": "dbt", "dbt_version": "1.12.0", "profile_name": "zomato", "target_name": "dev", "node_id": "model.zomato.stg_orders"} */
create or replace   view ZOMATO.staging.stg_orders
  
   as (
    select
    *
from ZOMATO.RAW.orders
  );
[0m19:43:23.547995 [debug] [Thread-1 (]: Opening a new connection, currently in state closed
[0m19:43:23.549881 [debug] [Thread-4 (]: Using snowflake connection "model.zomato.stg_order_items"
[0m19:43:23.550932 [debug] [Thread-8 (]: Using snowflake connection "model.zomato.stg_users"
[0m19:43:23.570064 [debug] [Thread-8 (]: On model.zomato.stg_users: /* {"app": "dbt", "dbt_version": "1.12.0", "profile_name": "zomato", "target_name": "dev", "node_id": "model.zomato.stg_users"} */
create or replace   view ZOMATO.staging.stg_users
  
   as (
    select
    *
from ZOMATO.RAW.users
  );
[0m19:43:23.552814 [debug] [Thread-6 (]: On model.zomato.stg_restaurants: /* {"app": "dbt", "dbt_version": "1.12.0", "profile_name": "zomato", "target_name": "dev", "node_id": "model.zomato.stg_restaurants"} */
create or replace   view ZOMATO.staging.stg_restaurants
  
   as (
    select
    *
from ZOMATO.RAW.restaurants
  );
[0m19:43:23.554187 [debug] [Thread-7 (]: On model.zomato.stg_reviews: /* {"app": "dbt", "dbt_version": "1.12.0", "profile_name": "zomato", "target_name": "dev", "node_id": "model.zomato.stg_reviews"} */
create or replace   view ZOMATO.staging.stg_reviews
  
   as (
    select
    *
from ZOMATO.RAW.reviews
  );
[0m19:43:23.555801 [debug] [Thread-2 (]: On model.zomato.stg_food: /* {"app": "dbt", "dbt_version": "1.12.0", "profile_name": "zomato", "target_name": "dev", "node_id": "model.zomato.stg_food"} */
create or replace   view ZOMATO.staging.stg_food
  
   as (
    select
    *
from ZOMATO.RAW.food
  );
[0m19:43:23.557009 [debug] [Thread-5 (]: Opening a new connection, currently in state init
[0m19:43:23.562999 [debug] [Thread-4 (]: On model.zomato.stg_order_items: /* {"app": "dbt", "dbt_version": "1.12.0", "profile_name": "zomato", "target_name": "dev", "node_id": "model.zomato.stg_order_items"} */
create or replace   view ZOMATO.staging.stg_order_items
  
   as (
    select
    *
from ZOMATO.RAW.order_items
  );
[0m19:43:23.551732 [debug] [Thread-3 (]: Opening a new connection, currently in state init
[0m19:43:23.576395 [debug] [Thread-8 (]: Opening a new connection, currently in state init
[0m19:43:23.577805 [debug] [Thread-6 (]: Opening a new connection, currently in state init
[0m19:43:23.578941 [debug] [Thread-7 (]: Opening a new connection, currently in state init
[0m19:43:23.580568 [debug] [Thread-2 (]: Opening a new connection, currently in state closed
[0m19:43:23.598141 [debug] [Thread-4 (]: Opening a new connection, currently in state init
[0m19:43:24.773047 [debug] [Thread-5 (]: SQL status: SUCCESS 1 in 1.216 seconds
[0m19:43:24.774293 [debug] [Thread-3 (]: SQL status: SUCCESS 1 in 1.223 seconds
[0m19:43:24.799013 [debug] [Thread-8 (]: SQL status: SUCCESS 1 in 1.223 seconds
[0m19:43:24.835572 [debug] [Thread-8 (]: On model.zomato.stg_users: Close
[0m19:43:24.836795 [debug] [Thread-3 (]: On model.zomato.stg_menu: Close
[0m19:43:24.842184 [debug] [Thread-5 (]: On model.zomato.stg_orders: Close
[0m19:43:24.901850 [debug] [Thread-4 (]: SQL status: SUCCESS 1 in 1.304 seconds
[0m19:43:24.904025 [debug] [Thread-2 (]: SQL status: SUCCESS 1 in 1.323 seconds
[0m19:43:24.907750 [debug] [Thread-4 (]: On model.zomato.stg_order_items: Close
[0m19:43:24.911459 [debug] [Thread-2 (]: On model.zomato.stg_food: Close
[0m19:43:24.920953 [debug] [Thread-6 (]: SQL status: SUCCESS 1 in 1.343 seconds
[0m19:43:24.922779 [debug] [Thread-7 (]: SQL status: SUCCESS 1 in 1.344 seconds
[0m19:43:24.926397 [debug] [Thread-6 (]: On model.zomato.stg_restaurants: Close
[0m19:43:24.930809 [debug] [Thread-7 (]: On model.zomato.stg_reviews: Close
[0m19:43:25.044201 [debug] [Thread-1 (]: SQL status: SUCCESS 1 in 1.496 seconds
[0m19:43:25.047871 [debug] [Thread-1 (]: On model.zomato.dim_date: Close
[0m19:43:25.061852 [debug] [Thread-3 (]: Sending event: {'category': 'dbt', 'action': 'run_model', 'label': '61b7741c-e6f6-439c-92b2-780b0717e8d4', 'context': [<snowplow_tracker.self_describing_json.SelfDescribingJson object at 0x7f6e3eaf4e90>]}
[0m19:43:25.063389 [info ] [Thread-3 (]: 3 of 32 OK created sql view model staging.stg_menu ............................. [[32mSUCCESS 1[0m in 1.83s]
[0m19:43:25.064922 [debug] [Thread-3 (]: Finished running node model.zomato.stg_menu
[0m19:43:25.072848 [debug] [Thread-5 (]: Sending event: {'category': 'dbt', 'action': 'run_model', 'label': '61b7741c-e6f6-439c-92b2-780b0717e8d4', 'context': [<snowplow_tracker.self_describing_json.SelfDescribingJson object at 0x7f6e3eaf4e90>]}
[0m19:43:25.074200 [debug] [Thread-8 (]: Sending event: {'category': 'dbt', 'action': 'run_model', 'label': '61b7741c-e6f6-439c-92b2-780b0717e8d4', 'context': [<snowplow_tracker.self_describing_json.SelfDescribingJson object at 0x7f6df83cdfa0>]}
[0m19:43:25.075448 [info ] [Thread-5 (]: 5 of 32 OK created sql view model staging.stg_orders ........................... [[32mSUCCESS 1[0m in 1.83s]
[0m19:43:25.077098 [info ] [Thread-8 (]: 8 of 32 OK created sql view model staging.stg_users ............................ [[32mSUCCESS 1[0m in 1.83s]
[0m19:43:25.078758 [debug] [Thread-5 (]: Finished running node model.zomato.stg_orders
[0m19:43:25.079946 [debug] [Thread-8 (]: Finished running node model.zomato.stg_users
[0m19:43:25.081862 [debug] [Thread-3 (]: Began running node test.zomato.not_null_stg_orders_order_id.81cfe2fe64
[0m19:43:25.082782 [debug] [Thread-8 (]: Began running node test.zomato.not_null_stg_orders_r_id.902d9e6a31
[0m19:43:25.083612 [debug] [Thread-5 (]: Began running node test.zomato.not_null_stg_orders_user_id.7d129d0209
[0m19:43:25.084791 [info ] [Thread-3 (]: 9 of 32 START test not_null_stg_orders_order_id ................................ [RUN]
[0m19:43:25.085725 [info ] [Thread-8 (]: 10 of 32 START test not_null_stg_orders_r_id ................................... [RUN]
[0m19:43:25.087037 [info ] [Thread-5 (]: 11 of 32 START test not_null_stg_orders_user_id ................................ [RUN]
[0m19:43:25.088673 [debug] [Thread-3 (]: Re-using an available connection from the pool (formerly model.zomato.stg_menu, now test.zomato.not_null_stg_orders_order_id.81cfe2fe64)
[0m19:43:25.089745 [debug] [Thread-8 (]: Re-using an available connection from the pool (formerly model.zomato.stg_users, now test.zomato.not_null_stg_orders_r_id.902d9e6a31)
[0m19:43:25.090882 [debug] [Thread-5 (]: Re-using an available connection from the pool (formerly model.zomato.stg_orders, now test.zomato.not_null_stg_orders_user_id.7d129d0209)
[0m19:43:25.091858 [debug] [Thread-3 (]: Began compiling node test.zomato.not_null_stg_orders_order_id.81cfe2fe64
[0m19:43:25.092749 [debug] [Thread-8 (]: Began compiling node test.zomato.not_null_stg_orders_r_id.902d9e6a31
[0m19:43:25.093774 [debug] [Thread-5 (]: Began compiling node test.zomato.not_null_stg_orders_user_id.7d129d0209
[0m19:43:25.117968 [debug] [Thread-3 (]: Writing injected SQL for node "test.zomato.not_null_stg_orders_order_id.81cfe2fe64"
[0m19:43:25.123091 [debug] [Thread-8 (]: Writing injected SQL for node "test.zomato.not_null_stg_orders_r_id.902d9e6a31"
[0m19:43:25.133543 [debug] [Thread-5 (]: Writing injected SQL for node "test.zomato.not_null_stg_orders_user_id.7d129d0209"
[0m19:43:25.137833 [debug] [Thread-6 (]: Sending event: {'category': 'dbt', 'action': 'run_model', 'label': '61b7741c-e6f6-439c-92b2-780b0717e8d4', 'context': [<snowplow_tracker.self_describing_json.SelfDescribingJson object at 0x7f6e3b809160>]}
[0m19:43:25.139325 [debug] [Thread-2 (]: Sending event: {'category': 'dbt', 'action': 'run_model', 'label': '61b7741c-e6f6-439c-92b2-780b0717e8d4', 'context': [<snowplow_tracker.self_describing_json.SelfDescribingJson object at 0x7f6e3b701850>]}
[0m19:43:25.140974 [info ] [Thread-6 (]: 6 of 32 OK created sql view model staging.stg_restaurants ...................... [[32mSUCCESS 1[0m in 1.90s]
[0m19:43:25.142664 [info ] [Thread-2 (]: 2 of 32 OK created sql view model staging.stg_food ............................. [[32mSUCCESS 1[0m in 1.91s]
[0m19:43:25.144827 [debug] [Thread-6 (]: Finished running node model.zomato.stg_restaurants
[0m19:43:25.145808 [debug] [Thread-3 (]: Began executing node test.zomato.not_null_stg_orders_order_id.81cfe2fe64
[0m19:43:25.146593 [debug] [Thread-5 (]: Began executing node test.zomato.not_null_stg_orders_user_id.7d129d0209
[0m19:43:25.147585 [debug] [Thread-2 (]: Finished running node model.zomato.stg_food
[0m19:43:25.148257 [debug] [Thread-8 (]: Began executing node test.zomato.not_null_stg_orders_r_id.902d9e6a31
[0m19:43:25.149364 [debug] [Thread-6 (]: Began running node test.zomato.unique_stg_orders_order_id.e3b841c71a
[0m19:43:25.194143 [debug] [Thread-3 (]: Writing runtime sql for node "test.zomato.not_null_stg_orders_order_id.81cfe2fe64"
[0m19:43:25.210546 [debug] [Thread-5 (]: Writing runtime sql for node "test.zomato.not_null_stg_orders_user_id.7d129d0209"
[0m19:43:25.212802 [debug] [Thread-2 (]: Began running node test.zomato.not_null_stg_users_user_id.980dfc1b77
[0m19:43:25.215348 [debug] [Thread-7 (]: Sending event: {'category': 'dbt', 'action': 'run_model', 'label': '61b7741c-e6f6-439c-92b2-780b0717e8d4', 'context': [<snowplow_tracker.self_describing_json.SelfDescribingJson object at 0x7f6df8373d40>]}
[0m19:43:25.216867 [debug] [Thread-4 (]: Sending event: {'category': 'dbt', 'action': 'run_model', 'label': '61b7741c-e6f6-439c-92b2-780b0717e8d4', 'context': [<snowplow_tracker.self_describing_json.SelfDescribingJson object at 0x7f6e3d94f470>]}
[0m19:43:25.219922 [debug] [Thread-8 (]: Writing runtime sql for node "test.zomato.not_null_stg_orders_r_id.902d9e6a31"
[0m19:43:25.221064 [info ] [Thread-6 (]: 12 of 32 START test unique_stg_orders_order_id ................................. [RUN]
[0m19:43:25.223999 [info ] [Thread-2 (]: 13 of 32 START test not_null_stg_users_user_id ................................. [RUN]
[0m19:43:25.225379 [info ] [Thread-7 (]: 7 of 32 OK created sql view model staging.stg_reviews .......................... [[32mSUCCESS 1[0m in 1.98s]
[0m19:43:25.227168 [info ] [Thread-4 (]: 4 of 32 OK created sql view model staging.stg_order_items ...................... [[32mSUCCESS 1[0m in 1.98s]
[0m19:43:25.229492 [debug] [Thread-3 (]: Using snowflake connection "test.zomato.not_null_stg_orders_order_id.81cfe2fe64"
[0m19:43:25.230750 [debug] [Thread-6 (]: Re-using an available connection from the pool (formerly model.zomato.stg_restaurants, now test.zomato.unique_stg_orders_order_id.e3b841c71a)
[0m19:43:25.232427 [debug] [Thread-5 (]: Using snowflake connection "test.zomato.not_null_stg_orders_user_id.7d129d0209"
[0m19:43:25.233704 [debug] [Thread-2 (]: Re-using an available connection from the pool (formerly model.zomato.stg_food, now test.zomato.not_null_stg_users_user_id.980dfc1b77)
[0m19:43:25.236276 [debug] [Thread-7 (]: Finished running node model.zomato.stg_reviews
[0m19:43:25.238982 [debug] [Thread-8 (]: Using snowflake connection "test.zomato.not_null_stg_orders_r_id.902d9e6a31"
[0m19:43:25.240184 [debug] [Thread-4 (]: Finished running node model.zomato.stg_order_items
[0m19:43:25.241382 [debug] [Thread-3 (]: On test.zomato.not_null_stg_orders_order_id.81cfe2fe64: /* {"app": "dbt", "dbt_version": "1.12.0", "profile_name": "zomato", "target_name": "dev", "node_id": "test.zomato.not_null_stg_orders_order_id.81cfe2fe64"} */
select
      count(*) as failures,
      count(*) != 0 as should_warn,
      count(*) != 0 as should_error
    from (
      
    
  
    
    



select order_id
from ZOMATO.staging.stg_orders
where order_id is null



  
  
      
    ) dbt_internal_test
[0m19:43:25.242595 [debug] [Thread-6 (]: Began compiling node test.zomato.unique_stg_orders_order_id.e3b841c71a
[0m19:43:25.243711 [debug] [Thread-5 (]: On test.zomato.not_null_stg_orders_user_id.7d129d0209: /* {"app": "dbt", "dbt_version": "1.12.0", "profile_name": "zomato", "target_name": "dev", "node_id": "test.zomato.not_null_stg_orders_user_id.7d129d0209"} */
select
      count(*) as failures,
      count(*) != 0 as should_warn,
      count(*) != 0 as should_error
    from (
      
    
  
    
    



select user_id
from ZOMATO.staging.stg_orders
where user_id is null



  
  
      
    ) dbt_internal_test
[0m19:43:25.244742 [debug] [Thread-2 (]: Began compiling node test.zomato.not_null_stg_users_user_id.980dfc1b77
[0m19:43:25.245854 [debug] [Thread-7 (]: Began running node test.zomato.unique_stg_users_user_id.c2ff477e6b
[0m19:43:25.247787 [debug] [Thread-8 (]: On test.zomato.not_null_stg_orders_r_id.902d9e6a31: /* {"app": "dbt", "dbt_version": "1.12.0", "profile_name": "zomato", "target_name": "dev", "node_id": "test.zomato.not_null_stg_orders_r_id.902d9e6a31"} */
select
      count(*) as failures,
      count(*) != 0 as should_warn,
      count(*) != 0 as should_error
    from (
      
    
  
    
    



select r_id
from ZOMATO.staging.stg_orders
where r_id is null



  
  
      
    ) dbt_internal_test
[0m19:43:25.249312 [debug] [Thread-4 (]: Began running node test.zomato.not_null_stg_restaurants_id.732688e26a
[0m19:43:25.250772 [debug] [Thread-3 (]: Opening a new connection, currently in state closed
[0m19:43:25.262741 [debug] [Thread-5 (]: Opening a new connection, currently in state closed
[0m19:43:25.266652 [debug] [Thread-6 (]: Writing injected SQL for node "test.zomato.unique_stg_orders_order_id.e3b841c71a"
[0m19:43:25.277296 [debug] [Thread-2 (]: Writing injected SQL for node "test.zomato.not_null_stg_users_user_id.980dfc1b77"
[0m19:43:25.278188 [info ] [Thread-7 (]: 14 of 32 START test unique_stg_users_user_id ................................... [RUN]
[0m19:43:25.279631 [debug] [Thread-8 (]: Opening a new connection, currently in state closed
[0m19:43:25.280750 [info ] [Thread-4 (]: 15 of 32 START test not_null_stg_restaurants_id ................................ [RUN]
[0m19:43:25.325223 [debug] [Thread-7 (]: Re-using an available connection from the pool (formerly model.zomato.stg_reviews, now test.zomato.unique_stg_users_user_id.c2ff477e6b)
[0m19:43:25.332709 [debug] [Thread-6 (]: Began executing node test.zomato.unique_stg_orders_order_id.e3b841c71a
[0m19:43:25.345948 [debug] [Thread-4 (]: Re-using an available connection from the pool (formerly model.zomato.stg_order_items, now test.zomato.not_null_stg_restaurants_id.732688e26a)
[0m19:43:25.351417 [debug] [Thread-7 (]: Began compiling node test.zomato.unique_stg_users_user_id.c2ff477e6b
[0m19:43:25.362030 [debug] [Thread-6 (]: Writing runtime sql for node "test.zomato.unique_stg_orders_order_id.e3b841c71a"
[0m19:43:25.362886 [debug] [Thread-2 (]: Began executing node test.zomato.not_null_stg_users_user_id.980dfc1b77
[0m19:43:25.367073 [debug] [Thread-4 (]: Began compiling node test.zomato.not_null_stg_restaurants_id.732688e26a
[0m19:43:25.386959 [debug] [Thread-7 (]: Writing injected SQL for node "test.zomato.unique_stg_users_user_id.c2ff477e6b"
[0m19:43:25.396107 [debug] [Thread-2 (]: Writing runtime sql for node "test.zomato.not_null_stg_users_user_id.980dfc1b77"
[0m19:43:25.428373 [debug] [Thread-4 (]: Writing injected SQL for node "test.zomato.not_null_stg_restaurants_id.732688e26a"
[0m19:43:25.441187 [debug] [Thread-7 (]: Began executing node test.zomato.unique_stg_users_user_id.c2ff477e6b
[0m19:43:25.442948 [debug] [Thread-6 (]: Using snowflake connection "test.zomato.unique_stg_orders_order_id.e3b841c71a"
[0m19:43:25.448725 [debug] [Thread-7 (]: Writing runtime sql for node "test.zomato.unique_stg_users_user_id.c2ff477e6b"
[0m19:43:25.450232 [debug] [Thread-1 (]: Sending event: {'category': 'dbt', 'action': 'run_model', 'label': '61b7741c-e6f6-439c-92b2-780b0717e8d4', 'context': [<snowplow_tracker.self_describing_json.SelfDescribingJson object at 0x7f6dd99515b0>]}
[0m19:43:25.452621 [debug] [Thread-6 (]: On test.zomato.unique_stg_orders_order_id.e3b841c71a: /* {"app": "dbt", "dbt_version": "1.12.0", "profile_name": "zomato", "target_name": "dev", "node_id": "test.zomato.unique_stg_orders_order_id.e3b841c71a"} */
select
      count(*) as failures,
      count(*) != 0 as should_warn,
      count(*) != 0 as should_error
    from (
      
    
  
    
    

select
    order_id as unique_field,
    count(*) as n_records

from ZOMATO.staging.stg_orders
where order_id is not null
group by order_id
having count(*) > 1



  
  
      
    ) dbt_internal_test
[0m19:43:25.461976 [debug] [Thread-4 (]: Began executing node test.zomato.not_null_stg_restaurants_id.732688e26a
[0m19:43:25.471102 [debug] [Thread-2 (]: Using snowflake connection "test.zomato.not_null_stg_users_user_id.980dfc1b77"
[0m19:43:25.480742 [debug] [Thread-7 (]: Using snowflake connection "test.zomato.unique_stg_users_user_id.c2ff477e6b"
[0m19:43:25.475832 [info ] [Thread-1 (]: 1 of 32 OK created sql table model marts.dim_date .............................. [[32mSUCCESS 1[0m in 2.22s]
[0m19:43:25.484922 [debug] [Thread-6 (]: Opening a new connection, currently in state closed
[0m19:43:25.488560 [debug] [Thread-4 (]: Writing runtime sql for node "test.zomato.not_null_stg_restaurants_id.732688e26a"
[0m19:43:25.491114 [debug] [Thread-2 (]: On test.zomato.not_null_stg_users_user_id.980dfc1b77: /* {"app": "dbt", "dbt_version": "1.12.0", "profile_name": "zomato", "target_name": "dev", "node_id": "test.zomato.not_null_stg_users_user_id.980dfc1b77"} */
select
      count(*) as failures,
      count(*) != 0 as should_warn,
      count(*) != 0 as should_error
    from (
      
    
  
    
    



select user_id
from ZOMATO.staging.stg_users
where user_id is null



  
  
      
    ) dbt_internal_test
[0m19:43:25.493745 [debug] [Thread-7 (]: On test.zomato.unique_stg_users_user_id.c2ff477e6b: /* {"app": "dbt", "dbt_version": "1.12.0", "profile_name": "zomato", "target_name": "dev", "node_id": "test.zomato.unique_stg_users_user_id.c2ff477e6b"} */
select
      count(*) as failures,
      count(*) != 0 as should_warn,
      count(*) != 0 as should_error
    from (
      
    
  
    
    

select
    user_id as unique_field,
    count(*) as n_records

from ZOMATO.staging.stg_users
where user_id is not null
group by user_id
having count(*) > 1



  
  
      
    ) dbt_internal_test
[0m19:43:25.495606 [debug] [Thread-1 (]: Finished running node model.zomato.dim_date
[0m19:43:25.520646 [debug] [Thread-2 (]: Opening a new connection, currently in state closed
[0m19:43:25.529750 [debug] [Thread-7 (]: Opening a new connection, currently in state closed
[0m19:43:25.533586 [debug] [Thread-1 (]: Began running node test.zomato.unique_stg_restaurants_id.43c737c387
[0m19:43:25.536915 [debug] [Thread-4 (]: Using snowflake connection "test.zomato.not_null_stg_restaurants_id.732688e26a"
[0m19:43:25.573722 [info ] [Thread-1 (]: 16 of 32 START test unique_stg_restaurants_id .................................. [RUN]
[0m19:43:25.576939 [debug] [Thread-4 (]: On test.zomato.not_null_stg_restaurants_id.732688e26a: /* {"app": "dbt", "dbt_version": "1.12.0", "profile_name": "zomato", "target_name": "dev", "node_id": "test.zomato.not_null_stg_restaurants_id.732688e26a"} */
select
      count(*) as failures,
      count(*) != 0 as should_warn,
      count(*) != 0 as should_error
    from (
      
    
  
    
    



select id
from ZOMATO.staging.stg_restaurants
where id is null



  
  
      
    ) dbt_internal_test
[0m19:43:25.609042 [debug] [Thread-1 (]: Re-using an available connection from the pool (formerly model.zomato.dim_date, now test.zomato.unique_stg_restaurants_id.43c737c387)
[0m19:43:25.612843 [debug] [Thread-4 (]: Opening a new connection, currently in state closed
[0m19:43:25.621030 [debug] [Thread-1 (]: Began compiling node test.zomato.unique_stg_restaurants_id.43c737c387
[0m19:43:25.677139 [debug] [Thread-1 (]: Writing injected SQL for node "test.zomato.unique_stg_restaurants_id.43c737c387"
[0m19:43:25.702894 [debug] [Thread-1 (]: Began executing node test.zomato.unique_stg_restaurants_id.43c737c387
[0m19:43:25.712913 [debug] [Thread-1 (]: Writing runtime sql for node "test.zomato.unique_stg_restaurants_id.43c737c387"
[0m19:43:25.736925 [debug] [Thread-1 (]: Using snowflake connection "test.zomato.unique_stg_restaurants_id.43c737c387"
[0m19:43:25.739838 [debug] [Thread-1 (]: On test.zomato.unique_stg_restaurants_id.43c737c387: /* {"app": "dbt", "dbt_version": "1.12.0", "profile_name": "zomato", "target_name": "dev", "node_id": "test.zomato.unique_stg_restaurants_id.43c737c387"} */
select
      count(*) as failures,
      count(*) != 0 as should_warn,
      count(*) != 0 as should_error
    from (
      
    
  
    
    

select
    id as unique_field,
    count(*) as n_records

from ZOMATO.staging.stg_restaurants
where id is not null
group by id
having count(*) > 1



  
  
      
    ) dbt_internal_test
[0m19:43:25.741721 [debug] [Thread-1 (]: Opening a new connection, currently in state closed
[0m19:43:26.345366 [debug] [Thread-8 (]: SQL status: SUCCESS 1 in 1.066 seconds
[0m19:43:26.354933 [debug] [Thread-8 (]: On test.zomato.not_null_stg_orders_r_id.902d9e6a31: Close
[0m19:43:26.360124 [debug] [Thread-3 (]: SQL status: SUCCESS 1 in 1.109 seconds
[0m19:43:26.361461 [debug] [Thread-5 (]: SQL status: SUCCESS 1 in 1.099 seconds
[0m19:43:26.365408 [debug] [Thread-3 (]: On test.zomato.not_null_stg_orders_order_id.81cfe2fe64: Close
[0m19:43:26.370452 [debug] [Thread-5 (]: On test.zomato.not_null_stg_orders_user_id.7d129d0209: Close
[0m19:43:26.387933 [debug] [Thread-2 (]: SQL status: SUCCESS 1 in 0.867 seconds
[0m19:43:26.391097 [debug] [Thread-2 (]: On test.zomato.not_null_stg_users_user_id.980dfc1b77: Close
[0m19:43:26.593260 [debug] [Thread-4 (]: SQL status: SUCCESS 1 in 0.980 seconds
[0m19:43:26.596897 [debug] [Thread-4 (]: On test.zomato.not_null_stg_restaurants_id.732688e26a: Close
[0m19:43:26.606359 [debug] [Thread-7 (]: SQL status: SUCCESS 1 in 1.077 seconds
[0m19:43:26.608096 [info ] [Thread-8 (]: 10 of 32 PASS not_null_stg_orders_r_id ......................................... [[32mPASS[0m in 1.52s]
[0m19:43:26.611798 [debug] [Thread-7 (]: On test.zomato.unique_stg_users_user_id.c2ff477e6b: Close
[0m19:43:26.614699 [debug] [Thread-8 (]: Finished running node test.zomato.not_null_stg_orders_r_id.902d9e6a31
[0m19:43:26.613378 [info ] [Thread-2 (]: 13 of 32 PASS not_null_stg_users_user_id ....................................... [[32mPASS[0m in 1.38s]
[0m19:43:26.618371 [debug] [Thread-8 (]: Began running node model.zomato.dim_food
[0m19:43:26.620698 [debug] [Thread-2 (]: Finished running node test.zomato.not_null_stg_users_user_id.980dfc1b77
[0m19:43:26.622988 [info ] [Thread-8 (]: 17 of 32 START sql table model marts.dim_food .................................. [RUN]
[0m19:43:26.624165 [debug] [Thread-2 (]: Began running node test.zomato.not_null_stg_reviews_review_id.943b8fc3e4
[0m19:43:26.625367 [debug] [Thread-8 (]: Re-using an available connection from the pool (formerly test.zomato.not_null_stg_orders_r_id.902d9e6a31, now model.zomato.dim_food)
[0m19:43:26.626457 [info ] [Thread-2 (]: 18 of 32 START test not_null_stg_reviews_review_id ............................. [RUN]
[0m19:43:26.627381 [debug] [Thread-8 (]: Began compiling node model.zomato.dim_food
[0m19:43:26.628624 [debug] [Thread-2 (]: Re-using an available connection from the pool (formerly test.zomato.not_null_stg_users_user_id.980dfc1b77, now test.zomato.not_null_stg_reviews_review_id.943b8fc3e4)
[0m19:43:26.631872 [debug] [Thread-8 (]: Writing injected SQL for node "model.zomato.dim_food"
[0m19:43:26.632843 [debug] [Thread-2 (]: Began compiling node test.zomato.not_null_stg_reviews_review_id.943b8fc3e4
[0m19:43:26.647962 [debug] [Thread-2 (]: Writing injected SQL for node "test.zomato.not_null_stg_reviews_review_id.943b8fc3e4"
[0m19:43:26.651644 [debug] [Thread-8 (]: Began executing node model.zomato.dim_food
[0m19:43:26.653194 [info ] [Thread-3 (]: 9 of 32 PASS not_null_stg_orders_order_id ...................................... [[32mPASS[0m in 1.56s]
[0m19:43:26.656921 [debug] [Thread-8 (]: Writing runtime sql for node "model.zomato.dim_food"
[0m19:43:26.658334 [info ] [Thread-5 (]: 11 of 32 PASS not_null_stg_orders_user_id ...................................... [[32mPASS[0m in 1.57s]
[0m19:43:26.659891 [debug] [Thread-3 (]: Finished running node test.zomato.not_null_stg_orders_order_id.81cfe2fe64
[0m19:43:26.661347 [debug] [Thread-2 (]: Began executing node test.zomato.not_null_stg_reviews_review_id.943b8fc3e4
[0m19:43:26.662551 [debug] [Thread-5 (]: Finished running node test.zomato.not_null_stg_orders_user_id.7d129d0209
[0m19:43:26.664132 [debug] [Thread-3 (]: Began running node test.zomato.unique_stg_reviews_review_id.9b6c259f3c
[0m19:43:26.667903 [debug] [Thread-2 (]: Writing runtime sql for node "test.zomato.not_null_stg_reviews_review_id.943b8fc3e4"
[0m19:43:26.669045 [debug] [Thread-5 (]: Began running node test.zomato.not_null_stg_order_items_order_item_id.26a7e2bc35
[0m19:43:26.670609 [debug] [Thread-8 (]: Using snowflake connection "model.zomato.dim_food"
[0m19:43:26.671391 [info ] [Thread-3 (]: 19 of 32 START test unique_stg_reviews_review_id ............................... [RUN]
[0m19:43:26.673709 [info ] [Thread-5 (]: 20 of 32 START test not_null_stg_order_items_order_item_id ..................... [RUN]
[0m19:43:26.674964 [debug] [Thread-8 (]: On model.zomato.dim_food: /* {"app": "dbt", "dbt_version": "1.12.0", "profile_name": "zomato", "target_name": "dev", "node_id": "model.zomato.dim_food"} */
create or replace transient table ZOMATO.marts.dim_food
         as
        (select
    f_id,
    item as food_name,
    veg_or_non_veg
from ZOMATO.staging.stg_food
        );
[0m19:43:26.676175 [debug] [Thread-3 (]: Re-using an available connection from the pool (formerly test.zomato.not_null_stg_orders_order_id.81cfe2fe64, now test.zomato.unique_stg_reviews_review_id.9b6c259f3c)
[0m19:43:26.677790 [debug] [Thread-2 (]: Using snowflake connection "test.zomato.not_null_stg_reviews_review_id.943b8fc3e4"
[0m19:43:26.678660 [debug] [Thread-5 (]: Re-using an available connection from the pool (formerly test.zomato.not_null_stg_orders_user_id.7d129d0209, now test.zomato.not_null_stg_order_items_order_item_id.26a7e2bc35)
[0m19:43:26.679675 [debug] [Thread-8 (]: Opening a new connection, currently in state closed
[0m19:43:26.680637 [debug] [Thread-3 (]: Began compiling node test.zomato.unique_stg_reviews_review_id.9b6c259f3c
[0m19:43:26.681733 [debug] [Thread-2 (]: On test.zomato.not_null_stg_reviews_review_id.943b8fc3e4: /* {"app": "dbt", "dbt_version": "1.12.0", "profile_name": "zomato", "target_name": "dev", "node_id": "test.zomato.not_null_stg_reviews_review_id.943b8fc3e4"} */
select
      count(*) as failures,
      count(*) != 0 as should_warn,
      count(*) != 0 as should_error
    from (
      
    
  
    
    



select review_id
from ZOMATO.staging.stg_reviews
where review_id is null



  
  
      
    ) dbt_internal_test
[0m19:43:26.682708 [debug] [Thread-5 (]: Began compiling node test.zomato.not_null_stg_order_items_order_item_id.26a7e2bc35
[0m19:43:26.709815 [debug] [Thread-3 (]: Writing injected SQL for node "test.zomato.unique_stg_reviews_review_id.9b6c259f3c"
[0m19:43:26.716719 [debug] [Thread-2 (]: Opening a new connection, currently in state closed
[0m19:43:26.736182 [debug] [Thread-5 (]: Writing injected SQL for node "test.zomato.not_null_stg_order_items_order_item_id.26a7e2bc35"
[0m19:43:26.763488 [debug] [Thread-6 (]: SQL status: SUCCESS 1 in 1.279 seconds
[0m19:43:26.772541 [debug] [Thread-3 (]: Began executing node test.zomato.unique_stg_reviews_review_id.9b6c259f3c
[0m19:43:26.787845 [debug] [Thread-6 (]: On test.zomato.unique_stg_orders_order_id.e3b841c71a: Close
[0m19:43:26.792514 [debug] [Thread-5 (]: Began executing node test.zomato.not_null_stg_order_items_order_item_id.26a7e2bc35
[0m19:43:26.795667 [debug] [Thread-3 (]: Writing runtime sql for node "test.zomato.unique_stg_reviews_review_id.9b6c259f3c"
[0m19:43:26.824592 [debug] [Thread-5 (]: Writing runtime sql for node "test.zomato.not_null_stg_order_items_order_item_id.26a7e2bc35"
[0m19:43:26.835015 [debug] [Thread-3 (]: Using snowflake connection "test.zomato.unique_stg_reviews_review_id.9b6c259f3c"
[0m19:43:26.836136 [debug] [Thread-3 (]: On test.zomato.unique_stg_reviews_review_id.9b6c259f3c: /* {"app": "dbt", "dbt_version": "1.12.0", "profile_name": "zomato", "target_name": "dev", "node_id": "test.zomato.unique_stg_reviews_review_id.9b6c259f3c"} */
select
      count(*) as failures,
      count(*) != 0 as should_warn,
      count(*) != 0 as should_error
    from (
      
    
  
    
    

select
    review_id as unique_field,
    count(*) as n_records

from ZOMATO.staging.stg_reviews
where review_id is not null
group by review_id
having count(*) > 1



  
  
      
    ) dbt_internal_test
[0m19:43:26.837145 [debug] [Thread-3 (]: Opening a new connection, currently in state closed
[0m19:43:26.842282 [debug] [Thread-5 (]: Using snowflake connection "test.zomato.not_null_stg_order_items_order_item_id.26a7e2bc35"
[0m19:43:26.850611 [debug] [Thread-5 (]: On test.zomato.not_null_stg_order_items_order_item_id.26a7e2bc35: /* {"app": "dbt", "dbt_version": "1.12.0", "profile_name": "zomato", "target_name": "dev", "node_id": "test.zomato.not_null_stg_order_items_order_item_id.26a7e2bc35"} */
select
      count(*) as failures,
      count(*) != 0 as should_warn,
      count(*) != 0 as should_error
    from (
      
    
  
    
    



select order_item_id
from ZOMATO.staging.stg_order_items
where order_item_id is null



  
  
      
    ) dbt_internal_test
[0m19:43:26.858781 [debug] [Thread-5 (]: Opening a new connection, currently in state closed
[0m19:43:26.898239 [debug] [Thread-1 (]: SQL status: SUCCESS 1 in 1.157 seconds
[0m19:43:26.902538 [debug] [Thread-1 (]: On test.zomato.unique_stg_restaurants_id.43c737c387: Close
[0m19:43:26.973009 [info ] [Thread-7 (]: 14 of 32 PASS unique_stg_users_user_id ......................................... [[32mPASS[0m in 1.65s]
[0m19:43:26.974367 [debug] [Thread-7 (]: Finished running node test.zomato.unique_stg_users_user_id.c2ff477e6b
[0m19:43:26.975301 [debug] [Thread-7 (]: Began running node test.zomato.unique_stg_order_items_order_item_id.90e333a108
[0m19:43:26.976434 [info ] [Thread-7 (]: 21 of 32 START test unique_stg_order_items_order_item_id ....................... [RUN]
[0m19:43:26.977644 [debug] [Thread-7 (]: Re-using an available connection from the pool (formerly test.zomato.unique_stg_users_user_id.c2ff477e6b, now test.zomato.unique_stg_order_items_order_item_id.90e333a108)
[0m19:43:26.978570 [debug] [Thread-7 (]: Began compiling node test.zomato.unique_stg_order_items_order_item_id.90e333a108
[0m19:43:26.989062 [debug] [Thread-7 (]: Writing injected SQL for node "test.zomato.unique_stg_order_items_order_item_id.90e333a108"
[0m19:43:26.992302 [info ] [Thread-4 (]: 15 of 32 PASS not_null_stg_restaurants_id ...................................... [[32mPASS[0m in 1.65s]
[0m19:43:26.993966 [debug] [Thread-4 (]: Finished running node test.zomato.not_null_stg_restaurants_id.732688e26a
[0m19:43:26.994905 [debug] [Thread-4 (]: Began running node model.zomato.dim_customer
[0m19:43:26.996572 [debug] [Thread-7 (]: Began executing node test.zomato.unique_stg_order_items_order_item_id.90e333a108
[0m19:43:26.995939 [info ] [Thread-4 (]: 22 of 32 START sql table model marts.dim_customer .............................. [RUN]
[0m19:43:26.999760 [debug] [Thread-7 (]: Writing runtime sql for node "test.zomato.unique_stg_order_items_order_item_id.90e333a108"
[0m19:43:27.000752 [debug] [Thread-4 (]: Re-using an available connection from the pool (formerly test.zomato.not_null_stg_restaurants_id.732688e26a, now model.zomato.dim_customer)
[0m19:43:27.002080 [debug] [Thread-4 (]: Began compiling node model.zomato.dim_customer
[0m19:43:27.005105 [debug] [Thread-4 (]: Writing injected SQL for node "model.zomato.dim_customer"
[0m19:43:27.007250 [debug] [Thread-7 (]: Using snowflake connection "test.zomato.unique_stg_order_items_order_item_id.90e333a108"
[0m19:43:27.008220 [debug] [Thread-7 (]: On test.zomato.unique_stg_order_items_order_item_id.90e333a108: /* {"app": "dbt", "dbt_version": "1.12.0", "profile_name": "zomato", "target_name": "dev", "node_id": "test.zomato.unique_stg_order_items_order_item_id.90e333a108"} */
select
      count(*) as failures,
      count(*) != 0 as should_warn,
      count(*) != 0 as should_error
    from (
      
    
  
    
    

select
    order_item_id as unique_field,
    count(*) as n_records

from ZOMATO.staging.stg_order_items
where order_item_id is not null
group by order_item_id
having count(*) > 1



  
  
      
    ) dbt_internal_test
[0m19:43:27.009155 [debug] [Thread-7 (]: Opening a new connection, currently in state closed
[0m19:43:27.010159 [debug] [Thread-4 (]: Began executing node model.zomato.dim_customer
[0m19:43:27.018418 [debug] [Thread-4 (]: Writing runtime sql for node "model.zomato.dim_customer"
[0m19:43:27.060417 [debug] [Thread-4 (]: Using snowflake connection "model.zomato.dim_customer"
[0m19:43:27.062403 [debug] [Thread-4 (]: On model.zomato.dim_customer: /* {"app": "dbt", "dbt_version": "1.12.0", "profile_name": "zomato", "target_name": "dev", "node_id": "model.zomato.dim_customer"} */
create or replace transient table ZOMATO.marts.dim_customer
         as
        (select
    user_id as customer_id,
    name as customer_name,
    email,
    age,
    CASE WHEN age < 25 then 'Gen Z'
         WHEN age < 40 then 'Millennial'
         WHEN age < 55 then 'Gen X'
         WHEN age is null then 'Unknown'
         ELSE 'Boomer' END as age_segment,
    gender,
    marital_status,
    occupation,
    monthly_income,
    education,
    family_size
from ZOMATO.staging.stg_users
        );
[0m19:43:27.063533 [debug] [Thread-4 (]: Opening a new connection, currently in state closed
[0m19:43:27.103018 [info ] [Thread-6 (]: 12 of 32 PASS unique_stg_orders_order_id ....................................... [[32mPASS[0m in 1.87s]
[0m19:43:27.107041 [debug] [Thread-6 (]: Finished running node test.zomato.unique_stg_orders_order_id.e3b841c71a
[0m19:43:27.128292 [debug] [Thread-6 (]: Began running node model.zomato.fct_orders
[0m19:43:27.130838 [info ] [Thread-6 (]: 23 of 32 START sql incremental model marts.fct_orders .......................... [RUN]
[0m19:43:27.133934 [debug] [Thread-6 (]: Re-using an available connection from the pool (formerly test.zomato.unique_stg_orders_order_id.e3b841c71a, now model.zomato.fct_orders)
[0m19:43:27.138074 [debug] [Thread-6 (]: Began compiling node model.zomato.fct_orders
[0m19:43:27.151642 [debug] [Thread-6 (]: Writing injected SQL for node "model.zomato.fct_orders"
[0m19:43:27.175184 [debug] [Thread-6 (]: Began executing node model.zomato.fct_orders
[0m19:43:27.206391 [info ] [Thread-1 (]: 16 of 32 PASS unique_stg_restaurants_id ........................................ [[32mPASS[0m in 1.60s]
[0m19:43:27.223999 [debug] [Thread-1 (]: Finished running node test.zomato.unique_stg_restaurants_id.43c737c387
[0m19:43:27.236122 [debug] [Thread-6 (]: Using snowflake connection "model.zomato.fct_orders"
[0m19:43:27.237260 [debug] [Thread-6 (]: On model.zomato.fct_orders: /* {"app": "dbt", "dbt_version": "1.12.0", "profile_name": "zomato", "target_name": "dev", "node_id": "model.zomato.fct_orders"} */
create or replace  temporary view ZOMATO.marts.fct_orders__dbt_tmp
  
   as (
    
select
    order_id,
    order_timestamp,
    order_date,
    user_id as customer_id,
    r_id as restaurant_id,
    restaurant_city as city,
    cuisine,
    payment_method,
    order_status,
    case when order_status = 'Delivered' then true else false end as is_delivered,
    items_count,
    sales_qty,
    subtotal,
    discount,
    delivery_fee,
    gst,
    sales_amount,
    customer_rating,
    delivery_time_min
from ZOMATO.staging.stg_orders

  where order_timestamp > (select coalesce(max(order_timestamp),'1900-01-01'::timestamp) from ZOMATO.marts.fct_orders)

  );
[0m19:43:27.239036 [debug] [Thread-6 (]: Opening a new connection, currently in state closed
[0m19:43:27.238238 [debug] [Thread-1 (]: Began running node model.zomato.dim_restaurants
[0m19:43:27.247106 [info ] [Thread-1 (]: 24 of 32 START sql table model marts.dim_restaurants ........................... [RUN]
[0m19:43:27.259281 [debug] [Thread-1 (]: Re-using an available connection from the pool (formerly test.zomato.unique_stg_restaurants_id.43c737c387, now model.zomato.dim_restaurants)
[0m19:43:27.264938 [debug] [Thread-1 (]: Began compiling node model.zomato.dim_restaurants
[0m19:43:27.273255 [debug] [Thread-1 (]: Writing injected SQL for node "model.zomato.dim_restaurants"
[0m19:43:27.287129 [debug] [Thread-1 (]: Began executing node model.zomato.dim_restaurants
[0m19:43:27.292387 [debug] [Thread-1 (]: Writing runtime sql for node "model.zomato.dim_restaurants"
[0m19:43:27.325202 [debug] [Thread-1 (]: Using snowflake connection "model.zomato.dim_restaurants"
[0m19:43:27.326427 [debug] [Thread-1 (]: On model.zomato.dim_restaurants: /* {"app": "dbt", "dbt_version": "1.12.0", "profile_name": "zomato", "target_name": "dev", "node_id": "model.zomato.dim_restaurants"} */
create or replace transient table ZOMATO.marts.dim_restaurants
         as
        (select
    id as restaurant_id,
    name as restaurant_name,
    city,
    cuisine,
    rating,
    rating_count,
    cost as cost_for_two
from ZOMATO.staging.stg_restaurants
        );
[0m19:43:27.327492 [debug] [Thread-1 (]: Opening a new connection, currently in state closed
[0m19:43:27.618076 [debug] [Thread-5 (]: SQL status: SUCCESS 1 in 0.759 seconds
[0m19:43:27.621490 [debug] [Thread-5 (]: On test.zomato.not_null_stg_order_items_order_item_id.26a7e2bc35: Close
[0m19:43:27.656609 [debug] [Thread-2 (]: SQL status: SUCCESS 1 in 0.940 seconds
[0m19:43:27.659740 [debug] [Thread-2 (]: On test.zomato.not_null_stg_reviews_review_id.943b8fc3e4: Close
[0m19:43:27.918018 [info ] [Thread-2 (]: 18 of 32 PASS not_null_stg_reviews_review_id ................................... [[32mPASS[0m in 1.29s]
[0m19:43:27.919909 [info ] [Thread-5 (]: 20 of 32 PASS not_null_stg_order_items_order_item_id ........................... [[32mPASS[0m in 1.24s]
[0m19:43:27.921622 [debug] [Thread-2 (]: Finished running node test.zomato.not_null_stg_reviews_review_id.943b8fc3e4
[0m19:43:27.923958 [debug] [Thread-3 (]: SQL status: SUCCESS 1 in 1.087 seconds
[0m19:43:27.925097 [debug] [Thread-5 (]: Finished running node test.zomato.not_null_stg_order_items_order_item_id.26a7e2bc35
[0m19:43:27.928910 [debug] [Thread-3 (]: On test.zomato.unique_stg_reviews_review_id.9b6c259f3c: Close
[0m19:43:28.073664 [debug] [Thread-6 (]: SQL status: SUCCESS 1 in 0.835 seconds
[0m19:43:28.085064 [debug] [Thread-6 (]: Using snowflake connection "model.zomato.fct_orders"
[0m19:43:28.085975 [debug] [Thread-6 (]: On model.zomato.fct_orders: /* {"app": "dbt", "dbt_version": "1.12.0", "profile_name": "zomato", "target_name": "dev", "node_id": "model.zomato.fct_orders"} */
describe table ZOMATO.marts.fct_orders__dbt_tmp
[0m19:43:28.205953 [info ] [Thread-3 (]: 19 of 32 PASS unique_stg_reviews_review_id ..................................... [[32mPASS[0m in 1.53s]
[0m19:43:28.207775 [debug] [Thread-3 (]: Finished running node test.zomato.unique_stg_reviews_review_id.9b6c259f3c
[0m19:43:28.235006 [debug] [Thread-6 (]: SQL status: SUCCESS 19 in 0.148 seconds
[0m19:43:28.243474 [debug] [Thread-6 (]: Using snowflake connection "model.zomato.fct_orders"
[0m19:43:28.244644 [debug] [Thread-6 (]: On model.zomato.fct_orders: /* {"app": "dbt", "dbt_version": "1.12.0", "profile_name": "zomato", "target_name": "dev", "node_id": "model.zomato.fct_orders"} */
describe table ZOMATO.marts.fct_orders
[0m19:43:28.455198 [debug] [Thread-6 (]: SQL status: SUCCESS 19 in 0.209 seconds
[0m19:43:28.456926 [debug] [Thread-7 (]: SQL status: SUCCESS 1 in 1.448 seconds
[0m19:43:28.470998 [debug] [Thread-7 (]: On test.zomato.unique_stg_order_items_order_item_id.90e333a108: Close
[0m19:43:28.491581 [debug] [Thread-6 (]: Using snowflake connection "model.zomato.fct_orders"
[0m19:43:28.492812 [debug] [Thread-6 (]: On model.zomato.fct_orders: /* {"app": "dbt", "dbt_version": "1.12.0", "profile_name": "zomato", "target_name": "dev", "node_id": "model.zomato.fct_orders"} */
describe table ZOMATO.marts.fct_orders__dbt_tmp
[0m19:43:28.645581 [debug] [Thread-6 (]: SQL status: SUCCESS 19 in 0.151 seconds
[0m19:43:28.666024 [debug] [Thread-6 (]: Using snowflake connection "model.zomato.fct_orders"
[0m19:43:28.667328 [debug] [Thread-6 (]: On model.zomato.fct_orders: /* {"app": "dbt", "dbt_version": "1.12.0", "profile_name": "zomato", "target_name": "dev", "node_id": "model.zomato.fct_orders"} */
describe table "ZOMATO"."MARTS"."FCT_ORDERS"
[0m19:43:28.713153 [info ] [Thread-7 (]: 21 of 32 PASS unique_stg_order_items_order_item_id ............................. [[32mPASS[0m in 1.74s]
[0m19:43:28.714820 [debug] [Thread-7 (]: Finished running node test.zomato.unique_stg_order_items_order_item_id.90e333a108
[0m19:43:28.716571 [debug] [Thread-2 (]: Began running node model.zomato.fact_order_items
[0m19:43:28.717703 [info ] [Thread-2 (]: 25 of 32 START sql incremental model marts.fact_order_items .................... [RUN]
[0m19:43:28.718840 [debug] [Thread-2 (]: Re-using an available connection from the pool (formerly test.zomato.not_null_stg_reviews_review_id.943b8fc3e4, now model.zomato.fact_order_items)
[0m19:43:28.719730 [debug] [Thread-2 (]: Began compiling node model.zomato.fact_order_items
[0m19:43:28.724749 [debug] [Thread-2 (]: Writing injected SQL for node "model.zomato.fact_order_items"
[0m19:43:28.727164 [debug] [Thread-2 (]: Began executing node model.zomato.fact_order_items
[0m19:43:28.733025 [debug] [Thread-2 (]: Using snowflake connection "model.zomato.fact_order_items"
[0m19:43:28.734209 [debug] [Thread-2 (]: On model.zomato.fact_order_items: /* {"app": "dbt", "dbt_version": "1.12.0", "profile_name": "zomato", "target_name": "dev", "node_id": "model.zomato.fact_order_items"} */
create or replace  temporary view ZOMATO.marts.fact_order_items__dbt_tmp
  
   as (
    
select
    oi.order_item_id,
    oi.order_id,
    oi.r_id as restaurant_id,
    oi.f_id,
    o.order_timestamp as order_ts,
    o.order_date,
    o.restaurant_city as city,
    oi.price,
    oi.quantity,
    oi.line_amount
from ZOMATO.staging.stg_order_items oi
inner join ZOMATO.staging.stg_orders o using (order_id)

  where o.order_timestamp > (select coalesce(max(order_ts),'1900-01-01'::timestamp) from ZOMATO.marts.fact_order_items)

  );
[0m19:43:28.736200 [debug] [Thread-8 (]: SQL status: SUCCESS 1 in 2.057 seconds
[0m19:43:28.736947 [debug] [Thread-2 (]: Opening a new connection, currently in state closed
[0m19:43:28.741342 [debug] [Thread-8 (]: On model.zomato.dim_food: Close
[0m19:43:28.762236 [debug] [Thread-4 (]: SQL status: SUCCESS 1 in 1.699 seconds
[0m19:43:28.766160 [debug] [Thread-1 (]: SQL status: SUCCESS 1 in 1.439 seconds
[0m19:43:28.770030 [debug] [Thread-4 (]: On model.zomato.dim_customer: Close
[0m19:43:28.778421 [debug] [Thread-1 (]: On model.zomato.dim_restaurants: Close
[0m19:43:28.865975 [debug] [Thread-6 (]: SQL status: SUCCESS 19 in 0.197 seconds
[0m19:43:28.904546 [debug] [Thread-6 (]: 
    In "ZOMATO"."MARTS"."FCT_ORDERS":
        Schema changed: False
        Source columns not in target: []
        Target columns not in source: []
        New column types: []
  
[0m19:43:28.965966 [debug] [Thread-6 (]: Writing runtime sql for node "model.zomato.fct_orders"
[0m19:43:28.971147 [debug] [Thread-6 (]: Using snowflake connection "model.zomato.fct_orders"
[0m19:43:28.972094 [debug] [Thread-6 (]: On model.zomato.fct_orders: /* {"app": "dbt", "dbt_version": "1.12.0", "profile_name": "zomato", "target_name": "dev", "node_id": "model.zomato.fct_orders"} */
-- back compat for old kwarg name
  
  begin;
[0m19:43:29.095484 [debug] [Thread-8 (]: Sending event: {'category': 'dbt', 'action': 'run_model', 'label': '61b7741c-e6f6-439c-92b2-780b0717e8d4', 'context': [<snowplow_tracker.self_describing_json.SelfDescribingJson object at 0x7f6e39be0aa0>]}
[0m19:43:29.098470 [info ] [Thread-8 (]: 17 of 32 OK created sql table model marts.dim_food ............................. [[32mSUCCESS 1[0m in 2.47s]
[0m19:43:29.100377 [debug] [Thread-1 (]: Sending event: {'category': 'dbt', 'action': 'run_model', 'label': '61b7741c-e6f6-439c-92b2-780b0717e8d4', 'context': [<snowplow_tracker.self_describing_json.SelfDescribingJson object at 0x7f6e39b78e00>]}
[0m19:43:29.101691 [debug] [Thread-8 (]: Finished running node model.zomato.dim_food
[0m19:43:29.104059 [info ] [Thread-1 (]: 24 of 32 OK created sql table model marts.dim_restaurants ...................... [[32mSUCCESS 1[0m in 1.84s]
[0m19:43:29.106237 [debug] [Thread-1 (]: Finished running node model.zomato.dim_restaurants
[0m19:43:29.107700 [debug] [Thread-4 (]: Sending event: {'category': 'dbt', 'action': 'run_model', 'label': '61b7741c-e6f6-439c-92b2-780b0717e8d4', 'context': [<snowplow_tracker.self_describing_json.SelfDescribingJson object at 0x7f6e3b5f62a0>]}
[0m19:43:29.109310 [info ] [Thread-4 (]: 22 of 32 OK created sql table model marts.dim_customer ......................... [[32mSUCCESS 1[0m in 2.11s]
[0m19:43:29.110736 [debug] [Thread-4 (]: Finished running node model.zomato.dim_customer
[0m19:43:29.115904 [debug] [Thread-6 (]: SQL status: SUCCESS 1 in 0.143 seconds
[0m19:43:29.116888 [debug] [Thread-6 (]: Using snowflake connection "model.zomato.fct_orders"
[0m19:43:29.118015 [debug] [Thread-6 (]: On model.zomato.fct_orders: /* {"app": "dbt", "dbt_version": "1.12.0", "profile_name": "zomato", "target_name": "dev", "node_id": "model.zomato.fct_orders"} */
merge into ZOMATO.marts.fct_orders as DBT_INTERNAL_DEST
        using ZOMATO.marts.fct_orders__dbt_tmp as DBT_INTERNAL_SOURCE
        on ((DBT_INTERNAL_SOURCE.order_id = DBT_INTERNAL_DEST.order_id))

    
    when matched then update set
        "ORDER_ID" = DBT_INTERNAL_SOURCE."ORDER_ID","ORDER_TIMESTAMP" = DBT_INTERNAL_SOURCE."ORDER_TIMESTAMP","ORDER_DATE" = DBT_INTERNAL_SOURCE."ORDER_DATE","CUSTOMER_ID" = DBT_INTERNAL_SOURCE."CUSTOMER_ID","RESTAURANT_ID" = DBT_INTERNAL_SOURCE."RESTAURANT_ID","CITY" = DBT_INTERNAL_SOURCE."CITY","CUISINE" = DBT_INTERNAL_SOURCE."CUISINE","PAYMENT_METHOD" = DBT_INTERNAL_SOURCE."PAYMENT_METHOD","ORDER_STATUS" = DBT_INTERNAL_SOURCE."ORDER_STATUS","IS_DELIVERED" = DBT_INTERNAL_SOURCE."IS_DELIVERED","ITEMS_COUNT" = DBT_INTERNAL_SOURCE."ITEMS_COUNT","SALES_QTY" = DBT_INTERNAL_SOURCE."SALES_QTY","SUBTOTAL" = DBT_INTERNAL_SOURCE."SUBTOTAL","DISCOUNT" = DBT_INTERNAL_SOURCE."DISCOUNT","DELIVERY_FEE" = DBT_INTERNAL_SOURCE."DELIVERY_FEE","GST" = DBT_INTERNAL_SOURCE."GST","SALES_AMOUNT" = DBT_INTERNAL_SOURCE."SALES_AMOUNT","CUSTOMER_RATING" = DBT_INTERNAL_SOURCE."CUSTOMER_RATING","DELIVERY_TIME_MIN" = DBT_INTERNAL_SOURCE."DELIVERY_TIME_MIN"
    

    when not matched then insert
        ("ORDER_ID", "ORDER_TIMESTAMP", "ORDER_DATE", "CUSTOMER_ID", "RESTAURANT_ID", "CITY", "CUISINE", "PAYMENT_METHOD", "ORDER_STATUS", "IS_DELIVERED", "ITEMS_COUNT", "SALES_QTY", "SUBTOTAL", "DISCOUNT", "DELIVERY_FEE", "GST", "SALES_AMOUNT", "CUSTOMER_RATING", "DELIVERY_TIME_MIN")
    values
        ("ORDER_ID", "ORDER_TIMESTAMP", "ORDER_DATE", "CUSTOMER_ID", "RESTAURANT_ID", "CITY", "CUISINE", "PAYMENT_METHOD", "ORDER_STATUS", "IS_DELIVERED", "ITEMS_COUNT", "SALES_QTY", "SUBTOTAL", "DISCOUNT", "DELIVERY_FEE", "GST", "SALES_AMOUNT", "CUSTOMER_RATING", "DELIVERY_TIME_MIN")

;
[0m19:43:29.389173 [debug] [Thread-6 (]: SQL status: SUCCESS 0 in 0.270 seconds
[0m19:43:29.390611 [debug] [Thread-6 (]: Using snowflake connection "model.zomato.fct_orders"
[0m19:43:29.391779 [debug] [Thread-6 (]: On model.zomato.fct_orders: /* {"app": "dbt", "dbt_version": "1.12.0", "profile_name": "zomato", "target_name": "dev", "node_id": "model.zomato.fct_orders"} */
COMMIT
[0m19:43:29.521403 [debug] [Thread-2 (]: SQL status: SUCCESS 1 in 0.784 seconds
[0m19:43:29.524903 [debug] [Thread-2 (]: Using snowflake connection "model.zomato.fact_order_items"
[0m19:43:29.525886 [debug] [Thread-2 (]: On model.zomato.fact_order_items: /* {"app": "dbt", "dbt_version": "1.12.0", "profile_name": "zomato", "target_name": "dev", "node_id": "model.zomato.fact_order_items"} */
describe table ZOMATO.marts.fact_order_items__dbt_tmp
[0m19:43:29.544373 [debug] [Thread-6 (]: SQL status: SUCCESS 1 in 0.152 seconds
[0m19:43:29.557263 [debug] [Thread-6 (]: Applying DROP to: ZOMATO.marts.fct_orders__dbt_tmp
[0m19:43:29.570979 [debug] [Thread-6 (]: Using snowflake connection "model.zomato.fct_orders"
[0m19:43:29.571984 [debug] [Thread-6 (]: On model.zomato.fct_orders: /* {"app": "dbt", "dbt_version": "1.12.0", "profile_name": "zomato", "target_name": "dev", "node_id": "model.zomato.fct_orders"} */
drop view if exists ZOMATO.marts.fct_orders__dbt_tmp cascade
[0m19:43:29.654991 [debug] [Thread-2 (]: SQL status: SUCCESS 10 in 0.128 seconds
[0m19:43:29.660429 [debug] [Thread-2 (]: Using snowflake connection "model.zomato.fact_order_items"
[0m19:43:29.661513 [debug] [Thread-2 (]: On model.zomato.fact_order_items: /* {"app": "dbt", "dbt_version": "1.12.0", "profile_name": "zomato", "target_name": "dev", "node_id": "model.zomato.fact_order_items"} */
describe table ZOMATO.marts.fact_order_items
[0m19:43:29.742658 [debug] [Thread-6 (]: SQL status: SUCCESS 1 in 0.170 seconds
[0m19:43:29.746324 [debug] [Thread-6 (]: On model.zomato.fct_orders: Close
[0m19:43:29.882012 [debug] [Thread-2 (]: SQL status: SUCCESS 10 in 0.219 seconds
[0m19:43:29.887735 [debug] [Thread-2 (]: Using snowflake connection "model.zomato.fact_order_items"
[0m19:43:29.888961 [debug] [Thread-2 (]: On model.zomato.fact_order_items: /* {"app": "dbt", "dbt_version": "1.12.0", "profile_name": "zomato", "target_name": "dev", "node_id": "model.zomato.fact_order_items"} */
describe table ZOMATO.marts.fact_order_items__dbt_tmp
[0m19:43:30.026568 [debug] [Thread-2 (]: SQL status: SUCCESS 10 in 0.134 seconds
[0m19:43:30.028448 [debug] [Thread-6 (]: Sending event: {'category': 'dbt', 'action': 'run_model', 'label': '61b7741c-e6f6-439c-92b2-780b0717e8d4', 'context': [<snowplow_tracker.self_describing_json.SelfDescribingJson object at 0x7f6df81761b0>]}
[0m19:43:30.040702 [info ] [Thread-6 (]: 23 of 32 OK created sql incremental model marts.fct_orders ..................... [[32mSUCCESS 0[0m in 2.89s]
[0m19:43:30.043081 [debug] [Thread-2 (]: Using snowflake connection "model.zomato.fact_order_items"
[0m19:43:30.044278 [debug] [Thread-6 (]: Finished running node model.zomato.fct_orders
[0m19:43:30.045680 [debug] [Thread-2 (]: On model.zomato.fact_order_items: /* {"app": "dbt", "dbt_version": "1.12.0", "profile_name": "zomato", "target_name": "dev", "node_id": "model.zomato.fact_order_items"} */
describe table "ZOMATO"."MARTS"."FACT_ORDER_ITEMS"
[0m19:43:30.050002 [debug] [Thread-3 (]: Began running node test.zomato.accepted_values_fct_orders_order_status__Delivered__Cancelled__Refunded.165fe30b61
[0m19:43:30.050857 [debug] [Thread-7 (]: Began running node test.zomato.not_null_fct_orders_order_id.4e687af8d0
[0m19:43:30.051769 [debug] [Thread-5 (]: Began running node test.zomato.relationships_fct_orders_customer_id__customer_id__ref_dim_customer_.d39c4721da
[0m19:43:30.053325 [debug] [Thread-8 (]: Began running node test.zomato.unique_fct_orders_order_id.523ddb6ce5
[0m19:43:30.052672 [info ] [Thread-3 (]: 26 of 32 START test accepted_values_fct_orders_order_status__Delivered__Cancelled__Refunded  [RUN]
[0m19:43:30.054635 [info ] [Thread-7 (]: 27 of 32 START test not_null_fct_orders_order_id ............................... [RUN]
[0m19:43:30.056017 [info ] [Thread-5 (]: 28 of 32 START test relationships_fct_orders_customer_id__customer_id__ref_dim_customer_  [RUN]
[0m19:43:30.057245 [info ] [Thread-8 (]: 29 of 32 START test unique_fct_orders_order_id ................................. [RUN]
[0m19:43:30.058639 [debug] [Thread-3 (]: Re-using an available connection from the pool (formerly test.zomato.unique_stg_reviews_review_id.9b6c259f3c, now test.zomato.accepted_values_fct_orders_order_status__Delivered__Cancelled__Refunded.165fe30b61)
[0m19:43:30.059801 [debug] [Thread-7 (]: Re-using an available connection from the pool (formerly test.zomato.unique_stg_order_items_order_item_id.90e333a108, now test.zomato.not_null_fct_orders_order_id.4e687af8d0)
[0m19:43:30.060835 [debug] [Thread-5 (]: Re-using an available connection from the pool (formerly test.zomato.not_null_stg_order_items_order_item_id.26a7e2bc35, now test.zomato.relationships_fct_orders_customer_id__customer_id__ref_dim_customer_.d39c4721da)
[0m19:43:30.061740 [debug] [Thread-8 (]: Re-using an available connection from the pool (formerly model.zomato.dim_food, now test.zomato.unique_fct_orders_order_id.523ddb6ce5)
[0m19:43:30.062746 [debug] [Thread-3 (]: Began compiling node test.zomato.accepted_values_fct_orders_order_status__Delivered__Cancelled__Refunded.165fe30b61
[0m19:43:30.063726 [debug] [Thread-7 (]: Began compiling node test.zomato.not_null_fct_orders_order_id.4e687af8d0
[0m19:43:30.064773 [debug] [Thread-5 (]: Began compiling node test.zomato.relationships_fct_orders_customer_id__customer_id__ref_dim_customer_.d39c4721da
[0m19:43:30.065720 [debug] [Thread-8 (]: Began compiling node test.zomato.unique_fct_orders_order_id.523ddb6ce5
[0m19:43:30.083795 [debug] [Thread-3 (]: Writing injected SQL for node "test.zomato.accepted_values_fct_orders_order_status__Delivered__Cancelled__Refunded.165fe30b61"
[0m19:43:30.088854 [debug] [Thread-7 (]: Writing injected SQL for node "test.zomato.not_null_fct_orders_order_id.4e687af8d0"
[0m19:43:30.115280 [debug] [Thread-8 (]: Writing injected SQL for node "test.zomato.unique_fct_orders_order_id.523ddb6ce5"
[0m19:43:30.116259 [debug] [Thread-5 (]: Writing injected SQL for node "test.zomato.relationships_fct_orders_customer_id__customer_id__ref_dim_customer_.d39c4721da"
[0m19:43:30.121313 [debug] [Thread-3 (]: Began executing node test.zomato.accepted_values_fct_orders_order_status__Delivered__Cancelled__Refunded.165fe30b61
[0m19:43:30.122297 [debug] [Thread-8 (]: Began executing node test.zomato.unique_fct_orders_order_id.523ddb6ce5
[0m19:43:30.125344 [debug] [Thread-3 (]: Writing runtime sql for node "test.zomato.accepted_values_fct_orders_order_status__Delivered__Cancelled__Refunded.165fe30b61"
[0m19:43:30.128777 [debug] [Thread-8 (]: Writing runtime sql for node "test.zomato.unique_fct_orders_order_id.523ddb6ce5"
[0m19:43:30.129850 [debug] [Thread-7 (]: Began executing node test.zomato.not_null_fct_orders_order_id.4e687af8d0
[0m19:43:30.130711 [debug] [Thread-5 (]: Began executing node test.zomato.relationships_fct_orders_customer_id__customer_id__ref_dim_customer_.d39c4721da
[0m19:43:30.134822 [debug] [Thread-7 (]: Writing runtime sql for node "test.zomato.not_null_fct_orders_order_id.4e687af8d0"
[0m19:43:30.137844 [debug] [Thread-5 (]: Writing runtime sql for node "test.zomato.relationships_fct_orders_customer_id__customer_id__ref_dim_customer_.d39c4721da"
[0m19:43:30.140125 [debug] [Thread-3 (]: Using snowflake connection "test.zomato.accepted_values_fct_orders_order_status__Delivered__Cancelled__Refunded.165fe30b61"
[0m19:43:30.141736 [debug] [Thread-8 (]: Using snowflake connection "test.zomato.unique_fct_orders_order_id.523ddb6ce5"
[0m19:43:30.142813 [debug] [Thread-3 (]: On test.zomato.accepted_values_fct_orders_order_status__Delivered__Cancelled__Refunded.165fe30b61: /* {"app": "dbt", "dbt_version": "1.12.0", "profile_name": "zomato", "target_name": "dev", "node_id": "test.zomato.accepted_values_fct_orders_order_status__Delivered__Cancelled__Refunded.165fe30b61"} */
select
      count(*) as failures,
      count(*) != 0 as should_warn,
      count(*) != 0 as should_error
    from (
      
    
  
    
    

with all_values as (

    select
        order_status as value_field,
        count(*) as n_records

    from ZOMATO.marts.fct_orders
    group by order_status

)

select *
from all_values
where value_field not in (
    'Delivered','Cancelled','Refunded'
)



  
  
      
    ) dbt_internal_test
[0m19:43:30.144220 [debug] [Thread-7 (]: Using snowflake connection "test.zomato.not_null_fct_orders_order_id.4e687af8d0"
[0m19:43:30.145238 [debug] [Thread-8 (]: On test.zomato.unique_fct_orders_order_id.523ddb6ce5: /* {"app": "dbt", "dbt_version": "1.12.0", "profile_name": "zomato", "target_name": "dev", "node_id": "test.zomato.unique_fct_orders_order_id.523ddb6ce5"} */
select
      count(*) as failures,
      count(*) != 0 as should_warn,
      count(*) != 0 as should_error
    from (
      
    
  
    
    

select
    order_id as unique_field,
    count(*) as n_records

from ZOMATO.marts.fct_orders
where order_id is not null
group by order_id
having count(*) > 1



  
  
      
    ) dbt_internal_test
[0m19:43:30.147335 [debug] [Thread-5 (]: Using snowflake connection "test.zomato.relationships_fct_orders_customer_id__customer_id__ref_dim_customer_.d39c4721da"
[0m19:43:30.148141 [debug] [Thread-3 (]: Opening a new connection, currently in state closed
[0m19:43:30.149345 [debug] [Thread-7 (]: On test.zomato.not_null_fct_orders_order_id.4e687af8d0: /* {"app": "dbt", "dbt_version": "1.12.0", "profile_name": "zomato", "target_name": "dev", "node_id": "test.zomato.not_null_fct_orders_order_id.4e687af8d0"} */
select
      count(*) as failures,
      count(*) != 0 as should_warn,
      count(*) != 0 as should_error
    from (
      
    
  
    
    



select order_id
from ZOMATO.marts.fct_orders
where order_id is null



  
  
      
    ) dbt_internal_test
[0m19:43:30.150307 [debug] [Thread-8 (]: Opening a new connection, currently in state closed
[0m19:43:30.151348 [debug] [Thread-5 (]: On test.zomato.relationships_fct_orders_customer_id__customer_id__ref_dim_customer_.d39c4721da: /* {"app": "dbt", "dbt_version": "1.12.0", "profile_name": "zomato", "target_name": "dev", "node_id": "test.zomato.relationships_fct_orders_customer_id__customer_id__ref_dim_customer_.d39c4721da"} */
select
      count(*) as failures,
      count(*) != 0 as should_warn,
      count(*) != 0 as should_error
    from (
      
    
  
    
    

with child as (
    select customer_id as from_field
    from ZOMATO.marts.fct_orders
    where customer_id is not null
),

parent as (
    select customer_id as to_field
    from ZOMATO.marts.dim_customer
)

select
    from_field

from child
left join parent
    on child.from_field = parent.to_field

where parent.to_field is null



  
  
      
    ) dbt_internal_test
[0m19:43:30.159704 [debug] [Thread-7 (]: Opening a new connection, currently in state closed
[0m19:43:30.177712 [debug] [Thread-5 (]: Opening a new connection, currently in state closed
[0m19:43:30.184039 [debug] [Thread-2 (]: SQL status: SUCCESS 10 in 0.137 seconds
[0m19:43:30.268027 [debug] [Thread-2 (]: 
    In "ZOMATO"."MARTS"."FACT_ORDER_ITEMS":
        Schema changed: False
        Source columns not in target: []
        Target columns not in source: []
        New column types: []
  
[0m19:43:30.274185 [debug] [Thread-2 (]: Writing runtime sql for node "model.zomato.fact_order_items"
[0m19:43:30.319588 [debug] [Thread-2 (]: Using snowflake connection "model.zomato.fact_order_items"
[0m19:43:30.320906 [debug] [Thread-2 (]: On model.zomato.fact_order_items: /* {"app": "dbt", "dbt_version": "1.12.0", "profile_name": "zomato", "target_name": "dev", "node_id": "model.zomato.fact_order_items"} */
-- back compat for old kwarg name
  
  begin;
[0m19:43:30.548827 [debug] [Thread-2 (]: SQL status: SUCCESS 1 in 0.225 seconds
[0m19:43:30.550706 [debug] [Thread-2 (]: Using snowflake connection "model.zomato.fact_order_items"
[0m19:43:30.553125 [debug] [Thread-2 (]: On model.zomato.fact_order_items: /* {"app": "dbt", "dbt_version": "1.12.0", "profile_name": "zomato", "target_name": "dev", "node_id": "model.zomato.fact_order_items"} */
merge into ZOMATO.marts.fact_order_items as DBT_INTERNAL_DEST
        using ZOMATO.marts.fact_order_items__dbt_tmp as DBT_INTERNAL_SOURCE
        on ((DBT_INTERNAL_SOURCE.order_item_id = DBT_INTERNAL_DEST.order_item_id))

    
    when matched then update set
        "ORDER_ITEM_ID" = DBT_INTERNAL_SOURCE."ORDER_ITEM_ID","ORDER_ID" = DBT_INTERNAL_SOURCE."ORDER_ID","RESTAURANT_ID" = DBT_INTERNAL_SOURCE."RESTAURANT_ID","F_ID" = DBT_INTERNAL_SOURCE."F_ID","ORDER_TS" = DBT_INTERNAL_SOURCE."ORDER_TS","ORDER_DATE" = DBT_INTERNAL_SOURCE."ORDER_DATE","CITY" = DBT_INTERNAL_SOURCE."CITY","PRICE" = DBT_INTERNAL_SOURCE."PRICE","QUANTITY" = DBT_INTERNAL_SOURCE."QUANTITY","LINE_AMOUNT" = DBT_INTERNAL_SOURCE."LINE_AMOUNT"
    

    when not matched then insert
        ("ORDER_ITEM_ID", "ORDER_ID", "RESTAURANT_ID", "F_ID", "ORDER_TS", "ORDER_DATE", "CITY", "PRICE", "QUANTITY", "LINE_AMOUNT")
    values
        ("ORDER_ITEM_ID", "ORDER_ID", "RESTAURANT_ID", "F_ID", "ORDER_TS", "ORDER_DATE", "CITY", "PRICE", "QUANTITY", "LINE_AMOUNT")

;
[0m19:43:30.946432 [debug] [Thread-2 (]: SQL status: SUCCESS 0 in 0.392 seconds
[0m19:43:30.947797 [debug] [Thread-2 (]: Using snowflake connection "model.zomato.fact_order_items"
[0m19:43:30.948704 [debug] [Thread-2 (]: On model.zomato.fact_order_items: /* {"app": "dbt", "dbt_version": "1.12.0", "profile_name": "zomato", "target_name": "dev", "node_id": "model.zomato.fact_order_items"} */
COMMIT
[0m19:43:31.099632 [debug] [Thread-2 (]: SQL status: SUCCESS 1 in 0.150 seconds
[0m19:43:31.104001 [debug] [Thread-2 (]: Applying DROP to: ZOMATO.marts.fact_order_items__dbt_tmp
[0m19:43:31.106750 [debug] [Thread-2 (]: Using snowflake connection "model.zomato.fact_order_items"
[0m19:43:31.107769 [debug] [Thread-2 (]: On model.zomato.fact_order_items: /* {"app": "dbt", "dbt_version": "1.12.0", "profile_name": "zomato", "target_name": "dev", "node_id": "model.zomato.fact_order_items"} */
drop view if exists ZOMATO.marts.fact_order_items__dbt_tmp cascade
[0m19:43:31.115710 [debug] [Thread-7 (]: SQL status: SUCCESS 1 in 0.956 seconds
[0m19:43:31.116971 [debug] [Thread-3 (]: SQL status: SUCCESS 1 in 0.969 seconds
[0m19:43:31.119786 [debug] [Thread-7 (]: On test.zomato.not_null_fct_orders_order_id.4e687af8d0: Close
[0m19:43:31.122818 [debug] [Thread-3 (]: On test.zomato.accepted_values_fct_orders_order_status__Delivered__Cancelled__Refunded.165fe30b61: Close
[0m19:43:31.267282 [debug] [Thread-2 (]: SQL status: SUCCESS 1 in 0.158 seconds
[0m19:43:31.271182 [debug] [Thread-2 (]: On model.zomato.fact_order_items: Close
[0m19:43:31.321694 [debug] [Thread-8 (]: SQL status: SUCCESS 1 in 1.171 seconds
[0m19:43:31.323868 [info ] [Thread-3 (]: 26 of 32 PASS accepted_values_fct_orders_order_status__Delivered__Cancelled__Refunded  [[32mPASS[0m in 1.26s]
[0m19:43:31.327016 [debug] [Thread-8 (]: On test.zomato.unique_fct_orders_order_id.523ddb6ce5: Close
[0m19:43:31.328367 [debug] [Thread-3 (]: Finished running node test.zomato.accepted_values_fct_orders_order_status__Delivered__Cancelled__Refunded.165fe30b61
[0m19:43:31.364639 [info ] [Thread-7 (]: 27 of 32 PASS not_null_fct_orders_order_id ..................................... [[32mPASS[0m in 1.30s]
[0m19:43:31.366234 [debug] [Thread-7 (]: Finished running node test.zomato.not_null_fct_orders_order_id.4e687af8d0
[0m19:43:31.425674 [debug] [Thread-5 (]: SQL status: SUCCESS 1 in 1.248 seconds
[0m19:43:31.429574 [debug] [Thread-5 (]: On test.zomato.relationships_fct_orders_customer_id__customer_id__ref_dim_customer_.d39c4721da: Close
[0m19:43:31.488721 [debug] [Thread-2 (]: Sending event: {'category': 'dbt', 'action': 'run_model', 'label': '61b7741c-e6f6-439c-92b2-780b0717e8d4', 'context': [<snowplow_tracker.self_describing_json.SelfDescribingJson object at 0x7f6df8733d40>]}
[0m19:43:31.490448 [info ] [Thread-2 (]: 25 of 32 OK created sql incremental model marts.fact_order_items ............... [[32mSUCCESS 0[0m in 2.77s]
[0m19:43:31.491980 [debug] [Thread-2 (]: Finished running node model.zomato.fact_order_items
[0m19:43:31.603240 [info ] [Thread-8 (]: 29 of 32 PASS unique_fct_orders_order_id ....................................... [[32mPASS[0m in 1.54s]
[0m19:43:31.604845 [debug] [Thread-8 (]: Finished running node test.zomato.unique_fct_orders_order_id.523ddb6ce5
[0m19:43:31.606601 [debug] [Thread-4 (]: Began running node model.zomato.mart_daily_city_revenune
[0m19:43:31.607416 [debug] [Thread-6 (]: Began running node model.zomato.mart_delivery_sla
[0m19:43:31.608394 [debug] [Thread-1 (]: Began running node model.zomato.mart_restaurant_performance
[0m19:43:31.609444 [info ] [Thread-4 (]: 30 of 32 START sql table model marts.mart_daily_city_revenune .................. [RUN]
[0m19:43:31.610884 [info ] [Thread-6 (]: 31 of 32 START sql table model marts.mart_delivery_sla ......................... [RUN]
[0m19:43:31.612406 [info ] [Thread-1 (]: 32 of 32 START sql table model marts.mart_restaurant_performance ............... [RUN]
[0m19:43:31.613566 [debug] [Thread-4 (]: Re-using an available connection from the pool (formerly model.zomato.dim_customer, now model.zomato.mart_daily_city_revenune)
[0m19:43:31.614786 [debug] [Thread-6 (]: Re-using an available connection from the pool (formerly model.zomato.fct_orders, now model.zomato.mart_delivery_sla)
[0m19:43:31.615832 [debug] [Thread-1 (]: Re-using an available connection from the pool (formerly model.zomato.dim_restaurants, now model.zomato.mart_restaurant_performance)
[0m19:43:31.616863 [debug] [Thread-4 (]: Began compiling node model.zomato.mart_daily_city_revenune
[0m19:43:31.617837 [debug] [Thread-6 (]: Began compiling node model.zomato.mart_delivery_sla
[0m19:43:31.618858 [debug] [Thread-1 (]: Began compiling node model.zomato.mart_restaurant_performance
[0m19:43:31.622022 [debug] [Thread-4 (]: Writing injected SQL for node "model.zomato.mart_daily_city_revenune"
[0m19:43:31.625010 [debug] [Thread-6 (]: Writing injected SQL for node "model.zomato.mart_delivery_sla"
[0m19:43:31.629001 [debug] [Thread-1 (]: Writing injected SQL for node "model.zomato.mart_restaurant_performance"
[0m19:43:31.633145 [debug] [Thread-4 (]: Began executing node model.zomato.mart_daily_city_revenune
[0m19:43:31.636912 [debug] [Thread-4 (]: Writing runtime sql for node "model.zomato.mart_daily_city_revenune"
[0m19:43:31.638562 [debug] [Thread-1 (]: Began executing node model.zomato.mart_restaurant_performance
[0m19:43:31.639348 [debug] [Thread-6 (]: Began executing node model.zomato.mart_delivery_sla
[0m19:43:31.642940 [debug] [Thread-1 (]: Writing runtime sql for node "model.zomato.mart_restaurant_performance"
[0m19:43:31.646609 [debug] [Thread-6 (]: Writing runtime sql for node "model.zomato.mart_delivery_sla"
[0m19:43:31.648881 [debug] [Thread-4 (]: Using snowflake connection "model.zomato.mart_daily_city_revenune"
[0m19:43:31.650814 [debug] [Thread-4 (]: On model.zomato.mart_daily_city_revenune: /* {"app": "dbt", "dbt_version": "1.12.0", "profile_name": "zomato", "target_name": "dev", "node_id": "model.zomato.mart_daily_city_revenune"} */
create or replace transient table ZOMATO.marts.mart_daily_city_revenune
         as
        (select 
order_date, 
city, 
count(*) as orders, 
count_if(is_delivered) as delivered_orders,
round(div0(count_if(order_status='Cancelled'), count(*)),4) as cancel_rate,
sum(iff(is_delivered, sales_amount, 0)) as gmv,
round(div0(sum(iff(is_delivered, sales_amount,0)), count_if(is_delivered)),2) as aov
from ZOMATO.marts.fct_orders group by 1,2
        );
[0m19:43:31.651987 [debug] [Thread-4 (]: Opening a new connection, currently in state closed
[0m19:43:31.653793 [debug] [Thread-1 (]: Using snowflake connection "model.zomato.mart_restaurant_performance"
[0m19:43:31.669864 [debug] [Thread-1 (]: On model.zomato.mart_restaurant_performance: /* {"app": "dbt", "dbt_version": "1.12.0", "profile_name": "zomato", "target_name": "dev", "node_id": "model.zomato.mart_restaurant_performance"} */
create or replace transient table ZOMATO.marts.mart_restaurant_performance
         as
        (select 
f.restaurant_id, r.restaurant_name, r.city, r.cuisine, 
count(*) as orders,
sum(iff(f.is_delivered, f.sales_amount, 0)) as revenue, 
round(avg(f.customer_rating),2) as avg_customer_rating,
round(avg(f.delivery_time_min),1) as avg_delivery_min
from ZOMATO.marts.fct_orders f 
left join ZOMATO.marts.dim_restaurants r using (restaurant_id) 
group by 1,2,3,4
        );
[0m19:43:31.671466 [debug] [Thread-6 (]: Using snowflake connection "model.zomato.mart_delivery_sla"
[0m19:43:31.673674 [debug] [Thread-1 (]: Opening a new connection, currently in state closed
[0m19:43:31.677611 [debug] [Thread-6 (]: On model.zomato.mart_delivery_sla: /* {"app": "dbt", "dbt_version": "1.12.0", "profile_name": "zomato", "target_name": "dev", "node_id": "model.zomato.mart_delivery_sla"} */
create or replace transient table ZOMATO.marts.mart_delivery_sla
         as
        (select city, 
hour(order_timestamp) as order_hour, 
count_if(is_delivered) as delivered_orders,
round(median(delivery_time_min),1) as p50, 
round(percentile_cont(0.9) within group (order by delivery_time_min),1) as p90
from ZOMATO.marts.fct_orders 
where is_delivered group by 1,2
        );
[0m19:43:31.706690 [debug] [Thread-6 (]: Opening a new connection, currently in state closed
[0m19:43:31.738063 [info ] [Thread-5 (]: 28 of 32 PASS relationships_fct_orders_customer_id__customer_id__ref_dim_customer_  [[32mPASS[0m in 1.68s]
[0m19:43:31.742344 [debug] [Thread-5 (]: Finished running node test.zomato.relationships_fct_orders_customer_id__customer_id__ref_dim_customer_.d39c4721da
[0m19:43:34.250910 [debug] [Thread-4 (]: SQL status: SUCCESS 1 in 2.599 seconds
[0m19:43:34.254824 [debug] [Thread-4 (]: On model.zomato.mart_daily_city_revenune: Close
[0m19:43:34.474906 [debug] [Thread-4 (]: Sending event: {'category': 'dbt', 'action': 'run_model', 'label': '61b7741c-e6f6-439c-92b2-780b0717e8d4', 'context': [<snowplow_tracker.self_describing_json.SelfDescribingJson object at 0x7f6df87d14f0>]}
[0m19:43:34.476575 [info ] [Thread-4 (]: 30 of 32 OK created sql table model marts.mart_daily_city_revenune ............. [[32mSUCCESS 1[0m in 2.86s]
[0m19:43:34.478299 [debug] [Thread-4 (]: Finished running node model.zomato.mart_daily_city_revenune
[0m19:43:34.563429 [debug] [Thread-1 (]: SQL status: SUCCESS 1 in 2.890 seconds
[0m19:43:34.567800 [debug] [Thread-1 (]: On model.zomato.mart_restaurant_performance: Close
[0m19:43:34.623233 [debug] [Thread-6 (]: SQL status: SUCCESS 1 in 2.916 seconds
[0m19:43:34.626956 [debug] [Thread-6 (]: On model.zomato.mart_delivery_sla: Close
[0m19:43:34.864809 [debug] [Thread-1 (]: Sending event: {'category': 'dbt', 'action': 'run_model', 'label': '61b7741c-e6f6-439c-92b2-780b0717e8d4', 'context': [<snowplow_tracker.self_describing_json.SelfDescribingJson object at 0x7f6df813ba10>]}
[0m19:43:34.866716 [info ] [Thread-1 (]: 32 of 32 OK created sql table model marts.mart_restaurant_performance .......... [[32mSUCCESS 1[0m in 3.25s]
[0m19:43:34.868101 [debug] [Thread-1 (]: Finished running node model.zomato.mart_restaurant_performance
[0m19:43:34.892690 [debug] [Thread-6 (]: Sending event: {'category': 'dbt', 'action': 'run_model', 'label': '61b7741c-e6f6-439c-92b2-780b0717e8d4', 'context': [<snowplow_tracker.self_describing_json.SelfDescribingJson object at 0x7f6df8072570>]}
[0m19:43:34.894199 [info ] [Thread-6 (]: 31 of 32 OK created sql table model marts.mart_delivery_sla .................... [[32mSUCCESS 1[0m in 3.28s]
[0m19:43:34.895894 [debug] [Thread-6 (]: Finished running node model.zomato.mart_delivery_sla
[0m19:43:34.902586 [debug] [MainThread]: Connection 'master' was properly closed.
[0m19:43:34.903371 [debug] [MainThread]: Connection 'model.zomato.mart_restaurant_performance' was properly closed.
[0m19:43:34.904202 [debug] [MainThread]: Connection 'model.zomato.fact_order_items' was properly closed.
[0m19:43:34.905020 [debug] [MainThread]: Connection 'test.zomato.accepted_values_fct_orders_order_status__Delivered__Cancelled__Refunded.165fe30b61' was properly closed.
[0m19:43:34.905823 [debug] [MainThread]: Connection 'model.zomato.mart_daily_city_revenune' was properly closed.
[0m19:43:34.906598 [debug] [MainThread]: Connection 'test.zomato.relationships_fct_orders_customer_id__customer_id__ref_dim_customer_.d39c4721da' was properly closed.
[0m19:43:34.907296 [debug] [MainThread]: Connection 'model.zomato.mart_delivery_sla' was properly closed.
[0m19:43:34.908057 [debug] [MainThread]: Connection 'test.zomato.not_null_fct_orders_order_id.4e687af8d0' was properly closed.
[0m19:43:34.908866 [debug] [MainThread]: Connection 'test.zomato.unique_fct_orders_order_id.523ddb6ce5' was properly closed.
[0m19:43:34.909810 [info ] [MainThread]: 
[0m19:43:34.910712 [info ] [MainThread]: Finished running 2 incremental models, 7 table models, 16 data tests, 7 view models in 0 hours 0 minutes and 17.15 seconds (17.15s).
[0m19:43:34.919698 [debug] [MainThread]: Command end result
[0m19:43:35.007721 [debug] [MainThread]: Wrote artifact WritableManifest to /opt/airflow/dbt/zomato/target/manifest.json
[0m19:43:35.012236 [debug] [MainThread]: Wrote artifact SemanticManifest to /opt/airflow/dbt/zomato/target/semantic_manifest.json
[0m19:43:35.017295 [debug] [MainThread]: Wrote artifact OsiDocument to /opt/airflow/dbt/zomato/target/osi_document.json
[0m19:43:35.032152 [debug] [MainThread]: Wrote artifact RunExecutionResult to /opt/airflow/dbt/zomato/target/run_results.json
[0m19:43:35.033013 [info ] [MainThread]: 
[0m19:43:35.033825 [info ] [MainThread]: [32mCompleted successfully[0m
[0m19:43:35.034812 [info ] [MainThread]: 
[0m19:43:35.035924 [info ] [MainThread]: Done. PASS=32 WARN=0 ERROR=0 SKIP=0 NO-OP=0 REUSED=0 TOTAL=32
[0m19:43:35.037318 [warn ] [MainThread]: [[33mWARNING[0m][DeprecationsSummary]: Deprecated functionality
Summary of encountered deprecations:
- MissingArgumentsPropertyInGenericTestDeprecation: 2 occurrences
To see all deprecation instances instead of just the first occurrence of each,
run command again with the `--show-all-deprecations` flag. You may also need to
run with `--no-partial-parse` as some deprecations are only encountered during
parsing.
[0m19:43:35.087555 [debug] [MainThread]: Resource report: {"command_name": "build", "command_success": true, "command_wall_clock_time": 21.50569, "process_in_blocks": "0", "process_kernel_time": 2.166896, "process_mem_max_rss": "198768", "process_out_blocks": "4219", "process_user_time": 11.920602}
[0m19:43:35.089162 [debug] [MainThread]: Command `dbt build` succeeded at 19:43:35.088966 after 21.51 seconds
[0m19:43:35.090308 [debug] [MainThread]: Sending event: {'category': 'dbt', 'action': 'invocation', 'label': 'end', 'context': [<snowplow_tracker.self_describing_json.SelfDescribingJson object at 0x7f6e3f0723f0>, <snowplow_tracker.self_describing_json.SelfDescribingJson object at 0x7f6df8176360>, <snowplow_tracker.self_describing_json.SelfDescribingJson object at 0x7f6df8177f20>]}
[0m19:43:35.091442 [debug] [MainThread]: Flushing usage events
[0m19:43:37.910388 [debug] [MainThread]: An error was encountered while trying to flush usage events
[0m19:49:20.797224 [debug] [MainThread]: Sending event: {'category': 'dbt', 'action': 'invocation', 'label': 'start', 'context': [<snowplow_tracker.self_describing_json.SelfDescribingJson object at 0x7f75f96d50d0>, <snowplow_tracker.self_describing_json.SelfDescribingJson object at 0x7f75f9393590>, <snowplow_tracker.self_describing_json.SelfDescribingJson object at 0x7f75f9309580>]}


============================== 19:49:20.804488 | 7a90b671-0a12-46a2-a176-1b41711cf154 ==============================
[0m19:49:20.804488 [info ] [MainThread]: Running with dbt=1.12.0
[0m19:49:20.805619 [debug] [MainThread]: running dbt with arguments {'target_path': 'None', 'log_path': '/opt/airflow/dbt/zomato/logs', 'introspect': 'True', 'warn_error_options': 'WarnErrorOptionsV2(error=[], warn=[], silence=[])', 'invocation_command': 'dbt build --exclude tag:ai --project-dir /opt/airflow/dbt/zomato --profiles-dir /opt/airflow/dbt/zomato', 'fail_fast': 'False', 'warn_error': 'None', 'printer_width': '80', 'log_cache_events': 'False', 'empty': 'False', 'use_experimental_parser': 'False', 'profiles_dir': '/opt/airflow/dbt/zomato', 'hints_enabled': 'True', 'static_parser': 'True', 'quiet': 'False', 'maximum_seed_size_mib': '1', 'version_check': 'True', 'log_format': 'default', 'use_colors': 'True', 'no_print': 'None', 'write_json': 'True', 'partial_parse': 'True', 'debug': 'False', 'cache_selected_only': 'False', 'send_anonymous_usage_stats': 'True', 'indirect_selection': 'eager'}
[0m19:49:21.453591 [debug] [MainThread]: Sending event: {'category': 'dbt', 'action': 'project_id', 'label': '7a90b671-0a12-46a2-a176-1b41711cf154', 'context': [<snowplow_tracker.self_describing_json.SelfDescribingJson object at 0x7f75faf148f0>]}
[0m19:49:21.534396 [debug] [MainThread]: Sending event: {'category': 'dbt', 'action': 'adapter_info', 'label': '7a90b671-0a12-46a2-a176-1b41711cf154', 'context': [<snowplow_tracker.self_describing_json.SelfDescribingJson object at 0x7f75f6508e60>]}
[0m19:49:21.535898 [info ] [MainThread]: Registered adapter: snowflake=1.8.4
[0m19:49:21.657825 [debug] [MainThread]: checksum: b0e43d10305132c56d20e06d6acd19b0e2ab954460bc87bfcfc553bb03080190, vars: {}, profile: zomato, target: dev, version: 1.12.0
[0m19:49:21.899047 [debug] [MainThread]: Partial parsing enabled: 0 files deleted, 0 files added, 0 files changed.
[0m19:49:21.899760 [debug] [MainThread]: Nothing changed, skipping partial parsing.
[0m19:49:21.900347 [debug] [MainThread]: Partial parsing enabled, no changes found, skipping parsing
[0m19:49:21.907944 [warn ] [MainThread]: [[33mWARNING[0m]: Configuration paths exist in your dbt_project.yml file which do not apply to any resources.
There are 1 unused configuration paths:
- snapshots.zomato
[0m19:49:21.914208 [debug] [MainThread]: Sending event: {'category': 'dbt', 'action': 'load_project', 'label': '7a90b671-0a12-46a2-a176-1b41711cf154', 'context': [<snowplow_tracker.self_describing_json.SelfDescribingJson object at 0x7f75f62dfd10>]}
[0m19:49:22.124685 [debug] [MainThread]: Wrote artifact WritableManifest to /opt/airflow/dbt/zomato/target/manifest.json
[0m19:49:22.129787 [debug] [MainThread]: Wrote artifact SemanticManifest to /opt/airflow/dbt/zomato/target/semantic_manifest.json
[0m19:49:22.147881 [debug] [MainThread]: Wrote artifact OsiDocument to /opt/airflow/dbt/zomato/target/osi_document.json
[0m19:49:22.179962 [debug] [MainThread]: Sending event: {'category': 'dbt', 'action': 'resource_counts', 'label': '7a90b671-0a12-46a2-a176-1b41711cf154', 'context': [<snowplow_tracker.self_describing_json.SelfDescribingJson object at 0x7f75f63f5dc0>]}
[0m19:49:22.180931 [info ] [MainThread]: Found 17 models, 16 data tests, 8 sources, 506 macros
[0m19:49:22.188251 [info ] [MainThread]: 
[0m19:49:22.189381 [info ] [MainThread]: Concurrency: 8 threads (target='dev')
[0m19:49:22.190250 [info ] [MainThread]: 
[0m19:49:22.191608 [debug] [MainThread]: Acquiring new snowflake connection 'master'
[0m19:49:22.200394 [debug] [ThreadPool]: Acquiring new snowflake connection 'list_ZOMATO'
[0m19:49:22.202986 [debug] [ThreadPool]: Acquiring new snowflake connection 'list_ZOMATO'
[0m19:49:22.239615 [debug] [ThreadPool]: Using snowflake connection "list_ZOMATO"
[0m19:49:22.240357 [debug] [ThreadPool]: Using snowflake connection "list_ZOMATO"
[0m19:49:22.240946 [debug] [ThreadPool]: On list_ZOMATO: /* {"app": "dbt", "dbt_version": "1.12.0", "profile_name": "zomato", "target_name": "dev", "connection_name": "list_ZOMATO"} */
show terse schemas in database ZOMATO
    limit 10000
[0m19:49:22.241855 [debug] [ThreadPool]: On list_ZOMATO: /* {"app": "dbt", "dbt_version": "1.12.0", "profile_name": "zomato", "target_name": "dev", "connection_name": "list_ZOMATO"} */
show terse schemas in database ZOMATO
    limit 10000
[0m19:49:22.242733 [debug] [ThreadPool]: Opening a new connection, currently in state init
[0m19:49:22.243726 [debug] [ThreadPool]: Opening a new connection, currently in state init
[0m19:49:25.487484 [debug] [ThreadPool]: SQL status: SUCCESS 8 in 3.244 seconds
[0m19:49:25.490682 [debug] [ThreadPool]: On list_ZOMATO: Close
[0m19:49:25.528392 [debug] [ThreadPool]: SQL status: SUCCESS 8 in 3.286 seconds
[0m19:49:25.531354 [debug] [ThreadPool]: On list_ZOMATO: Close
[0m19:49:25.768410 [debug] [ThreadPool]: Re-using an available connection from the pool (formerly list_ZOMATO, now list_ZOMATO_marts)
[0m19:49:25.775277 [debug] [ThreadPool]: Re-using an available connection from the pool (formerly list_ZOMATO, now list_ZOMATO_staging)
[0m19:49:25.790277 [debug] [ThreadPool]: Using snowflake connection "list_ZOMATO_marts"
[0m19:49:25.796414 [debug] [ThreadPool]: On list_ZOMATO_marts: /* {"app": "dbt", "dbt_version": "1.12.0", "profile_name": "zomato", "target_name": "dev", "connection_name": "list_ZOMATO_marts"} */
show objects in ZOMATO.marts limit 10000
[0m19:49:25.797783 [debug] [ThreadPool]: Using snowflake connection "list_ZOMATO_staging"
[0m19:49:25.798750 [debug] [ThreadPool]: Opening a new connection, currently in state closed
[0m19:49:25.799688 [debug] [ThreadPool]: On list_ZOMATO_staging: /* {"app": "dbt", "dbt_version": "1.12.0", "profile_name": "zomato", "target_name": "dev", "connection_name": "list_ZOMATO_staging"} */
show objects in ZOMATO.staging limit 10000
[0m19:49:25.804709 [debug] [ThreadPool]: Opening a new connection, currently in state closed
[0m19:49:26.819778 [debug] [ThreadPool]: SQL status: SUCCESS 9 in 1.021 seconds
[0m19:49:26.823813 [debug] [ThreadPool]: On list_ZOMATO_marts: Close
[0m19:49:26.842369 [debug] [ThreadPool]: SQL status: SUCCESS 7 in 1.038 seconds
[0m19:49:26.845560 [debug] [ThreadPool]: On list_ZOMATO_staging: Close
[0m19:49:27.159352 [debug] [MainThread]: Sending event: {'category': 'dbt', 'action': 'runnable_timing', 'label': '7a90b671-0a12-46a2-a176-1b41711cf154', 'context': [<snowplow_tracker.self_describing_json.SelfDescribingJson object at 0x7f75f645eed0>]}
[0m19:49:27.169641 [debug] [Thread-1 (]: Began running node model.zomato.dim_date
[0m19:49:27.170570 [debug] [Thread-2 (]: Began running node model.zomato.stg_food
[0m19:49:27.171465 [debug] [Thread-3 (]: Began running node model.zomato.stg_menu
[0m19:49:27.172432 [info ] [Thread-1 (]: 1 of 32 START sql table model marts.dim_date ................................... [RUN]
[0m19:49:27.173630 [debug] [Thread-4 (]: Began running node model.zomato.stg_order_items
[0m19:49:27.174641 [debug] [Thread-5 (]: Began running node model.zomato.stg_orders
[0m19:49:27.175662 [info ] [Thread-2 (]: 2 of 32 START sql view model staging.stg_food .................................. [RUN]
[0m19:49:27.176727 [debug] [Thread-6 (]: Began running node model.zomato.stg_restaurants
[0m19:49:27.177576 [debug] [Thread-7 (]: Began running node model.zomato.stg_reviews
[0m19:49:27.178555 [info ] [Thread-3 (]: 3 of 32 START sql view model staging.stg_menu .................................. [RUN]
[0m19:49:27.182485 [debug] [Thread-8 (]: Began running node model.zomato.stg_users
[0m19:49:27.183935 [debug] [Thread-1 (]: Re-using an available connection from the pool (formerly list_ZOMATO_staging, now model.zomato.dim_date)
[0m19:49:27.185275 [info ] [Thread-4 (]: 4 of 32 START sql view model staging.stg_order_items ........................... [RUN]
[0m19:49:27.186429 [info ] [Thread-5 (]: 5 of 32 START sql view model staging.stg_orders ................................ [RUN]
[0m19:49:27.187757 [debug] [Thread-2 (]: Re-using an available connection from the pool (formerly list_ZOMATO_marts, now model.zomato.stg_food)
[0m19:49:27.188976 [info ] [Thread-6 (]: 6 of 32 START sql view model staging.stg_restaurants ........................... [RUN]
[0m19:49:27.190229 [info ] [Thread-7 (]: 7 of 32 START sql view model staging.stg_reviews ............................... [RUN]
[0m19:49:27.191588 [debug] [Thread-3 (]: Acquiring new snowflake connection 'model.zomato.stg_menu'
[0m19:49:27.192608 [info ] [Thread-8 (]: 8 of 32 START sql view model staging.stg_users ................................. [RUN]
[0m19:49:27.193611 [debug] [Thread-1 (]: Began compiling node model.zomato.dim_date
[0m19:49:27.194858 [debug] [Thread-4 (]: Acquiring new snowflake connection 'model.zomato.stg_order_items'
[0m19:49:27.196230 [debug] [Thread-5 (]: Acquiring new snowflake connection 'model.zomato.stg_orders'
[0m19:49:27.197264 [debug] [Thread-2 (]: Began compiling node model.zomato.stg_food
[0m19:49:27.198441 [debug] [Thread-6 (]: Acquiring new snowflake connection 'model.zomato.stg_restaurants'
[0m19:49:27.199565 [debug] [Thread-7 (]: Acquiring new snowflake connection 'model.zomato.stg_reviews'
[0m19:49:27.200493 [debug] [Thread-3 (]: Began compiling node model.zomato.stg_menu
[0m19:49:27.201542 [debug] [Thread-8 (]: Acquiring new snowflake connection 'model.zomato.stg_users'
[0m19:49:27.211311 [debug] [Thread-1 (]: Writing injected SQL for node "model.zomato.dim_date"
[0m19:49:27.212146 [debug] [Thread-4 (]: Began compiling node model.zomato.stg_order_items
[0m19:49:27.213240 [debug] [Thread-5 (]: Began compiling node model.zomato.stg_orders
[0m19:49:27.216633 [debug] [Thread-2 (]: Writing injected SQL for node "model.zomato.stg_food"
[0m19:49:27.217754 [debug] [Thread-6 (]: Began compiling node model.zomato.stg_restaurants
[0m19:49:27.218848 [debug] [Thread-7 (]: Began compiling node model.zomato.stg_reviews
[0m19:49:27.222155 [debug] [Thread-3 (]: Writing injected SQL for node "model.zomato.stg_menu"
[0m19:49:27.223208 [debug] [Thread-8 (]: Began compiling node model.zomato.stg_users
[0m19:49:27.226729 [debug] [Thread-4 (]: Writing injected SQL for node "model.zomato.stg_order_items"
[0m19:49:27.229596 [debug] [Thread-5 (]: Writing injected SQL for node "model.zomato.stg_orders"
[0m19:49:27.231241 [debug] [Thread-1 (]: Began executing node model.zomato.dim_date
[0m19:49:27.234276 [debug] [Thread-6 (]: Writing injected SQL for node "model.zomato.stg_restaurants"
[0m19:49:27.237378 [debug] [Thread-7 (]: Writing injected SQL for node "model.zomato.stg_reviews"
[0m19:49:27.238866 [debug] [Thread-2 (]: Began executing node model.zomato.stg_food
[0m19:49:27.241752 [debug] [Thread-8 (]: Writing injected SQL for node "model.zomato.stg_users"
[0m19:49:27.243917 [debug] [Thread-3 (]: Began executing node model.zomato.stg_menu
[0m19:49:27.278540 [debug] [Thread-4 (]: Began executing node model.zomato.stg_order_items
[0m19:49:27.309144 [debug] [Thread-1 (]: Writing runtime sql for node "model.zomato.dim_date"
[0m19:49:27.309882 [debug] [Thread-6 (]: Began executing node model.zomato.stg_restaurants
[0m19:49:27.356916 [debug] [Thread-4 (]: Writing runtime sql for node "model.zomato.stg_order_items"
[0m19:49:27.362716 [debug] [Thread-3 (]: Writing runtime sql for node "model.zomato.stg_menu"
[0m19:49:27.363850 [debug] [Thread-5 (]: Began executing node model.zomato.stg_orders
[0m19:49:27.371618 [debug] [Thread-2 (]: Writing runtime sql for node "model.zomato.stg_food"
[0m19:49:27.372313 [debug] [Thread-7 (]: Began executing node model.zomato.stg_reviews
[0m19:49:27.373456 [debug] [Thread-8 (]: Began executing node model.zomato.stg_users
[0m19:49:27.376706 [debug] [Thread-6 (]: Writing runtime sql for node "model.zomato.stg_restaurants"
[0m19:49:27.379557 [debug] [Thread-1 (]: Using snowflake connection "model.zomato.dim_date"
[0m19:49:27.382907 [debug] [Thread-5 (]: Writing runtime sql for node "model.zomato.stg_orders"
[0m19:49:27.387338 [debug] [Thread-7 (]: Writing runtime sql for node "model.zomato.stg_reviews"
[0m19:49:27.390981 [debug] [Thread-8 (]: Writing runtime sql for node "model.zomato.stg_users"
[0m19:49:27.392119 [debug] [Thread-3 (]: Using snowflake connection "model.zomato.stg_menu"
[0m19:49:27.393404 [debug] [Thread-4 (]: Using snowflake connection "model.zomato.stg_order_items"
[0m19:49:27.394221 [debug] [Thread-1 (]: On model.zomato.dim_date: /* {"app": "dbt", "dbt_version": "1.12.0", "profile_name": "zomato", "target_name": "dev", "node_id": "model.zomato.dim_date"} */
create or replace transient table ZOMATO.marts.dim_date
         as
        (with spine as (
    select dateadd(day, seq4(), '2024-01-01'::date) as date_day 
    from 
    table(generator(rowcount=>1200)))
select date_day, year(date_day) as year, month(date_day) as month, monthname(date_day) as month_name,
       dayname(date_day) as day_name, (dayofweekiso(date_day)>=6) as is_weekend
from spine where date_day <= '2026-12-31'
        );
[0m19:49:27.395401 [debug] [Thread-2 (]: Using snowflake connection "model.zomato.stg_food"
[0m19:49:27.397175 [debug] [Thread-6 (]: Using snowflake connection "model.zomato.stg_restaurants"
[0m19:49:27.398522 [debug] [Thread-3 (]: On model.zomato.stg_menu: /* {"app": "dbt", "dbt_version": "1.12.0", "profile_name": "zomato", "target_name": "dev", "node_id": "model.zomato.stg_menu"} */
create or replace   view ZOMATO.staging.stg_menu
  
   as (
    select
    *
from ZOMATO.RAW.menu
  );
[0m19:49:27.399579 [debug] [Thread-5 (]: Using snowflake connection "model.zomato.stg_orders"
[0m19:49:27.400844 [debug] [Thread-4 (]: On model.zomato.stg_order_items: /* {"app": "dbt", "dbt_version": "1.12.0", "profile_name": "zomato", "target_name": "dev", "node_id": "model.zomato.stg_order_items"} */
create or replace   view ZOMATO.staging.stg_order_items
  
   as (
    select
    *
from ZOMATO.RAW.order_items
  );
[0m19:49:27.402333 [debug] [Thread-8 (]: Using snowflake connection "model.zomato.stg_users"
[0m19:49:27.403042 [debug] [Thread-1 (]: Opening a new connection, currently in state closed
[0m19:49:27.403919 [debug] [Thread-7 (]: Using snowflake connection "model.zomato.stg_reviews"
[0m19:49:27.404856 [debug] [Thread-2 (]: On model.zomato.stg_food: /* {"app": "dbt", "dbt_version": "1.12.0", "profile_name": "zomato", "target_name": "dev", "node_id": "model.zomato.stg_food"} */
create or replace   view ZOMATO.staging.stg_food
  
   as (
    select
    *
from ZOMATO.RAW.food
  );
[0m19:49:27.405888 [debug] [Thread-6 (]: On model.zomato.stg_restaurants: /* {"app": "dbt", "dbt_version": "1.12.0", "profile_name": "zomato", "target_name": "dev", "node_id": "model.zomato.stg_restaurants"} */
create or replace   view ZOMATO.staging.stg_restaurants
  
   as (
    select
    *
from ZOMATO.RAW.restaurants
  );
[0m19:49:27.406869 [debug] [Thread-3 (]: Opening a new connection, currently in state init
[0m19:49:27.407778 [debug] [Thread-5 (]: On model.zomato.stg_orders: /* {"app": "dbt", "dbt_version": "1.12.0", "profile_name": "zomato", "target_name": "dev", "node_id": "model.zomato.stg_orders"} */
create or replace   view ZOMATO.staging.stg_orders
  
   as (
    select
    *
from ZOMATO.RAW.orders
  );
[0m19:49:27.408676 [debug] [Thread-4 (]: Opening a new connection, currently in state init
[0m19:49:27.409571 [debug] [Thread-8 (]: On model.zomato.stg_users: /* {"app": "dbt", "dbt_version": "1.12.0", "profile_name": "zomato", "target_name": "dev", "node_id": "model.zomato.stg_users"} */
create or replace   view ZOMATO.staging.stg_users
  
   as (
    select
    *
from ZOMATO.RAW.users
  );
[0m19:49:27.416168 [debug] [Thread-7 (]: On model.zomato.stg_reviews: /* {"app": "dbt", "dbt_version": "1.12.0", "profile_name": "zomato", "target_name": "dev", "node_id": "model.zomato.stg_reviews"} */
create or replace   view ZOMATO.staging.stg_reviews
  
   as (
    select
    *
from ZOMATO.RAW.reviews
  );
[0m19:49:27.417256 [debug] [Thread-2 (]: Opening a new connection, currently in state closed
[0m19:49:27.426210 [debug] [Thread-6 (]: Opening a new connection, currently in state init
[0m19:49:27.431644 [debug] [Thread-5 (]: Opening a new connection, currently in state init
[0m19:49:27.451268 [debug] [Thread-8 (]: Opening a new connection, currently in state init
[0m19:49:27.458592 [debug] [Thread-7 (]: Opening a new connection, currently in state init
[0m19:49:28.474866 [debug] [Thread-4 (]: SQL status: SUCCESS 1 in 1.066 seconds
[0m19:49:28.518536 [debug] [Thread-4 (]: On model.zomato.stg_order_items: Close
[0m19:49:28.594476 [debug] [Thread-2 (]: SQL status: SUCCESS 1 in 1.177 seconds
[0m19:49:28.595713 [debug] [Thread-3 (]: SQL status: SUCCESS 1 in 1.189 seconds
[0m19:49:28.599507 [debug] [Thread-2 (]: On model.zomato.stg_food: Close
[0m19:49:28.603232 [debug] [Thread-3 (]: On model.zomato.stg_menu: Close
[0m19:49:28.608725 [debug] [Thread-6 (]: SQL status: SUCCESS 1 in 1.182 seconds
[0m19:49:28.611343 [debug] [Thread-8 (]: SQL status: SUCCESS 1 in 1.160 seconds
[0m19:49:28.613143 [debug] [Thread-7 (]: SQL status: SUCCESS 1 in 1.154 seconds
[0m19:49:28.621472 [debug] [Thread-6 (]: On model.zomato.stg_restaurants: Close
[0m19:49:28.625478 [debug] [Thread-8 (]: On model.zomato.stg_users: Close
[0m19:49:28.627355 [debug] [Thread-5 (]: SQL status: SUCCESS 1 in 1.196 seconds
[0m19:49:28.630836 [debug] [Thread-7 (]: On model.zomato.stg_reviews: Close
[0m19:49:28.642314 [debug] [Thread-5 (]: On model.zomato.stg_orders: Close
[0m19:49:28.819142 [debug] [Thread-1 (]: SQL status: SUCCESS 1 in 1.416 seconds
[0m19:49:28.825550 [debug] [Thread-1 (]: On model.zomato.dim_date: Close
[0m19:49:28.847319 [debug] [Thread-3 (]: Sending event: {'category': 'dbt', 'action': 'run_model', 'label': '7a90b671-0a12-46a2-a176-1b41711cf154', 'context': [<snowplow_tracker.self_describing_json.SelfDescribingJson object at 0x7f75f91bcda0>]}
[0m19:49:28.848445 [debug] [Thread-4 (]: Sending event: {'category': 'dbt', 'action': 'run_model', 'label': '7a90b671-0a12-46a2-a176-1b41711cf154', 'context': [<snowplow_tracker.self_describing_json.SelfDescribingJson object at 0x7f75f4a7a0c0>]}
[0m19:49:28.849651 [info ] [Thread-3 (]: 3 of 32 OK created sql view model staging.stg_menu ............................. [[32mSUCCESS 1[0m in 1.65s]
[0m19:49:28.851238 [info ] [Thread-4 (]: 4 of 32 OK created sql view model staging.stg_order_items ...................... [[32mSUCCESS 1[0m in 1.65s]
[0m19:49:28.852517 [debug] [Thread-3 (]: Finished running node model.zomato.stg_menu
[0m19:49:28.853678 [debug] [Thread-4 (]: Finished running node model.zomato.stg_order_items
[0m19:49:28.855881 [debug] [Thread-3 (]: Began running node test.zomato.not_null_stg_order_items_order_item_id.26a7e2bc35
[0m19:49:28.856701 [debug] [Thread-4 (]: Began running node test.zomato.unique_stg_order_items_order_item_id.90e333a108
[0m19:49:28.857614 [info ] [Thread-3 (]: 9 of 32 START test not_null_stg_order_items_order_item_id ...................... [RUN]
[0m19:49:28.858512 [info ] [Thread-4 (]: 10 of 32 START test unique_stg_order_items_order_item_id ....................... [RUN]
[0m19:49:28.859746 [debug] [Thread-3 (]: Re-using an available connection from the pool (formerly model.zomato.stg_menu, now test.zomato.not_null_stg_order_items_order_item_id.26a7e2bc35)
[0m19:49:28.860813 [debug] [Thread-4 (]: Re-using an available connection from the pool (formerly model.zomato.stg_order_items, now test.zomato.unique_stg_order_items_order_item_id.90e333a108)
[0m19:49:28.861839 [debug] [Thread-3 (]: Began compiling node test.zomato.not_null_stg_order_items_order_item_id.26a7e2bc35
[0m19:49:28.863045 [debug] [Thread-4 (]: Began compiling node test.zomato.unique_stg_order_items_order_item_id.90e333a108
[0m19:49:28.898248 [debug] [Thread-4 (]: Writing injected SQL for node "test.zomato.unique_stg_order_items_order_item_id.90e333a108"
[0m19:49:28.900680 [debug] [Thread-3 (]: Writing injected SQL for node "test.zomato.not_null_stg_order_items_order_item_id.26a7e2bc35"
[0m19:49:28.904603 [debug] [Thread-4 (]: Began executing node test.zomato.unique_stg_order_items_order_item_id.90e333a108
[0m19:49:28.905468 [debug] [Thread-3 (]: Began executing node test.zomato.not_null_stg_order_items_order_item_id.26a7e2bc35
[0m19:49:28.956753 [debug] [Thread-4 (]: Writing runtime sql for node "test.zomato.unique_stg_order_items_order_item_id.90e333a108"
[0m19:49:28.955281 [debug] [Thread-3 (]: Writing runtime sql for node "test.zomato.not_null_stg_order_items_order_item_id.26a7e2bc35"
[0m19:49:28.966735 [debug] [Thread-7 (]: Sending event: {'category': 'dbt', 'action': 'run_model', 'label': '7a90b671-0a12-46a2-a176-1b41711cf154', 'context': [<snowplow_tracker.self_describing_json.SelfDescribingJson object at 0x7f75f498b9b0>]}
[0m19:49:28.968706 [debug] [Thread-5 (]: Sending event: {'category': 'dbt', 'action': 'run_model', 'label': '7a90b671-0a12-46a2-a176-1b41711cf154', 'context': [<snowplow_tracker.self_describing_json.SelfDescribingJson object at 0x7f75f5cae0c0>]}
[0m19:49:28.970153 [info ] [Thread-7 (]: 7 of 32 OK created sql view model staging.stg_reviews .......................... [[32mSUCCESS 1[0m in 1.77s]
[0m19:49:28.971818 [info ] [Thread-5 (]: 5 of 32 OK created sql view model staging.stg_orders ........................... [[32mSUCCESS 1[0m in 1.77s]
[0m19:49:28.973645 [debug] [Thread-6 (]: Sending event: {'category': 'dbt', 'action': 'run_model', 'label': '7a90b671-0a12-46a2-a176-1b41711cf154', 'context': [<snowplow_tracker.self_describing_json.SelfDescribingJson object at 0x7f75f5caf1a0>]}
[0m19:49:28.974930 [debug] [Thread-8 (]: Sending event: {'category': 'dbt', 'action': 'run_model', 'label': '7a90b671-0a12-46a2-a176-1b41711cf154', 'context': [<snowplow_tracker.self_describing_json.SelfDescribingJson object at 0x7f75e4289160>]}
[0m19:49:28.976990 [debug] [Thread-7 (]: Finished running node model.zomato.stg_reviews
[0m19:49:28.979535 [debug] [Thread-4 (]: Using snowflake connection "test.zomato.unique_stg_order_items_order_item_id.90e333a108"
[0m19:49:28.980710 [debug] [Thread-5 (]: Finished running node model.zomato.stg_orders
[0m19:49:28.982028 [debug] [Thread-3 (]: Using snowflake connection "test.zomato.not_null_stg_order_items_order_item_id.26a7e2bc35"
[0m19:49:28.983340 [debug] [Thread-2 (]: Sending event: {'category': 'dbt', 'action': 'run_model', 'label': '7a90b671-0a12-46a2-a176-1b41711cf154', 'context': [<snowplow_tracker.self_describing_json.SelfDescribingJson object at 0x7f75f5cadee0>]}
[0m19:49:28.984596 [info ] [Thread-6 (]: 6 of 32 OK created sql view model staging.stg_restaurants ...................... [[32mSUCCESS 1[0m in 1.78s]
[0m19:49:28.986185 [info ] [Thread-8 (]: 8 of 32 OK created sql view model staging.stg_users ............................ [[32mSUCCESS 1[0m in 1.77s]
[0m19:49:28.988933 [debug] [Thread-7 (]: Began running node test.zomato.not_null_stg_reviews_review_id.943b8fc3e4
[0m19:49:28.990801 [debug] [Thread-4 (]: On test.zomato.unique_stg_order_items_order_item_id.90e333a108: /* {"app": "dbt", "dbt_version": "1.12.0", "profile_name": "zomato", "target_name": "dev", "node_id": "test.zomato.unique_stg_order_items_order_item_id.90e333a108"} */
select
      count(*) as failures,
      count(*) != 0 as should_warn,
      count(*) != 0 as should_error
    from (
      
    
  
    
    

select
    order_item_id as unique_field,
    count(*) as n_records

from ZOMATO.staging.stg_order_items
where order_item_id is not null
group by order_item_id
having count(*) > 1



  
  
      
    ) dbt_internal_test
[0m19:49:28.993647 [debug] [Thread-5 (]: Began running node test.zomato.unique_stg_reviews_review_id.9b6c259f3c
[0m19:49:28.995499 [debug] [Thread-3 (]: On test.zomato.not_null_stg_order_items_order_item_id.26a7e2bc35: /* {"app": "dbt", "dbt_version": "1.12.0", "profile_name": "zomato", "target_name": "dev", "node_id": "test.zomato.not_null_stg_order_items_order_item_id.26a7e2bc35"} */
select
      count(*) as failures,
      count(*) != 0 as should_warn,
      count(*) != 0 as should_error
    from (
      
    
  
    
    



select order_item_id
from ZOMATO.staging.stg_order_items
where order_item_id is null



  
  
      
    ) dbt_internal_test
[0m19:49:28.997613 [info ] [Thread-2 (]: 2 of 32 OK created sql view model staging.stg_food ............................. [[32mSUCCESS 1[0m in 1.80s]
[0m19:49:28.999511 [debug] [Thread-6 (]: Finished running node model.zomato.stg_restaurants
[0m19:49:29.000773 [debug] [Thread-8 (]: Finished running node model.zomato.stg_users
[0m19:49:29.001774 [info ] [Thread-7 (]: 11 of 32 START test not_null_stg_reviews_review_id ............................. [RUN]
[0m19:49:29.002722 [debug] [Thread-4 (]: Opening a new connection, currently in state closed
[0m19:49:29.003736 [info ] [Thread-5 (]: 12 of 32 START test unique_stg_reviews_review_id ............................... [RUN]
[0m19:49:29.004906 [debug] [Thread-3 (]: Opening a new connection, currently in state closed
[0m19:49:29.006270 [debug] [Thread-2 (]: Finished running node model.zomato.stg_food
[0m19:49:29.007528 [debug] [Thread-6 (]: Began running node test.zomato.not_null_stg_orders_order_id.81cfe2fe64
[0m19:49:29.009095 [debug] [Thread-8 (]: Began running node test.zomato.not_null_stg_orders_r_id.902d9e6a31
[0m19:49:29.010471 [debug] [Thread-7 (]: Re-using an available connection from the pool (formerly model.zomato.stg_reviews, now test.zomato.not_null_stg_reviews_review_id.943b8fc3e4)
[0m19:49:29.017518 [debug] [Thread-5 (]: Re-using an available connection from the pool (formerly model.zomato.stg_orders, now test.zomato.unique_stg_reviews_review_id.9b6c259f3c)
[0m19:49:29.037789 [debug] [Thread-2 (]: Began running node test.zomato.not_null_stg_orders_user_id.7d129d0209
[0m19:49:29.059239 [info ] [Thread-6 (]: 13 of 32 START test not_null_stg_orders_order_id ............................... [RUN]
[0m19:49:29.061050 [info ] [Thread-8 (]: 14 of 32 START test not_null_stg_orders_r_id ................................... [RUN]
[0m19:49:29.071388 [debug] [Thread-7 (]: Began compiling node test.zomato.not_null_stg_reviews_review_id.943b8fc3e4
[0m19:49:29.076232 [debug] [Thread-5 (]: Began compiling node test.zomato.unique_stg_reviews_review_id.9b6c259f3c
[0m19:49:29.098629 [info ] [Thread-2 (]: 15 of 32 START test not_null_stg_orders_user_id ................................ [RUN]
[0m19:49:29.107151 [debug] [Thread-6 (]: Re-using an available connection from the pool (formerly model.zomato.stg_restaurants, now test.zomato.not_null_stg_orders_order_id.81cfe2fe64)
[0m19:49:29.115588 [debug] [Thread-8 (]: Re-using an available connection from the pool (formerly model.zomato.stg_users, now test.zomato.not_null_stg_orders_r_id.902d9e6a31)
[0m19:49:29.141068 [debug] [Thread-7 (]: Writing injected SQL for node "test.zomato.not_null_stg_reviews_review_id.943b8fc3e4"
[0m19:49:29.157194 [debug] [Thread-5 (]: Writing injected SQL for node "test.zomato.unique_stg_reviews_review_id.9b6c259f3c"
[0m19:49:29.158242 [debug] [Thread-2 (]: Re-using an available connection from the pool (formerly model.zomato.stg_food, now test.zomato.not_null_stg_orders_user_id.7d129d0209)
[0m19:49:29.160414 [debug] [Thread-6 (]: Began compiling node test.zomato.not_null_stg_orders_order_id.81cfe2fe64
[0m19:49:29.161941 [debug] [Thread-1 (]: Sending event: {'category': 'dbt', 'action': 'run_model', 'label': '7a90b671-0a12-46a2-a176-1b41711cf154', 'context': [<snowplow_tracker.self_describing_json.SelfDescribingJson object at 0x7f75fb28a630>]}
[0m19:49:29.164444 [debug] [Thread-8 (]: Began compiling node test.zomato.not_null_stg_orders_r_id.902d9e6a31
[0m19:49:29.166605 [debug] [Thread-2 (]: Began compiling node test.zomato.not_null_stg_orders_user_id.7d129d0209
[0m19:49:29.179774 [info ] [Thread-1 (]: 1 of 32 OK created sql table model marts.dim_date .............................. [[32mSUCCESS 1[0m in 1.98s]
[0m19:49:29.180870 [debug] [Thread-7 (]: Began executing node test.zomato.not_null_stg_reviews_review_id.943b8fc3e4
[0m19:49:29.183370 [debug] [Thread-6 (]: Writing injected SQL for node "test.zomato.not_null_stg_orders_order_id.81cfe2fe64"
[0m19:49:29.195433 [debug] [Thread-5 (]: Began executing node test.zomato.unique_stg_reviews_review_id.9b6c259f3c
[0m19:49:29.196333 [debug] [Thread-8 (]: Writing injected SQL for node "test.zomato.not_null_stg_orders_r_id.902d9e6a31"
[0m19:49:29.208477 [debug] [Thread-1 (]: Finished running node model.zomato.dim_date
[0m19:49:29.207461 [debug] [Thread-2 (]: Writing injected SQL for node "test.zomato.not_null_stg_orders_user_id.7d129d0209"
[0m19:49:29.212395 [debug] [Thread-7 (]: Writing runtime sql for node "test.zomato.not_null_stg_reviews_review_id.943b8fc3e4"
[0m19:49:29.216376 [debug] [Thread-5 (]: Writing runtime sql for node "test.zomato.unique_stg_reviews_review_id.9b6c259f3c"
[0m19:49:29.218089 [debug] [Thread-1 (]: Began running node test.zomato.unique_stg_orders_order_id.e3b841c71a
[0m19:49:29.219666 [debug] [Thread-6 (]: Began executing node test.zomato.not_null_stg_orders_order_id.81cfe2fe64
[0m19:49:29.221582 [debug] [Thread-8 (]: Began executing node test.zomato.not_null_stg_orders_r_id.902d9e6a31
[0m19:49:29.226811 [debug] [Thread-6 (]: Writing runtime sql for node "test.zomato.not_null_stg_orders_order_id.81cfe2fe64"
[0m19:49:29.223080 [info ] [Thread-1 (]: 16 of 32 START test unique_stg_orders_order_id ................................. [RUN]
[0m19:49:29.228816 [debug] [Thread-2 (]: Began executing node test.zomato.not_null_stg_orders_user_id.7d129d0209
[0m19:49:29.230754 [debug] [Thread-5 (]: Using snowflake connection "test.zomato.unique_stg_reviews_review_id.9b6c259f3c"
[0m19:49:29.233902 [debug] [Thread-8 (]: Writing runtime sql for node "test.zomato.not_null_stg_orders_r_id.902d9e6a31"
[0m19:49:29.235297 [debug] [Thread-7 (]: Using snowflake connection "test.zomato.not_null_stg_reviews_review_id.943b8fc3e4"
[0m19:49:29.236601 [debug] [Thread-1 (]: Re-using an available connection from the pool (formerly model.zomato.dim_date, now test.zomato.unique_stg_orders_order_id.e3b841c71a)
[0m19:49:29.241454 [debug] [Thread-2 (]: Writing runtime sql for node "test.zomato.not_null_stg_orders_user_id.7d129d0209"
[0m19:49:29.242714 [debug] [Thread-5 (]: On test.zomato.unique_stg_reviews_review_id.9b6c259f3c: /* {"app": "dbt", "dbt_version": "1.12.0", "profile_name": "zomato", "target_name": "dev", "node_id": "test.zomato.unique_stg_reviews_review_id.9b6c259f3c"} */
select
      count(*) as failures,
      count(*) != 0 as should_warn,
      count(*) != 0 as should_error
    from (
      
    
  
    
    

select
    review_id as unique_field,
    count(*) as n_records

from ZOMATO.staging.stg_reviews
where review_id is not null
group by review_id
having count(*) > 1



  
  
      
    ) dbt_internal_test
[0m19:49:29.244481 [debug] [Thread-6 (]: Using snowflake connection "test.zomato.not_null_stg_orders_order_id.81cfe2fe64"
[0m19:49:29.245766 [debug] [Thread-7 (]: On test.zomato.not_null_stg_reviews_review_id.943b8fc3e4: /* {"app": "dbt", "dbt_version": "1.12.0", "profile_name": "zomato", "target_name": "dev", "node_id": "test.zomato.not_null_stg_reviews_review_id.943b8fc3e4"} */
select
      count(*) as failures,
      count(*) != 0 as should_warn,
      count(*) != 0 as should_error
    from (
      
    
  
    
    



select review_id
from ZOMATO.staging.stg_reviews
where review_id is null



  
  
      
    ) dbt_internal_test
[0m19:49:29.247041 [debug] [Thread-1 (]: Began compiling node test.zomato.unique_stg_orders_order_id.e3b841c71a
[0m19:49:29.248730 [debug] [Thread-5 (]: Opening a new connection, currently in state closed
[0m19:49:29.250476 [debug] [Thread-6 (]: On test.zomato.not_null_stg_orders_order_id.81cfe2fe64: /* {"app": "dbt", "dbt_version": "1.12.0", "profile_name": "zomato", "target_name": "dev", "node_id": "test.zomato.not_null_stg_orders_order_id.81cfe2fe64"} */
select
      count(*) as failures,
      count(*) != 0 as should_warn,
      count(*) != 0 as should_error
    from (
      
    
  
    
    



select order_id
from ZOMATO.staging.stg_orders
where order_id is null



  
  
      
    ) dbt_internal_test
[0m19:49:29.252159 [debug] [Thread-8 (]: Using snowflake connection "test.zomato.not_null_stg_orders_r_id.902d9e6a31"
[0m19:49:29.253301 [debug] [Thread-7 (]: Opening a new connection, currently in state closed
[0m19:49:29.254892 [debug] [Thread-2 (]: Using snowflake connection "test.zomato.not_null_stg_orders_user_id.7d129d0209"
[0m19:49:29.308586 [debug] [Thread-2 (]: On test.zomato.not_null_stg_orders_user_id.7d129d0209: /* {"app": "dbt", "dbt_version": "1.12.0", "profile_name": "zomato", "target_name": "dev", "node_id": "test.zomato.not_null_stg_orders_user_id.7d129d0209"} */
select
      count(*) as failures,
      count(*) != 0 as should_warn,
      count(*) != 0 as should_error
    from (
      
    
  
    
    



select user_id
from ZOMATO.staging.stg_orders
where user_id is null



  
  
      
    ) dbt_internal_test
[0m19:49:29.281557 [debug] [Thread-6 (]: Opening a new connection, currently in state closed
[0m19:49:29.295751 [debug] [Thread-8 (]: On test.zomato.not_null_stg_orders_r_id.902d9e6a31: /* {"app": "dbt", "dbt_version": "1.12.0", "profile_name": "zomato", "target_name": "dev", "node_id": "test.zomato.not_null_stg_orders_r_id.902d9e6a31"} */
select
      count(*) as failures,
      count(*) != 0 as should_warn,
      count(*) != 0 as should_error
    from (
      
    
  
    
    



select r_id
from ZOMATO.staging.stg_orders
where r_id is null



  
  
      
    ) dbt_internal_test
[0m19:49:29.265981 [debug] [Thread-1 (]: Writing injected SQL for node "test.zomato.unique_stg_orders_order_id.e3b841c71a"
[0m19:49:29.312450 [debug] [Thread-2 (]: Opening a new connection, currently in state closed
[0m19:49:29.372246 [debug] [Thread-8 (]: Opening a new connection, currently in state closed
[0m19:49:29.417733 [debug] [Thread-1 (]: Began executing node test.zomato.unique_stg_orders_order_id.e3b841c71a
[0m19:49:29.485579 [debug] [Thread-1 (]: Writing runtime sql for node "test.zomato.unique_stg_orders_order_id.e3b841c71a"
[0m19:49:29.514685 [debug] [Thread-1 (]: Using snowflake connection "test.zomato.unique_stg_orders_order_id.e3b841c71a"
[0m19:49:29.520436 [debug] [Thread-1 (]: On test.zomato.unique_stg_orders_order_id.e3b841c71a: /* {"app": "dbt", "dbt_version": "1.12.0", "profile_name": "zomato", "target_name": "dev", "node_id": "test.zomato.unique_stg_orders_order_id.e3b841c71a"} */
select
      count(*) as failures,
      count(*) != 0 as should_warn,
      count(*) != 0 as should_error
    from (
      
    
  
    
    

select
    order_id as unique_field,
    count(*) as n_records

from ZOMATO.staging.stg_orders
where order_id is not null
group by order_id
having count(*) > 1



  
  
      
    ) dbt_internal_test
[0m19:49:29.522036 [debug] [Thread-1 (]: Opening a new connection, currently in state closed
[0m19:49:30.044597 [debug] [Thread-3 (]: SQL status: SUCCESS 1 in 1.040 seconds
[0m19:49:30.050812 [debug] [Thread-3 (]: On test.zomato.not_null_stg_order_items_order_item_id.26a7e2bc35: Close
[0m19:49:30.199979 [debug] [Thread-7 (]: SQL status: SUCCESS 1 in 0.947 seconds
[0m19:49:30.203192 [debug] [Thread-7 (]: On test.zomato.not_null_stg_reviews_review_id.943b8fc3e4: Close
[0m19:49:30.272834 [debug] [Thread-6 (]: SQL status: SUCCESS 1 in 0.991 seconds
[0m19:49:30.276707 [debug] [Thread-6 (]: On test.zomato.not_null_stg_orders_order_id.81cfe2fe64: Close
[0m19:49:30.288166 [info ] [Thread-3 (]: 9 of 32 PASS not_null_stg_order_items_order_item_id ............................ [[32mPASS[0m in 1.43s]
[0m19:49:30.289708 [debug] [Thread-3 (]: Finished running node test.zomato.not_null_stg_order_items_order_item_id.26a7e2bc35
[0m19:49:30.290895 [debug] [Thread-3 (]: Began running node test.zomato.not_null_stg_restaurants_id.732688e26a
[0m19:49:30.291972 [info ] [Thread-3 (]: 17 of 32 START test not_null_stg_restaurants_id ................................ [RUN]
[0m19:49:30.293265 [debug] [Thread-3 (]: Re-using an available connection from the pool (formerly test.zomato.not_null_stg_order_items_order_item_id.26a7e2bc35, now test.zomato.not_null_stg_restaurants_id.732688e26a)
[0m19:49:30.294183 [debug] [Thread-3 (]: Began compiling node test.zomato.not_null_stg_restaurants_id.732688e26a
[0m19:49:30.305477 [debug] [Thread-3 (]: Writing injected SQL for node "test.zomato.not_null_stg_restaurants_id.732688e26a"
[0m19:49:30.308261 [debug] [Thread-3 (]: Began executing node test.zomato.not_null_stg_restaurants_id.732688e26a
[0m19:49:30.311462 [debug] [Thread-3 (]: Writing runtime sql for node "test.zomato.not_null_stg_restaurants_id.732688e26a"
[0m19:49:30.316749 [debug] [Thread-3 (]: Using snowflake connection "test.zomato.not_null_stg_restaurants_id.732688e26a"
[0m19:49:30.317844 [debug] [Thread-3 (]: On test.zomato.not_null_stg_restaurants_id.732688e26a: /* {"app": "dbt", "dbt_version": "1.12.0", "profile_name": "zomato", "target_name": "dev", "node_id": "test.zomato.not_null_stg_restaurants_id.732688e26a"} */
select
      count(*) as failures,
      count(*) != 0 as should_warn,
      count(*) != 0 as should_error
    from (
      
    
  
    
    



select id
from ZOMATO.staging.stg_restaurants
where id is null



  
  
      
    ) dbt_internal_test
[0m19:49:30.319141 [debug] [Thread-3 (]: Opening a new connection, currently in state closed
[0m19:49:30.369759 [debug] [Thread-2 (]: SQL status: SUCCESS 1 in 1.057 seconds
[0m19:49:30.415871 [debug] [Thread-2 (]: On test.zomato.not_null_stg_orders_user_id.7d129d0209: Close
[0m19:49:30.439804 [debug] [Thread-8 (]: SQL status: SUCCESS 1 in 1.067 seconds
[0m19:49:30.449370 [debug] [Thread-8 (]: On test.zomato.not_null_stg_orders_r_id.902d9e6a31: Close
[0m19:49:30.463165 [debug] [Thread-5 (]: SQL status: SUCCESS 1 in 1.214 seconds
[0m19:49:30.468577 [debug] [Thread-5 (]: On test.zomato.unique_stg_reviews_review_id.9b6c259f3c: Close
[0m19:49:30.470885 [info ] [Thread-7 (]: 11 of 32 PASS not_null_stg_reviews_review_id ................................... [[32mPASS[0m in 1.46s]
[0m19:49:30.481233 [debug] [Thread-7 (]: Finished running node test.zomato.not_null_stg_reviews_review_id.943b8fc3e4
[0m19:49:30.483371 [debug] [Thread-7 (]: Began running node test.zomato.unique_stg_restaurants_id.43c737c387
[0m19:49:30.487723 [info ] [Thread-7 (]: 18 of 32 START test unique_stg_restaurants_id .................................. [RUN]
[0m19:49:30.491480 [debug] [Thread-7 (]: Re-using an available connection from the pool (formerly test.zomato.not_null_stg_reviews_review_id.943b8fc3e4, now test.zomato.unique_stg_restaurants_id.43c737c387)
[0m19:49:30.495245 [debug] [Thread-7 (]: Began compiling node test.zomato.unique_stg_restaurants_id.43c737c387
[0m19:49:30.510626 [debug] [Thread-7 (]: Writing injected SQL for node "test.zomato.unique_stg_restaurants_id.43c737c387"
[0m19:49:30.514062 [debug] [Thread-7 (]: Began executing node test.zomato.unique_stg_restaurants_id.43c737c387
[0m19:49:30.517718 [debug] [Thread-7 (]: Writing runtime sql for node "test.zomato.unique_stg_restaurants_id.43c737c387"
[0m19:49:30.521474 [debug] [Thread-7 (]: Using snowflake connection "test.zomato.unique_stg_restaurants_id.43c737c387"
[0m19:49:30.522520 [debug] [Thread-7 (]: On test.zomato.unique_stg_restaurants_id.43c737c387: /* {"app": "dbt", "dbt_version": "1.12.0", "profile_name": "zomato", "target_name": "dev", "node_id": "test.zomato.unique_stg_restaurants_id.43c737c387"} */
select
      count(*) as failures,
      count(*) != 0 as should_warn,
      count(*) != 0 as should_error
    from (
      
    
  
    
    

select
    id as unique_field,
    count(*) as n_records

from ZOMATO.staging.stg_restaurants
where id is not null
group by id
having count(*) > 1



  
  
      
    ) dbt_internal_test
[0m19:49:30.523817 [debug] [Thread-7 (]: Opening a new connection, currently in state closed
[0m19:49:30.570936 [debug] [Thread-4 (]: SQL status: SUCCESS 1 in 1.568 seconds
[0m19:49:30.583762 [debug] [Thread-4 (]: On test.zomato.unique_stg_order_items_order_item_id.90e333a108: Close
[0m19:49:30.576051 [info ] [Thread-6 (]: 13 of 32 PASS not_null_stg_orders_order_id ..................................... [[32mPASS[0m in 1.47s]
[0m19:49:30.601034 [debug] [Thread-6 (]: Finished running node test.zomato.not_null_stg_orders_order_id.81cfe2fe64
[0m19:49:30.619504 [debug] [Thread-6 (]: Began running node test.zomato.not_null_stg_users_user_id.980dfc1b77
[0m19:49:30.627777 [info ] [Thread-6 (]: 19 of 32 START test not_null_stg_users_user_id ................................. [RUN]
[0m19:49:30.633687 [debug] [Thread-6 (]: Re-using an available connection from the pool (formerly test.zomato.not_null_stg_orders_order_id.81cfe2fe64, now test.zomato.not_null_stg_users_user_id.980dfc1b77)
[0m19:49:30.636094 [debug] [Thread-6 (]: Began compiling node test.zomato.not_null_stg_users_user_id.980dfc1b77
[0m19:49:30.652514 [debug] [Thread-6 (]: Writing injected SQL for node "test.zomato.not_null_stg_users_user_id.980dfc1b77"
[0m19:49:30.656242 [debug] [Thread-6 (]: Began executing node test.zomato.not_null_stg_users_user_id.980dfc1b77
[0m19:49:30.660939 [debug] [Thread-6 (]: Writing runtime sql for node "test.zomato.not_null_stg_users_user_id.980dfc1b77"
[0m19:49:30.665026 [debug] [Thread-6 (]: Using snowflake connection "test.zomato.not_null_stg_users_user_id.980dfc1b77"
[0m19:49:30.666355 [debug] [Thread-6 (]: On test.zomato.not_null_stg_users_user_id.980dfc1b77: /* {"app": "dbt", "dbt_version": "1.12.0", "profile_name": "zomato", "target_name": "dev", "node_id": "test.zomato.not_null_stg_users_user_id.980dfc1b77"} */
select
      count(*) as failures,
      count(*) != 0 as should_warn,
      count(*) != 0 as should_error
    from (
      
    
  
    
    



select user_id
from ZOMATO.staging.stg_users
where user_id is null



  
  
      
    ) dbt_internal_test
[0m19:49:30.667497 [debug] [Thread-6 (]: Opening a new connection, currently in state closed
[0m19:49:30.704150 [debug] [Thread-1 (]: SQL status: SUCCESS 1 in 1.182 seconds
[0m19:49:30.716505 [debug] [Thread-1 (]: On test.zomato.unique_stg_orders_order_id.e3b841c71a: Close
[0m19:49:30.718867 [info ] [Thread-2 (]: 15 of 32 PASS not_null_stg_orders_user_id ...................................... [[32mPASS[0m in 1.56s]
[0m19:49:30.731772 [debug] [Thread-2 (]: Finished running node test.zomato.not_null_stg_orders_user_id.7d129d0209
[0m19:49:30.733532 [debug] [Thread-2 (]: Began running node test.zomato.unique_stg_users_user_id.c2ff477e6b
[0m19:49:30.739277 [info ] [Thread-2 (]: 20 of 32 START test unique_stg_users_user_id ................................... [RUN]
[0m19:49:30.743674 [debug] [Thread-2 (]: Re-using an available connection from the pool (formerly test.zomato.not_null_stg_orders_user_id.7d129d0209, now test.zomato.unique_stg_users_user_id.c2ff477e6b)
[0m19:49:30.744859 [debug] [Thread-2 (]: Began compiling node test.zomato.unique_stg_users_user_id.c2ff477e6b
[0m19:49:30.757100 [debug] [Thread-2 (]: Writing injected SQL for node "test.zomato.unique_stg_users_user_id.c2ff477e6b"
[0m19:49:30.761355 [debug] [Thread-2 (]: Began executing node test.zomato.unique_stg_users_user_id.c2ff477e6b
[0m19:49:30.764962 [debug] [Thread-2 (]: Writing runtime sql for node "test.zomato.unique_stg_users_user_id.c2ff477e6b"
[0m19:49:30.768845 [debug] [Thread-2 (]: Using snowflake connection "test.zomato.unique_stg_users_user_id.c2ff477e6b"
[0m19:49:30.770379 [debug] [Thread-2 (]: On test.zomato.unique_stg_users_user_id.c2ff477e6b: /* {"app": "dbt", "dbt_version": "1.12.0", "profile_name": "zomato", "target_name": "dev", "node_id": "test.zomato.unique_stg_users_user_id.c2ff477e6b"} */
select
      count(*) as failures,
      count(*) != 0 as should_warn,
      count(*) != 0 as should_error
    from (
      
    
  
    
    

select
    user_id as unique_field,
    count(*) as n_records

from ZOMATO.staging.stg_users
where user_id is not null
group by user_id
having count(*) > 1



  
  
      
    ) dbt_internal_test
[0m19:49:30.772118 [debug] [Thread-2 (]: Opening a new connection, currently in state closed
[0m19:49:30.813156 [info ] [Thread-8 (]: 14 of 32 PASS not_null_stg_orders_r_id ......................................... [[32mPASS[0m in 1.70s]
[0m19:49:30.815854 [info ] [Thread-5 (]: 12 of 32 PASS unique_stg_reviews_review_id ..................................... [[32mPASS[0m in 1.80s]
[0m19:49:30.827431 [debug] [Thread-8 (]: Finished running node test.zomato.not_null_stg_orders_r_id.902d9e6a31
[0m19:49:30.837791 [debug] [Thread-5 (]: Finished running node test.zomato.unique_stg_reviews_review_id.9b6c259f3c
[0m19:49:30.844532 [debug] [Thread-8 (]: Began running node model.zomato.dim_food
[0m19:49:30.848709 [info ] [Thread-8 (]: 21 of 32 START sql table model marts.dim_food .................................. [RUN]
[0m19:49:30.850847 [debug] [Thread-8 (]: Re-using an available connection from the pool (formerly test.zomato.not_null_stg_orders_r_id.902d9e6a31, now model.zomato.dim_food)
[0m19:49:30.852161 [debug] [Thread-8 (]: Began compiling node model.zomato.dim_food
[0m19:49:30.857376 [debug] [Thread-8 (]: Writing injected SQL for node "model.zomato.dim_food"
[0m19:49:30.862154 [debug] [Thread-8 (]: Began executing node model.zomato.dim_food
[0m19:49:30.867651 [debug] [Thread-8 (]: Writing runtime sql for node "model.zomato.dim_food"
[0m19:49:30.872408 [debug] [Thread-8 (]: Using snowflake connection "model.zomato.dim_food"
[0m19:49:30.874740 [debug] [Thread-8 (]: On model.zomato.dim_food: /* {"app": "dbt", "dbt_version": "1.12.0", "profile_name": "zomato", "target_name": "dev", "node_id": "model.zomato.dim_food"} */
create or replace transient table ZOMATO.marts.dim_food
         as
        (select
    f_id,
    item as food_name,
    veg_or_non_veg
from ZOMATO.staging.stg_food
        );
[0m19:49:30.876527 [debug] [Thread-8 (]: Opening a new connection, currently in state closed
[0m19:49:30.931825 [info ] [Thread-4 (]: 10 of 32 PASS unique_stg_order_items_order_item_id ............................. [[32mPASS[0m in 2.07s]
[0m19:49:30.934657 [debug] [Thread-4 (]: Finished running node test.zomato.unique_stg_order_items_order_item_id.90e333a108
[0m19:49:30.956055 [info ] [Thread-1 (]: 16 of 32 PASS unique_stg_orders_order_id ....................................... [[32mPASS[0m in 1.72s]
[0m19:49:30.957456 [debug] [Thread-1 (]: Finished running node test.zomato.unique_stg_orders_order_id.e3b841c71a
[0m19:49:30.958949 [debug] [Thread-5 (]: Began running node model.zomato.fact_order_items
[0m19:49:30.959848 [debug] [Thread-4 (]: Began running node model.zomato.fct_orders
[0m19:49:30.960941 [info ] [Thread-5 (]: 22 of 32 START sql incremental model marts.fact_order_items .................... [RUN]
[0m19:49:30.962861 [info ] [Thread-4 (]: 23 of 32 START sql incremental model marts.fct_orders .......................... [RUN]
[0m19:49:30.965132 [debug] [Thread-5 (]: Re-using an available connection from the pool (formerly test.zomato.unique_stg_reviews_review_id.9b6c259f3c, now model.zomato.fact_order_items)
[0m19:49:30.966616 [debug] [Thread-4 (]: Re-using an available connection from the pool (formerly test.zomato.unique_stg_order_items_order_item_id.90e333a108, now model.zomato.fct_orders)
[0m19:49:30.969302 [debug] [Thread-5 (]: Began compiling node model.zomato.fact_order_items
[0m19:49:30.985130 [debug] [Thread-4 (]: Began compiling node model.zomato.fct_orders
[0m19:49:31.006093 [debug] [Thread-5 (]: Writing injected SQL for node "model.zomato.fact_order_items"
[0m19:49:31.008965 [debug] [Thread-4 (]: Writing injected SQL for node "model.zomato.fct_orders"
[0m19:49:31.014512 [debug] [Thread-5 (]: Began executing node model.zomato.fact_order_items
[0m19:49:31.024447 [debug] [Thread-4 (]: Began executing node model.zomato.fct_orders
[0m19:49:31.110263 [debug] [Thread-4 (]: Using snowflake connection "model.zomato.fct_orders"
[0m19:49:31.112748 [debug] [Thread-4 (]: On model.zomato.fct_orders: /* {"app": "dbt", "dbt_version": "1.12.0", "profile_name": "zomato", "target_name": "dev", "node_id": "model.zomato.fct_orders"} */
create or replace  temporary view ZOMATO.marts.fct_orders__dbt_tmp
  
   as (
    
select
    order_id,
    order_timestamp,
    order_date,
    user_id as customer_id,
    r_id as restaurant_id,
    restaurant_city as city,
    cuisine,
    payment_method,
    order_status,
    case when order_status = 'Delivered' then true else false end as is_delivered,
    items_count,
    sales_qty,
    subtotal,
    discount,
    delivery_fee,
    gst,
    sales_amount,
    customer_rating,
    delivery_time_min
from ZOMATO.staging.stg_orders

  where order_timestamp > (select coalesce(max(order_timestamp),'1900-01-01'::timestamp) from ZOMATO.marts.fct_orders)

  );
[0m19:49:31.117431 [debug] [Thread-5 (]: Using snowflake connection "model.zomato.fact_order_items"
[0m19:49:31.118269 [debug] [Thread-4 (]: Opening a new connection, currently in state closed
[0m19:49:31.119673 [debug] [Thread-5 (]: On model.zomato.fact_order_items: /* {"app": "dbt", "dbt_version": "1.12.0", "profile_name": "zomato", "target_name": "dev", "node_id": "model.zomato.fact_order_items"} */
create or replace  temporary view ZOMATO.marts.fact_order_items__dbt_tmp
  
   as (
    
select
    oi.order_item_id,
    oi.order_id,
    oi.r_id as restaurant_id,
    oi.f_id,
    o.order_timestamp as order_ts,
    o.order_date,
    o.restaurant_city as city,
    oi.price,
    oi.quantity,
    oi.line_amount
from ZOMATO.staging.stg_order_items oi
inner join ZOMATO.staging.stg_orders o using (order_id)

  where o.order_timestamp > (select coalesce(max(order_ts),'1900-01-01'::timestamp) from ZOMATO.marts.fact_order_items)

  );
[0m19:49:31.133366 [debug] [Thread-5 (]: Opening a new connection, currently in state closed
[0m19:49:31.443853 [debug] [Thread-3 (]: SQL status: SUCCESS 1 in 1.125 seconds
[0m19:49:31.447125 [debug] [Thread-3 (]: On test.zomato.not_null_stg_restaurants_id.732688e26a: Close
[0m19:49:31.606369 [debug] [Thread-6 (]: SQL status: SUCCESS 1 in 0.939 seconds
[0m19:49:31.610391 [debug] [Thread-6 (]: On test.zomato.not_null_stg_users_user_id.980dfc1b77: Close
[0m19:49:31.644020 [debug] [Thread-7 (]: SQL status: SUCCESS 1 in 1.120 seconds
[0m19:49:31.647626 [debug] [Thread-7 (]: On test.zomato.unique_stg_restaurants_id.43c737c387: Close
[0m19:49:31.741608 [debug] [Thread-2 (]: SQL status: SUCCESS 1 in 0.970 seconds
[0m19:49:31.744920 [debug] [Thread-2 (]: On test.zomato.unique_stg_users_user_id.c2ff477e6b: Close
[0m19:49:31.746807 [info ] [Thread-3 (]: 17 of 32 PASS not_null_stg_restaurants_id ...................................... [[32mPASS[0m in 1.45s]
[0m19:49:31.752623 [debug] [Thread-3 (]: Finished running node test.zomato.not_null_stg_restaurants_id.732688e26a
[0m19:49:31.860350 [debug] [Thread-4 (]: SQL status: SUCCESS 1 in 0.742 seconds
[0m19:49:31.873252 [debug] [Thread-4 (]: Using snowflake connection "model.zomato.fct_orders"
[0m19:49:31.874334 [debug] [Thread-4 (]: On model.zomato.fct_orders: /* {"app": "dbt", "dbt_version": "1.12.0", "profile_name": "zomato", "target_name": "dev", "node_id": "model.zomato.fct_orders"} */
describe table ZOMATO.marts.fct_orders__dbt_tmp
[0m19:49:31.880403 [info ] [Thread-6 (]: 19 of 32 PASS not_null_stg_users_user_id ....................................... [[32mPASS[0m in 1.25s]
[0m19:49:31.881822 [debug] [Thread-6 (]: Finished running node test.zomato.not_null_stg_users_user_id.980dfc1b77
[0m19:49:31.942668 [info ] [Thread-2 (]: 20 of 32 PASS unique_stg_users_user_id ......................................... [[32mPASS[0m in 1.20s]
[0m19:49:31.944313 [debug] [Thread-2 (]: Finished running node test.zomato.unique_stg_users_user_id.c2ff477e6b
[0m19:49:31.946218 [debug] [Thread-1 (]: Began running node model.zomato.dim_customer
[0m19:49:31.947515 [info ] [Thread-1 (]: 24 of 32 START sql table model marts.dim_customer .............................. [RUN]
[0m19:49:31.948675 [debug] [Thread-1 (]: Re-using an available connection from the pool (formerly test.zomato.unique_stg_orders_order_id.e3b841c71a, now model.zomato.dim_customer)
[0m19:49:31.949658 [debug] [Thread-1 (]: Began compiling node model.zomato.dim_customer
[0m19:49:31.952779 [debug] [Thread-1 (]: Writing injected SQL for node "model.zomato.dim_customer"
[0m19:49:31.955483 [debug] [Thread-1 (]: Began executing node model.zomato.dim_customer
[0m19:49:31.960092 [debug] [Thread-1 (]: Writing runtime sql for node "model.zomato.dim_customer"
[0m19:49:31.963719 [debug] [Thread-1 (]: Using snowflake connection "model.zomato.dim_customer"
[0m19:49:31.964921 [debug] [Thread-1 (]: On model.zomato.dim_customer: /* {"app": "dbt", "dbt_version": "1.12.0", "profile_name": "zomato", "target_name": "dev", "node_id": "model.zomato.dim_customer"} */
create or replace transient table ZOMATO.marts.dim_customer
         as
        (select
    user_id as customer_id,
    name as customer_name,
    email,
    age,
    CASE WHEN age < 25 then 'Gen Z'
         WHEN age < 40 then 'Millennial'
         WHEN age < 55 then 'Gen X'
         WHEN age is null then 'Unknown'
         ELSE 'Boomer' END as age_segment,
    gender,
    marital_status,
    occupation,
    monthly_income,
    education,
    family_size
from ZOMATO.staging.stg_users
        );
[0m19:49:31.966367 [debug] [Thread-1 (]: Opening a new connection, currently in state closed
[0m19:49:32.003222 [info ] [Thread-7 (]: 18 of 32 PASS unique_stg_restaurants_id ........................................ [[32mPASS[0m in 1.51s]
[0m19:49:32.010292 [debug] [Thread-7 (]: Finished running node test.zomato.unique_stg_restaurants_id.43c737c387
[0m19:49:32.011785 [debug] [Thread-4 (]: SQL status: SUCCESS 19 in 0.137 seconds
[0m19:49:32.021675 [debug] [Thread-4 (]: Using snowflake connection "model.zomato.fct_orders"
[0m19:49:32.022775 [debug] [Thread-6 (]: Began running node model.zomato.dim_restaurants
[0m19:49:32.023909 [debug] [Thread-4 (]: On model.zomato.fct_orders: /* {"app": "dbt", "dbt_version": "1.12.0", "profile_name": "zomato", "target_name": "dev", "node_id": "model.zomato.fct_orders"} */
describe table ZOMATO.marts.fct_orders
[0m19:49:32.025549 [info ] [Thread-6 (]: 25 of 32 START sql table model marts.dim_restaurants ........................... [RUN]
[0m19:49:32.030717 [debug] [Thread-6 (]: Re-using an available connection from the pool (formerly test.zomato.not_null_stg_users_user_id.980dfc1b77, now model.zomato.dim_restaurants)
[0m19:49:32.032275 [debug] [Thread-6 (]: Began compiling node model.zomato.dim_restaurants
[0m19:49:32.035460 [debug] [Thread-6 (]: Writing injected SQL for node "model.zomato.dim_restaurants"
[0m19:49:32.037744 [debug] [Thread-6 (]: Began executing node model.zomato.dim_restaurants
[0m19:49:32.041591 [debug] [Thread-6 (]: Writing runtime sql for node "model.zomato.dim_restaurants"
[0m19:49:32.044756 [debug] [Thread-6 (]: Using snowflake connection "model.zomato.dim_restaurants"
[0m19:49:32.046437 [debug] [Thread-6 (]: On model.zomato.dim_restaurants: /* {"app": "dbt", "dbt_version": "1.12.0", "profile_name": "zomato", "target_name": "dev", "node_id": "model.zomato.dim_restaurants"} */
create or replace transient table ZOMATO.marts.dim_restaurants
         as
        (select
    id as restaurant_id,
    name as restaurant_name,
    city,
    cuisine,
    rating,
    rating_count,
    cost as cost_for_two
from ZOMATO.staging.stg_restaurants
        );
[0m19:49:32.047820 [debug] [Thread-6 (]: Opening a new connection, currently in state closed
[0m19:49:32.087125 [debug] [Thread-5 (]: SQL status: SUCCESS 1 in 0.954 seconds
[0m19:49:32.092642 [debug] [Thread-5 (]: Using snowflake connection "model.zomato.fact_order_items"
[0m19:49:32.094175 [debug] [Thread-5 (]: On model.zomato.fact_order_items: /* {"app": "dbt", "dbt_version": "1.12.0", "profile_name": "zomato", "target_name": "dev", "node_id": "model.zomato.fact_order_items"} */
describe table ZOMATO.marts.fact_order_items__dbt_tmp
[0m19:49:32.148317 [debug] [Thread-4 (]: SQL status: SUCCESS 19 in 0.122 seconds
[0m19:49:32.178580 [debug] [Thread-4 (]: Using snowflake connection "model.zomato.fct_orders"
[0m19:49:32.181304 [debug] [Thread-4 (]: On model.zomato.fct_orders: /* {"app": "dbt", "dbt_version": "1.12.0", "profile_name": "zomato", "target_name": "dev", "node_id": "model.zomato.fct_orders"} */
describe table ZOMATO.marts.fct_orders__dbt_tmp
[0m19:49:32.265661 [debug] [Thread-5 (]: SQL status: SUCCESS 10 in 0.170 seconds
[0m19:49:32.270658 [debug] [Thread-5 (]: Using snowflake connection "model.zomato.fact_order_items"
[0m19:49:32.272050 [debug] [Thread-5 (]: On model.zomato.fact_order_items: /* {"app": "dbt", "dbt_version": "1.12.0", "profile_name": "zomato", "target_name": "dev", "node_id": "model.zomato.fact_order_items"} */
describe table ZOMATO.marts.fact_order_items
[0m19:49:32.382300 [debug] [Thread-4 (]: SQL status: SUCCESS 19 in 0.200 seconds
[0m19:49:32.402304 [debug] [Thread-4 (]: Using snowflake connection "model.zomato.fct_orders"
[0m19:49:32.403506 [debug] [Thread-4 (]: On model.zomato.fct_orders: /* {"app": "dbt", "dbt_version": "1.12.0", "profile_name": "zomato", "target_name": "dev", "node_id": "model.zomato.fct_orders"} */
describe table "ZOMATO"."MARTS"."FCT_ORDERS"
[0m19:49:32.425633 [debug] [Thread-5 (]: SQL status: SUCCESS 10 in 0.152 seconds
[0m19:49:32.431521 [debug] [Thread-5 (]: Using snowflake connection "model.zomato.fact_order_items"
[0m19:49:32.432769 [debug] [Thread-5 (]: On model.zomato.fact_order_items: /* {"app": "dbt", "dbt_version": "1.12.0", "profile_name": "zomato", "target_name": "dev", "node_id": "model.zomato.fact_order_items"} */
describe table ZOMATO.marts.fact_order_items__dbt_tmp
[0m19:49:32.519722 [debug] [Thread-4 (]: SQL status: SUCCESS 19 in 0.115 seconds
[0m19:49:32.560259 [debug] [Thread-4 (]: 
    In "ZOMATO"."MARTS"."FCT_ORDERS":
        Schema changed: False
        Source columns not in target: []
        Target columns not in source: []
        New column types: []
  
[0m19:49:32.630776 [debug] [Thread-4 (]: Writing runtime sql for node "model.zomato.fct_orders"
[0m19:49:32.651149 [debug] [Thread-4 (]: Using snowflake connection "model.zomato.fct_orders"
[0m19:49:32.652303 [debug] [Thread-4 (]: On model.zomato.fct_orders: /* {"app": "dbt", "dbt_version": "1.12.0", "profile_name": "zomato", "target_name": "dev", "node_id": "model.zomato.fct_orders"} */
-- back compat for old kwarg name
  
  begin;
[0m19:49:32.657635 [debug] [Thread-5 (]: SQL status: SUCCESS 10 in 0.224 seconds
[0m19:49:32.674791 [debug] [Thread-5 (]: Using snowflake connection "model.zomato.fact_order_items"
[0m19:49:32.678097 [debug] [Thread-5 (]: On model.zomato.fact_order_items: /* {"app": "dbt", "dbt_version": "1.12.0", "profile_name": "zomato", "target_name": "dev", "node_id": "model.zomato.fact_order_items"} */
describe table "ZOMATO"."MARTS"."FACT_ORDER_ITEMS"
[0m19:49:32.795252 [debug] [Thread-4 (]: SQL status: SUCCESS 1 in 0.142 seconds
[0m19:49:32.797612 [debug] [Thread-8 (]: SQL status: SUCCESS 1 in 1.921 seconds
[0m19:49:32.798525 [debug] [Thread-4 (]: Using snowflake connection "model.zomato.fct_orders"
[0m19:49:32.802268 [debug] [Thread-8 (]: On model.zomato.dim_food: Close
[0m19:49:32.803701 [debug] [Thread-4 (]: On model.zomato.fct_orders: /* {"app": "dbt", "dbt_version": "1.12.0", "profile_name": "zomato", "target_name": "dev", "node_id": "model.zomato.fct_orders"} */
merge into ZOMATO.marts.fct_orders as DBT_INTERNAL_DEST
        using ZOMATO.marts.fct_orders__dbt_tmp as DBT_INTERNAL_SOURCE
        on ((DBT_INTERNAL_SOURCE.order_id = DBT_INTERNAL_DEST.order_id))

    
    when matched then update set
        "ORDER_ID" = DBT_INTERNAL_SOURCE."ORDER_ID","ORDER_TIMESTAMP" = DBT_INTERNAL_SOURCE."ORDER_TIMESTAMP","ORDER_DATE" = DBT_INTERNAL_SOURCE."ORDER_DATE","CUSTOMER_ID" = DBT_INTERNAL_SOURCE."CUSTOMER_ID","RESTAURANT_ID" = DBT_INTERNAL_SOURCE."RESTAURANT_ID","CITY" = DBT_INTERNAL_SOURCE."CITY","CUISINE" = DBT_INTERNAL_SOURCE."CUISINE","PAYMENT_METHOD" = DBT_INTERNAL_SOURCE."PAYMENT_METHOD","ORDER_STATUS" = DBT_INTERNAL_SOURCE."ORDER_STATUS","IS_DELIVERED" = DBT_INTERNAL_SOURCE."IS_DELIVERED","ITEMS_COUNT" = DBT_INTERNAL_SOURCE."ITEMS_COUNT","SALES_QTY" = DBT_INTERNAL_SOURCE."SALES_QTY","SUBTOTAL" = DBT_INTERNAL_SOURCE."SUBTOTAL","DISCOUNT" = DBT_INTERNAL_SOURCE."DISCOUNT","DELIVERY_FEE" = DBT_INTERNAL_SOURCE."DELIVERY_FEE","GST" = DBT_INTERNAL_SOURCE."GST","SALES_AMOUNT" = DBT_INTERNAL_SOURCE."SALES_AMOUNT","CUSTOMER_RATING" = DBT_INTERNAL_SOURCE."CUSTOMER_RATING","DELIVERY_TIME_MIN" = DBT_INTERNAL_SOURCE."DELIVERY_TIME_MIN"
    

    when not matched then insert
        ("ORDER_ID", "ORDER_TIMESTAMP", "ORDER_DATE", "CUSTOMER_ID", "RESTAURANT_ID", "CITY", "CUISINE", "PAYMENT_METHOD", "ORDER_STATUS", "IS_DELIVERED", "ITEMS_COUNT", "SALES_QTY", "SUBTOTAL", "DISCOUNT", "DELIVERY_FEE", "GST", "SALES_AMOUNT", "CUSTOMER_RATING", "DELIVERY_TIME_MIN")
    values
        ("ORDER_ID", "ORDER_TIMESTAMP", "ORDER_DATE", "CUSTOMER_ID", "RESTAURANT_ID", "CITY", "CUISINE", "PAYMENT_METHOD", "ORDER_STATUS", "IS_DELIVERED", "ITEMS_COUNT", "SALES_QTY", "SUBTOTAL", "DISCOUNT", "DELIVERY_FEE", "GST", "SALES_AMOUNT", "CUSTOMER_RATING", "DELIVERY_TIME_MIN")

;
[0m19:49:32.827924 [debug] [Thread-5 (]: SQL status: SUCCESS 10 in 0.148 seconds
[0m19:49:32.842662 [debug] [Thread-5 (]: 
    In "ZOMATO"."MARTS"."FACT_ORDER_ITEMS":
        Schema changed: False
        Source columns not in target: []
        Target columns not in source: []
        New column types: []
  
[0m19:49:32.847887 [debug] [Thread-5 (]: Writing runtime sql for node "model.zomato.fact_order_items"
[0m19:49:32.852235 [debug] [Thread-5 (]: Using snowflake connection "model.zomato.fact_order_items"
[0m19:49:32.853267 [debug] [Thread-5 (]: On model.zomato.fact_order_items: /* {"app": "dbt", "dbt_version": "1.12.0", "profile_name": "zomato", "target_name": "dev", "node_id": "model.zomato.fact_order_items"} */
-- back compat for old kwarg name
  
  begin;
[0m19:49:33.010732 [debug] [Thread-5 (]: SQL status: SUCCESS 1 in 0.156 seconds
[0m19:49:33.011904 [debug] [Thread-5 (]: Using snowflake connection "model.zomato.fact_order_items"
[0m19:49:33.013647 [debug] [Thread-5 (]: On model.zomato.fact_order_items: /* {"app": "dbt", "dbt_version": "1.12.0", "profile_name": "zomato", "target_name": "dev", "node_id": "model.zomato.fact_order_items"} */
merge into ZOMATO.marts.fact_order_items as DBT_INTERNAL_DEST
        using ZOMATO.marts.fact_order_items__dbt_tmp as DBT_INTERNAL_SOURCE
        on ((DBT_INTERNAL_SOURCE.order_item_id = DBT_INTERNAL_DEST.order_item_id))

    
    when matched then update set
        "ORDER_ITEM_ID" = DBT_INTERNAL_SOURCE."ORDER_ITEM_ID","ORDER_ID" = DBT_INTERNAL_SOURCE."ORDER_ID","RESTAURANT_ID" = DBT_INTERNAL_SOURCE."RESTAURANT_ID","F_ID" = DBT_INTERNAL_SOURCE."F_ID","ORDER_TS" = DBT_INTERNAL_SOURCE."ORDER_TS","ORDER_DATE" = DBT_INTERNAL_SOURCE."ORDER_DATE","CITY" = DBT_INTERNAL_SOURCE."CITY","PRICE" = DBT_INTERNAL_SOURCE."PRICE","QUANTITY" = DBT_INTERNAL_SOURCE."QUANTITY","LINE_AMOUNT" = DBT_INTERNAL_SOURCE."LINE_AMOUNT"
    

    when not matched then insert
        ("ORDER_ITEM_ID", "ORDER_ID", "RESTAURANT_ID", "F_ID", "ORDER_TS", "ORDER_DATE", "CITY", "PRICE", "QUANTITY", "LINE_AMOUNT")
    values
        ("ORDER_ITEM_ID", "ORDER_ID", "RESTAURANT_ID", "F_ID", "ORDER_TS", "ORDER_DATE", "CITY", "PRICE", "QUANTITY", "LINE_AMOUNT")

;
[0m19:49:33.031082 [debug] [Thread-8 (]: Sending event: {'category': 'dbt', 'action': 'run_model', 'label': '7a90b671-0a12-46a2-a176-1b41711cf154', 'context': [<snowplow_tracker.self_describing_json.SelfDescribingJson object at 0x7f75f6300410>]}
[0m19:49:33.032588 [info ] [Thread-8 (]: 21 of 32 OK created sql table model marts.dim_food ............................. [[32mSUCCESS 1[0m in 2.18s]
[0m19:49:33.033879 [debug] [Thread-8 (]: Finished running node model.zomato.dim_food
[0m19:49:33.065802 [debug] [Thread-4 (]: SQL status: SUCCESS 0 in 0.258 seconds
[0m19:49:33.067253 [debug] [Thread-4 (]: Using snowflake connection "model.zomato.fct_orders"
[0m19:49:33.068374 [debug] [Thread-4 (]: On model.zomato.fct_orders: /* {"app": "dbt", "dbt_version": "1.12.0", "profile_name": "zomato", "target_name": "dev", "node_id": "model.zomato.fct_orders"} */
COMMIT
[0m19:49:33.310608 [debug] [Thread-4 (]: SQL status: SUCCESS 1 in 0.241 seconds
[0m19:49:33.324441 [debug] [Thread-4 (]: Applying DROP to: ZOMATO.marts.fct_orders__dbt_tmp
[0m19:49:33.339348 [debug] [Thread-4 (]: Using snowflake connection "model.zomato.fct_orders"
[0m19:49:33.340373 [debug] [Thread-4 (]: On model.zomato.fct_orders: /* {"app": "dbt", "dbt_version": "1.12.0", "profile_name": "zomato", "target_name": "dev", "node_id": "model.zomato.fct_orders"} */
drop view if exists ZOMATO.marts.fct_orders__dbt_tmp cascade
[0m19:49:33.350452 [debug] [Thread-1 (]: SQL status: SUCCESS 1 in 1.384 seconds
[0m19:49:33.352319 [debug] [Thread-5 (]: SQL status: SUCCESS 0 in 0.337 seconds
[0m19:49:33.355823 [debug] [Thread-1 (]: On model.zomato.dim_customer: Close
[0m19:49:33.357088 [debug] [Thread-5 (]: Using snowflake connection "model.zomato.fact_order_items"
[0m19:49:33.361436 [debug] [Thread-5 (]: On model.zomato.fact_order_items: /* {"app": "dbt", "dbt_version": "1.12.0", "profile_name": "zomato", "target_name": "dev", "node_id": "model.zomato.fact_order_items"} */
COMMIT
[0m19:49:33.505619 [debug] [Thread-6 (]: SQL status: SUCCESS 1 in 1.458 seconds
[0m19:49:33.508436 [debug] [Thread-4 (]: SQL status: SUCCESS 1 in 0.167 seconds
[0m19:49:33.511787 [debug] [Thread-6 (]: On model.zomato.dim_restaurants: Close
[0m19:49:33.515770 [debug] [Thread-4 (]: On model.zomato.fct_orders: Close
[0m19:49:33.530139 [debug] [Thread-5 (]: SQL status: SUCCESS 1 in 0.168 seconds
[0m19:49:33.534436 [debug] [Thread-5 (]: Applying DROP to: ZOMATO.marts.fact_order_items__dbt_tmp
[0m19:49:33.536144 [debug] [Thread-5 (]: Using snowflake connection "model.zomato.fact_order_items"
[0m19:49:33.537228 [debug] [Thread-5 (]: On model.zomato.fact_order_items: /* {"app": "dbt", "dbt_version": "1.12.0", "profile_name": "zomato", "target_name": "dev", "node_id": "model.zomato.fact_order_items"} */
drop view if exists ZOMATO.marts.fact_order_items__dbt_tmp cascade
[0m19:49:33.573172 [debug] [Thread-1 (]: Sending event: {'category': 'dbt', 'action': 'run_model', 'label': '7a90b671-0a12-46a2-a176-1b41711cf154', 'context': [<snowplow_tracker.self_describing_json.SelfDescribingJson object at 0x7f75fb209fd0>]}
[0m19:49:33.574786 [info ] [Thread-1 (]: 24 of 32 OK created sql table model marts.dim_customer ......................... [[32mSUCCESS 1[0m in 1.62s]
[0m19:49:33.576399 [debug] [Thread-1 (]: Finished running node model.zomato.dim_customer
[0m19:49:33.726861 [debug] [Thread-5 (]: SQL status: SUCCESS 1 in 0.189 seconds
[0m19:49:33.730640 [debug] [Thread-5 (]: On model.zomato.fact_order_items: Close
[0m19:49:33.850213 [debug] [Thread-4 (]: Sending event: {'category': 'dbt', 'action': 'run_model', 'label': '7a90b671-0a12-46a2-a176-1b41711cf154', 'context': [<snowplow_tracker.self_describing_json.SelfDescribingJson object at 0x7f75e43a3830>]}
[0m19:49:33.852657 [debug] [Thread-6 (]: Sending event: {'category': 'dbt', 'action': 'run_model', 'label': '7a90b671-0a12-46a2-a176-1b41711cf154', 'context': [<snowplow_tracker.self_describing_json.SelfDescribingJson object at 0x7f75f47c5340>]}
[0m19:49:33.855130 [info ] [Thread-4 (]: 23 of 32 OK created sql incremental model marts.fct_orders ..................... [[32mSUCCESS 0[0m in 2.88s]
[0m19:49:33.861870 [info ] [Thread-6 (]: 25 of 32 OK created sql table model marts.dim_restaurants ...................... [[32mSUCCESS 1[0m in 1.82s]
[0m19:49:33.864356 [debug] [Thread-4 (]: Finished running node model.zomato.fct_orders
[0m19:49:33.866143 [debug] [Thread-6 (]: Finished running node model.zomato.dim_restaurants
[0m19:49:33.868455 [debug] [Thread-3 (]: Began running node test.zomato.accepted_values_fct_orders_order_status__Delivered__Cancelled__Refunded.165fe30b61
[0m19:49:33.869761 [debug] [Thread-6 (]: Began running node test.zomato.not_null_fct_orders_order_id.4e687af8d0
[0m19:49:33.871388 [debug] [Thread-7 (]: Began running node test.zomato.relationships_fct_orders_customer_id__customer_id__ref_dim_customer_.d39c4721da
[0m19:49:33.873650 [debug] [Thread-2 (]: Began running node test.zomato.unique_fct_orders_order_id.523ddb6ce5
[0m19:49:33.875166 [info ] [Thread-3 (]: 26 of 32 START test accepted_values_fct_orders_order_status__Delivered__Cancelled__Refunded  [RUN]
[0m19:49:33.876306 [info ] [Thread-6 (]: 27 of 32 START test not_null_fct_orders_order_id ............................... [RUN]
[0m19:49:33.877556 [info ] [Thread-7 (]: 28 of 32 START test relationships_fct_orders_customer_id__customer_id__ref_dim_customer_  [RUN]
[0m19:49:33.879069 [info ] [Thread-2 (]: 29 of 32 START test unique_fct_orders_order_id ................................. [RUN]
[0m19:49:33.880630 [debug] [Thread-3 (]: Re-using an available connection from the pool (formerly test.zomato.not_null_stg_restaurants_id.732688e26a, now test.zomato.accepted_values_fct_orders_order_status__Delivered__Cancelled__Refunded.165fe30b61)
[0m19:49:33.882102 [debug] [Thread-6 (]: Re-using an available connection from the pool (formerly model.zomato.dim_restaurants, now test.zomato.not_null_fct_orders_order_id.4e687af8d0)
[0m19:49:33.883398 [debug] [Thread-7 (]: Re-using an available connection from the pool (formerly test.zomato.unique_stg_restaurants_id.43c737c387, now test.zomato.relationships_fct_orders_customer_id__customer_id__ref_dim_customer_.d39c4721da)
[0m19:49:33.884837 [debug] [Thread-2 (]: Re-using an available connection from the pool (formerly test.zomato.unique_stg_users_user_id.c2ff477e6b, now test.zomato.unique_fct_orders_order_id.523ddb6ce5)
[0m19:49:33.886326 [debug] [Thread-3 (]: Began compiling node test.zomato.accepted_values_fct_orders_order_status__Delivered__Cancelled__Refunded.165fe30b61
[0m19:49:33.887475 [debug] [Thread-6 (]: Began compiling node test.zomato.not_null_fct_orders_order_id.4e687af8d0
[0m19:49:33.888780 [debug] [Thread-7 (]: Began compiling node test.zomato.relationships_fct_orders_customer_id__customer_id__ref_dim_customer_.d39c4721da
[0m19:49:33.890286 [debug] [Thread-2 (]: Began compiling node test.zomato.unique_fct_orders_order_id.523ddb6ce5
[0m19:49:33.952684 [debug] [Thread-2 (]: Writing injected SQL for node "test.zomato.unique_fct_orders_order_id.523ddb6ce5"
[0m19:49:33.965492 [debug] [Thread-6 (]: Writing injected SQL for node "test.zomato.not_null_fct_orders_order_id.4e687af8d0"
[0m19:49:34.024871 [debug] [Thread-7 (]: Writing injected SQL for node "test.zomato.relationships_fct_orders_customer_id__customer_id__ref_dim_customer_.d39c4721da"
[0m19:49:34.039464 [debug] [Thread-2 (]: Began executing node test.zomato.unique_fct_orders_order_id.523ddb6ce5
[0m19:49:34.048339 [debug] [Thread-5 (]: Sending event: {'category': 'dbt', 'action': 'run_model', 'label': '7a90b671-0a12-46a2-a176-1b41711cf154', 'context': [<snowplow_tracker.self_describing_json.SelfDescribingJson object at 0x7f75f46583b0>]}
[0m19:49:34.051682 [debug] [Thread-3 (]: Writing injected SQL for node "test.zomato.accepted_values_fct_orders_order_status__Delivered__Cancelled__Refunded.165fe30b61"
[0m19:49:34.053274 [debug] [Thread-6 (]: Began executing node test.zomato.not_null_fct_orders_order_id.4e687af8d0
[0m19:49:34.056990 [debug] [Thread-2 (]: Writing runtime sql for node "test.zomato.unique_fct_orders_order_id.523ddb6ce5"
[0m19:49:34.059112 [info ] [Thread-5 (]: 22 of 32 OK created sql incremental model marts.fact_order_items ............... [[32mSUCCESS 0[0m in 3.08s]
[0m19:49:34.065425 [debug] [Thread-6 (]: Writing runtime sql for node "test.zomato.not_null_fct_orders_order_id.4e687af8d0"
[0m19:49:34.066837 [debug] [Thread-7 (]: Began executing node test.zomato.relationships_fct_orders_customer_id__customer_id__ref_dim_customer_.d39c4721da
[0m19:49:34.068821 [debug] [Thread-5 (]: Finished running node model.zomato.fact_order_items
[0m19:49:34.070231 [debug] [Thread-3 (]: Began executing node test.zomato.accepted_values_fct_orders_order_status__Delivered__Cancelled__Refunded.165fe30b61
[0m19:49:34.075202 [debug] [Thread-7 (]: Writing runtime sql for node "test.zomato.relationships_fct_orders_customer_id__customer_id__ref_dim_customer_.d39c4721da"
[0m19:49:34.077316 [debug] [Thread-2 (]: Using snowflake connection "test.zomato.unique_fct_orders_order_id.523ddb6ce5"
[0m19:49:34.085261 [debug] [Thread-6 (]: Using snowflake connection "test.zomato.not_null_fct_orders_order_id.4e687af8d0"
[0m19:49:34.086846 [debug] [Thread-3 (]: Writing runtime sql for node "test.zomato.accepted_values_fct_orders_order_status__Delivered__Cancelled__Refunded.165fe30b61"
[0m19:49:34.088640 [debug] [Thread-2 (]: On test.zomato.unique_fct_orders_order_id.523ddb6ce5: /* {"app": "dbt", "dbt_version": "1.12.0", "profile_name": "zomato", "target_name": "dev", "node_id": "test.zomato.unique_fct_orders_order_id.523ddb6ce5"} */
select
      count(*) as failures,
      count(*) != 0 as should_warn,
      count(*) != 0 as should_error
    from (
      
    
  
    
    

select
    order_id as unique_field,
    count(*) as n_records

from ZOMATO.marts.fct_orders
where order_id is not null
group by order_id
having count(*) > 1



  
  
      
    ) dbt_internal_test
[0m19:49:34.091102 [debug] [Thread-6 (]: On test.zomato.not_null_fct_orders_order_id.4e687af8d0: /* {"app": "dbt", "dbt_version": "1.12.0", "profile_name": "zomato", "target_name": "dev", "node_id": "test.zomato.not_null_fct_orders_order_id.4e687af8d0"} */
select
      count(*) as failures,
      count(*) != 0 as should_warn,
      count(*) != 0 as should_error
    from (
      
    
  
    
    



select order_id
from ZOMATO.marts.fct_orders
where order_id is null



  
  
      
    ) dbt_internal_test
[0m19:49:34.093741 [debug] [Thread-2 (]: Opening a new connection, currently in state closed
[0m19:49:34.096219 [debug] [Thread-7 (]: Using snowflake connection "test.zomato.relationships_fct_orders_customer_id__customer_id__ref_dim_customer_.d39c4721da"
[0m19:49:34.145560 [debug] [Thread-7 (]: On test.zomato.relationships_fct_orders_customer_id__customer_id__ref_dim_customer_.d39c4721da: /* {"app": "dbt", "dbt_version": "1.12.0", "profile_name": "zomato", "target_name": "dev", "node_id": "test.zomato.relationships_fct_orders_customer_id__customer_id__ref_dim_customer_.d39c4721da"} */
select
      count(*) as failures,
      count(*) != 0 as should_warn,
      count(*) != 0 as should_error
    from (
      
    
  
    
    

with child as (
    select customer_id as from_field
    from ZOMATO.marts.fct_orders
    where customer_id is not null
),

parent as (
    select customer_id as to_field
    from ZOMATO.marts.dim_customer
)

select
    from_field

from child
left join parent
    on child.from_field = parent.to_field

where parent.to_field is null



  
  
      
    ) dbt_internal_test
[0m19:49:34.098124 [debug] [Thread-6 (]: Opening a new connection, currently in state closed
[0m19:49:34.178911 [debug] [Thread-3 (]: Using snowflake connection "test.zomato.accepted_values_fct_orders_order_status__Delivered__Cancelled__Refunded.165fe30b61"
[0m19:49:34.181795 [debug] [Thread-7 (]: Opening a new connection, currently in state closed
[0m19:49:34.240518 [debug] [Thread-3 (]: On test.zomato.accepted_values_fct_orders_order_status__Delivered__Cancelled__Refunded.165fe30b61: /* {"app": "dbt", "dbt_version": "1.12.0", "profile_name": "zomato", "target_name": "dev", "node_id": "test.zomato.accepted_values_fct_orders_order_status__Delivered__Cancelled__Refunded.165fe30b61"} */
select
      count(*) as failures,
      count(*) != 0 as should_warn,
      count(*) != 0 as should_error
    from (
      
    
  
    
    

with all_values as (

    select
        order_status as value_field,
        count(*) as n_records

    from ZOMATO.marts.fct_orders
    group by order_status

)

select *
from all_values
where value_field not in (
    'Delivered','Cancelled','Refunded'
)



  
  
      
    ) dbt_internal_test
[0m19:49:34.410414 [debug] [Thread-3 (]: Opening a new connection, currently in state closed
[0m19:49:35.238150 [debug] [Thread-2 (]: SQL status: SUCCESS 1 in 1.145 seconds
[0m19:49:35.241764 [debug] [Thread-2 (]: On test.zomato.unique_fct_orders_order_id.523ddb6ce5: Close
[0m19:49:35.412069 [debug] [Thread-6 (]: SQL status: SUCCESS 1 in 1.314 seconds
[0m19:49:35.416190 [debug] [Thread-6 (]: On test.zomato.not_null_fct_orders_order_id.4e687af8d0: Close
[0m19:49:35.426041 [debug] [Thread-3 (]: SQL status: SUCCESS 1 in 1.016 seconds
[0m19:49:35.430630 [debug] [Thread-3 (]: On test.zomato.accepted_values_fct_orders_order_status__Delivered__Cancelled__Refunded.165fe30b61: Close
[0m19:49:35.534008 [info ] [Thread-2 (]: 29 of 32 PASS unique_fct_orders_order_id ....................................... [[32mPASS[0m in 1.65s]
[0m19:49:35.535470 [debug] [Thread-2 (]: Finished running node test.zomato.unique_fct_orders_order_id.523ddb6ce5
[0m19:49:35.667998 [info ] [Thread-6 (]: 27 of 32 PASS not_null_fct_orders_order_id ..................................... [[32mPASS[0m in 1.79s]
[0m19:49:35.669526 [debug] [Thread-6 (]: Finished running node test.zomato.not_null_fct_orders_order_id.4e687af8d0
[0m19:49:35.678354 [debug] [Thread-7 (]: SQL status: SUCCESS 1 in 1.497 seconds
[0m19:49:35.683092 [debug] [Thread-7 (]: On test.zomato.relationships_fct_orders_customer_id__customer_id__ref_dim_customer_.d39c4721da: Close
[0m19:49:35.680103 [info ] [Thread-3 (]: 26 of 32 PASS accepted_values_fct_orders_order_status__Delivered__Cancelled__Refunded  [[32mPASS[0m in 1.80s]
[0m19:49:35.688040 [debug] [Thread-3 (]: Finished running node test.zomato.accepted_values_fct_orders_order_status__Delivered__Cancelled__Refunded.165fe30b61
[0m19:49:35.689867 [debug] [Thread-1 (]: Began running node model.zomato.mart_daily_city_revenune
[0m19:49:35.690728 [debug] [Thread-4 (]: Began running node model.zomato.mart_delivery_sla
[0m19:49:35.691574 [debug] [Thread-8 (]: Began running node model.zomato.mart_restaurant_performance
[0m19:49:35.692579 [info ] [Thread-1 (]: 30 of 32 START sql table model marts.mart_daily_city_revenune .................. [RUN]
[0m19:49:35.694131 [info ] [Thread-4 (]: 31 of 32 START sql table model marts.mart_delivery_sla ......................... [RUN]
[0m19:49:35.695470 [info ] [Thread-8 (]: 32 of 32 START sql table model marts.mart_restaurant_performance ............... [RUN]
[0m19:49:35.696913 [debug] [Thread-1 (]: Re-using an available connection from the pool (formerly model.zomato.dim_customer, now model.zomato.mart_daily_city_revenune)
[0m19:49:35.698181 [debug] [Thread-4 (]: Re-using an available connection from the pool (formerly model.zomato.fct_orders, now model.zomato.mart_delivery_sla)
[0m19:49:35.699285 [debug] [Thread-8 (]: Re-using an available connection from the pool (formerly model.zomato.dim_food, now model.zomato.mart_restaurant_performance)
[0m19:49:35.700368 [debug] [Thread-1 (]: Began compiling node model.zomato.mart_daily_city_revenune
[0m19:49:35.701396 [debug] [Thread-4 (]: Began compiling node model.zomato.mart_delivery_sla
[0m19:49:35.702412 [debug] [Thread-8 (]: Began compiling node model.zomato.mart_restaurant_performance
[0m19:49:35.705606 [debug] [Thread-1 (]: Writing injected SQL for node "model.zomato.mart_daily_city_revenune"
[0m19:49:35.708745 [debug] [Thread-4 (]: Writing injected SQL for node "model.zomato.mart_delivery_sla"
[0m19:49:35.713507 [debug] [Thread-8 (]: Writing injected SQL for node "model.zomato.mart_restaurant_performance"
[0m19:49:35.717407 [debug] [Thread-1 (]: Began executing node model.zomato.mart_daily_city_revenune
[0m19:49:35.720718 [debug] [Thread-1 (]: Writing runtime sql for node "model.zomato.mart_daily_city_revenune"
[0m19:49:35.721537 [debug] [Thread-4 (]: Began executing node model.zomato.mart_delivery_sla
[0m19:49:35.722613 [debug] [Thread-8 (]: Began executing node model.zomato.mart_restaurant_performance
[0m19:49:35.726197 [debug] [Thread-4 (]: Writing runtime sql for node "model.zomato.mart_delivery_sla"
[0m19:49:35.730550 [debug] [Thread-8 (]: Writing runtime sql for node "model.zomato.mart_restaurant_performance"
[0m19:49:35.732582 [debug] [Thread-1 (]: Using snowflake connection "model.zomato.mart_daily_city_revenune"
[0m19:49:35.734570 [debug] [Thread-1 (]: On model.zomato.mart_daily_city_revenune: /* {"app": "dbt", "dbt_version": "1.12.0", "profile_name": "zomato", "target_name": "dev", "node_id": "model.zomato.mart_daily_city_revenune"} */
create or replace transient table ZOMATO.marts.mart_daily_city_revenune
         as
        (select 
order_date, 
city, 
count(*) as orders, 
count_if(is_delivered) as delivered_orders,
round(div0(count_if(order_status='Cancelled'), count(*)),4) as cancel_rate,
sum(iff(is_delivered, sales_amount, 0)) as gmv,
round(div0(sum(iff(is_delivered, sales_amount,0)), count_if(is_delivered)),2) as aov
from ZOMATO.marts.fct_orders group by 1,2
        );
[0m19:49:35.735789 [debug] [Thread-1 (]: Opening a new connection, currently in state closed
[0m19:49:35.749233 [debug] [Thread-8 (]: Using snowflake connection "model.zomato.mart_restaurant_performance"
[0m19:49:35.756540 [debug] [Thread-8 (]: On model.zomato.mart_restaurant_performance: /* {"app": "dbt", "dbt_version": "1.12.0", "profile_name": "zomato", "target_name": "dev", "node_id": "model.zomato.mart_restaurant_performance"} */
create or replace transient table ZOMATO.marts.mart_restaurant_performance
         as
        (select 
f.restaurant_id, r.restaurant_name, r.city, r.cuisine, 
count(*) as orders,
sum(iff(f.is_delivered, f.sales_amount, 0)) as revenue, 
round(avg(f.customer_rating),2) as avg_customer_rating,
round(avg(f.delivery_time_min),1) as avg_delivery_min
from ZOMATO.marts.fct_orders f 
left join ZOMATO.marts.dim_restaurants r using (restaurant_id) 
group by 1,2,3,4
        );
[0m19:49:35.758094 [debug] [Thread-8 (]: Opening a new connection, currently in state closed
[0m19:49:35.759723 [debug] [Thread-4 (]: Using snowflake connection "model.zomato.mart_delivery_sla"
[0m19:49:35.766910 [debug] [Thread-4 (]: On model.zomato.mart_delivery_sla: /* {"app": "dbt", "dbt_version": "1.12.0", "profile_name": "zomato", "target_name": "dev", "node_id": "model.zomato.mart_delivery_sla"} */
create or replace transient table ZOMATO.marts.mart_delivery_sla
         as
        (select city, 
hour(order_timestamp) as order_hour, 
count_if(is_delivered) as delivered_orders,
round(median(delivery_time_min),1) as p50, 
round(percentile_cont(0.9) within group (order by delivery_time_min),1) as p90
from ZOMATO.marts.fct_orders 
where is_delivered group by 1,2
        );
[0m19:49:35.770683 [debug] [Thread-4 (]: Opening a new connection, currently in state closed
[0m19:49:36.050657 [info ] [Thread-7 (]: 28 of 32 PASS relationships_fct_orders_customer_id__customer_id__ref_dim_customer_  [[32mPASS[0m in 2.17s]
[0m19:49:36.052226 [debug] [Thread-7 (]: Finished running node test.zomato.relationships_fct_orders_customer_id__customer_id__ref_dim_customer_.d39c4721da
[0m19:49:38.058693 [debug] [Thread-1 (]: SQL status: SUCCESS 1 in 2.323 seconds
[0m19:49:38.062590 [debug] [Thread-1 (]: On model.zomato.mart_daily_city_revenune: Close
[0m19:49:38.287686 [debug] [Thread-1 (]: Sending event: {'category': 'dbt', 'action': 'run_model', 'label': '7a90b671-0a12-46a2-a176-1b41711cf154', 'context': [<snowplow_tracker.self_describing_json.SelfDescribingJson object at 0x7f75f7eeb620>]}
[0m19:49:38.289222 [info ] [Thread-1 (]: 30 of 32 OK created sql table model marts.mart_daily_city_revenune ............. [[32mSUCCESS 1[0m in 2.59s]
[0m19:49:38.290547 [debug] [Thread-1 (]: Finished running node model.zomato.mart_daily_city_revenune
[0m19:49:38.360361 [debug] [Thread-4 (]: SQL status: SUCCESS 1 in 2.590 seconds
[0m19:49:38.364273 [debug] [Thread-4 (]: On model.zomato.mart_delivery_sla: Close
[0m19:49:38.562533 [debug] [Thread-8 (]: SQL status: SUCCESS 1 in 2.804 seconds
[0m19:49:38.566597 [debug] [Thread-8 (]: On model.zomato.mart_restaurant_performance: Close
[0m19:49:38.663240 [debug] [Thread-4 (]: Sending event: {'category': 'dbt', 'action': 'run_model', 'label': '7a90b671-0a12-46a2-a176-1b41711cf154', 'context': [<snowplow_tracker.self_describing_json.SelfDescribingJson object at 0x7f75f5cc9460>]}
[0m19:49:38.664776 [info ] [Thread-4 (]: 31 of 32 OK created sql table model marts.mart_delivery_sla .................... [[32mSUCCESS 1[0m in 2.96s]
[0m19:49:38.666289 [debug] [Thread-4 (]: Finished running node model.zomato.mart_delivery_sla
[0m19:49:38.789743 [debug] [Thread-8 (]: Sending event: {'category': 'dbt', 'action': 'run_model', 'label': '7a90b671-0a12-46a2-a176-1b41711cf154', 'context': [<snowplow_tracker.self_describing_json.SelfDescribingJson object at 0x7f75f462f1a0>]}
[0m19:49:38.791217 [info ] [Thread-8 (]: 32 of 32 OK created sql table model marts.mart_restaurant_performance .......... [[32mSUCCESS 1[0m in 3.09s]
[0m19:49:38.792501 [debug] [Thread-8 (]: Finished running node model.zomato.mart_restaurant_performance
[0m19:49:38.799425 [debug] [MainThread]: Connection 'master' was properly closed.
[0m19:49:38.800267 [debug] [MainThread]: Connection 'test.zomato.unique_fct_orders_order_id.523ddb6ce5' was properly closed.
[0m19:49:38.801078 [debug] [MainThread]: Connection 'model.zomato.mart_daily_city_revenune' was properly closed.
[0m19:49:38.801775 [debug] [MainThread]: Connection 'test.zomato.accepted_values_fct_orders_order_status__Delivered__Cancelled__Refunded.165fe30b61' was properly closed.
[0m19:49:38.802547 [debug] [MainThread]: Connection 'model.zomato.mart_delivery_sla' was properly closed.
[0m19:49:38.803215 [debug] [MainThread]: Connection 'model.zomato.fact_order_items' was properly closed.
[0m19:49:38.803898 [debug] [MainThread]: Connection 'test.zomato.not_null_fct_orders_order_id.4e687af8d0' was properly closed.
[0m19:49:38.804629 [debug] [MainThread]: Connection 'test.zomato.relationships_fct_orders_customer_id__customer_id__ref_dim_customer_.d39c4721da' was properly closed.
[0m19:49:38.805405 [debug] [MainThread]: Connection 'model.zomato.mart_restaurant_performance' was properly closed.
[0m19:49:38.806300 [info ] [MainThread]: 
[0m19:49:38.807437 [info ] [MainThread]: Finished running 2 incremental models, 7 table models, 16 data tests, 7 view models in 0 hours 0 minutes and 16.61 seconds (16.61s).
[0m19:49:38.816272 [debug] [MainThread]: Command end result
[0m19:49:38.906932 [debug] [MainThread]: Wrote artifact WritableManifest to /opt/airflow/dbt/zomato/target/manifest.json
[0m19:49:38.912572 [debug] [MainThread]: Wrote artifact SemanticManifest to /opt/airflow/dbt/zomato/target/semantic_manifest.json
[0m19:49:38.918875 [debug] [MainThread]: Wrote artifact OsiDocument to /opt/airflow/dbt/zomato/target/osi_document.json
[0m19:49:38.935932 [debug] [MainThread]: Wrote artifact RunExecutionResult to /opt/airflow/dbt/zomato/target/run_results.json
[0m19:49:38.936747 [info ] [MainThread]: 
[0m19:49:38.937769 [info ] [MainThread]: [32mCompleted successfully[0m
[0m19:49:38.938555 [info ] [MainThread]: 
[0m19:49:38.939528 [info ] [MainThread]: Done. PASS=32 WARN=0 ERROR=0 SKIP=0 NO-OP=0 REUSED=0 TOTAL=32
[0m19:49:38.941332 [debug] [MainThread]: Resource report: {"command_name": "build", "command_success": true, "command_wall_clock_time": 18.253157, "process_in_blocks": "0", "process_kernel_time": 1.455705, "process_mem_max_rss": "191068", "process_out_blocks": "3005", "process_user_time": 10.067183}
[0m19:49:38.942279 [debug] [MainThread]: Command `dbt build` succeeded at 19:49:38.942102 after 18.25 seconds
[0m19:49:38.943258 [debug] [MainThread]: Sending event: {'category': 'dbt', 'action': 'invocation', 'label': 'end', 'context': [<snowplow_tracker.self_describing_json.SelfDescribingJson object at 0x7f75f8af3e00>, <snowplow_tracker.self_describing_json.SelfDescribingJson object at 0x7f75f8af3bc0>, <snowplow_tracker.self_describing_json.SelfDescribingJson object at 0x7f75f5db24b0>]}
[0m19:49:38.944152 [debug] [MainThread]: Flushing usage events
[0m19:49:40.647105 [debug] [MainThread]: An error was encountered while trying to flush usage events
[0m19:50:06.417591 [debug] [MainThread]: Sending event: {'category': 'dbt', 'action': 'invocation', 'label': 'start', 'context': [<snowplow_tracker.self_describing_json.SelfDescribingJson object at 0x7f11e3fbc1d0>, <snowplow_tracker.self_describing_json.SelfDescribingJson object at 0x7f11e72ac4a0>, <snowplow_tracker.self_describing_json.SelfDescribingJson object at 0x7f11e3fbd4c0>]}


============================== 19:50:06.425933 | 4f3a6ad6-ca86-4b5c-bca9-54f4ee9d2949 ==============================
[0m19:50:06.425933 [info ] [MainThread]: Running with dbt=1.12.0
[0m19:50:06.427083 [debug] [MainThread]: running dbt with arguments {'static_parser': 'True', 'empty': 'False', 'log_cache_events': 'False', 'maximum_seed_size_mib': '1', 'hints_enabled': 'True', 'write_json': 'True', 'profiles_dir': '/opt/airflow/dbt/zomato', 'target_path': 'None', 'indirect_selection': 'eager', 'fail_fast': 'False', 'log_path': '/opt/airflow/dbt/zomato/logs', 'log_format': 'default', 'invocation_command': 'dbt build --select tag:ai --project-dir /opt/airflow/dbt/zomato --profiles-dir /opt/airflow/dbt/zomato', 'cache_selected_only': 'False', 'send_anonymous_usage_stats': 'True', 'partial_parse': 'True', 'use_experimental_parser': 'False', 'debug': 'False', 'printer_width': '80', 'warn_error': 'None', 'use_colors': 'True', 'quiet': 'False', 'version_check': 'True', 'no_print': 'None', 'introspect': 'True', 'warn_error_options': 'WarnErrorOptionsV2(error=[], warn=[], silence=[])'}
[0m19:50:07.000110 [debug] [MainThread]: Sending event: {'category': 'dbt', 'action': 'project_id', 'label': '4f3a6ad6-ca86-4b5c-bca9-54f4ee9d2949', 'context': [<snowplow_tracker.self_describing_json.SelfDescribingJson object at 0x7f11e27cddf0>]}
[0m19:50:07.075691 [debug] [MainThread]: Sending event: {'category': 'dbt', 'action': 'adapter_info', 'label': '4f3a6ad6-ca86-4b5c-bca9-54f4ee9d2949', 'context': [<snowplow_tracker.self_describing_json.SelfDescribingJson object at 0x7f11e30d7b30>]}
[0m19:50:07.077381 [info ] [MainThread]: Registered adapter: snowflake=1.8.4
[0m19:50:07.198042 [debug] [MainThread]: checksum: b0e43d10305132c56d20e06d6acd19b0e2ab954460bc87bfcfc553bb03080190, vars: {}, profile: zomato, target: dev, version: 1.12.0
[0m19:50:07.408738 [debug] [MainThread]: Partial parsing enabled: 0 files deleted, 0 files added, 0 files changed.
[0m19:50:07.409456 [debug] [MainThread]: Nothing changed, skipping partial parsing.
[0m19:50:07.410020 [debug] [MainThread]: Partial parsing enabled, no changes found, skipping parsing
[0m19:50:07.417487 [warn ] [MainThread]: [[33mWARNING[0m]: Configuration paths exist in your dbt_project.yml file which do not apply to any resources.
There are 1 unused configuration paths:
- snapshots.zomato
[0m19:50:07.423239 [debug] [MainThread]: Sending event: {'category': 'dbt', 'action': 'load_project', 'label': '4f3a6ad6-ca86-4b5c-bca9-54f4ee9d2949', 'context': [<snowplow_tracker.self_describing_json.SelfDescribingJson object at 0x7f11e21ac320>]}
[0m19:50:07.622113 [debug] [MainThread]: Wrote artifact WritableManifest to /opt/airflow/dbt/zomato/target/manifest.json
[0m19:50:07.626372 [debug] [MainThread]: Wrote artifact SemanticManifest to /opt/airflow/dbt/zomato/target/semantic_manifest.json
[0m19:50:07.642117 [debug] [MainThread]: Wrote artifact OsiDocument to /opt/airflow/dbt/zomato/target/osi_document.json
[0m19:50:07.670585 [debug] [MainThread]: Sending event: {'category': 'dbt', 'action': 'resource_counts', 'label': '4f3a6ad6-ca86-4b5c-bca9-54f4ee9d2949', 'context': [<snowplow_tracker.self_describing_json.SelfDescribingJson object at 0x7f11e1e83530>]}
[0m19:50:07.671562 [info ] [MainThread]: Found 17 models, 16 data tests, 8 sources, 506 macros
[0m19:50:07.674568 [info ] [MainThread]: 
[0m19:50:07.675355 [info ] [MainThread]: Concurrency: 8 threads (target='dev')
[0m19:50:07.676125 [info ] [MainThread]: 
[0m19:50:07.677314 [debug] [MainThread]: Acquiring new snowflake connection 'master'
[0m19:50:07.679180 [debug] [ThreadPool]: Acquiring new snowflake connection 'list_ZOMATO'
[0m19:50:07.699804 [debug] [ThreadPool]: Using snowflake connection "list_ZOMATO"
[0m19:50:07.700628 [debug] [ThreadPool]: On list_ZOMATO: /* {"app": "dbt", "dbt_version": "1.12.0", "profile_name": "zomato", "target_name": "dev", "connection_name": "list_ZOMATO"} */
show terse schemas in database ZOMATO
    limit 10000
[0m19:50:07.701339 [debug] [ThreadPool]: Opening a new connection, currently in state init
[0m19:50:10.889007 [debug] [ThreadPool]: SQL status: SUCCESS 8 in 3.188 seconds
[0m19:50:10.891752 [debug] [ThreadPool]: On list_ZOMATO: Close
[0m19:50:11.183333 [debug] [ThreadPool]: Re-using an available connection from the pool (formerly list_ZOMATO, now list_ZOMATO_marts)
[0m19:50:11.184664 [debug] [ThreadPool]: Acquiring new snowflake connection 'list_ZOMATO_staging'
[0m19:50:11.205993 [debug] [ThreadPool]: Using snowflake connection "list_ZOMATO_marts"
[0m19:50:11.212122 [debug] [ThreadPool]: On list_ZOMATO_marts: /* {"app": "dbt", "dbt_version": "1.12.0", "profile_name": "zomato", "target_name": "dev", "connection_name": "list_ZOMATO_marts"} */
show objects in ZOMATO.marts limit 10000
[0m19:50:11.211720 [debug] [ThreadPool]: Using snowflake connection "list_ZOMATO_staging"
[0m19:50:11.213227 [debug] [ThreadPool]: Opening a new connection, currently in state closed
[0m19:50:11.214095 [debug] [ThreadPool]: On list_ZOMATO_staging: /* {"app": "dbt", "dbt_version": "1.12.0", "profile_name": "zomato", "target_name": "dev", "connection_name": "list_ZOMATO_staging"} */
show objects in ZOMATO.staging limit 10000
[0m19:50:11.220795 [debug] [ThreadPool]: Opening a new connection, currently in state init
[0m19:50:12.105788 [debug] [ThreadPool]: SQL status: SUCCESS 7 in 0.885 seconds
[0m19:50:12.109561 [debug] [ThreadPool]: On list_ZOMATO_staging: Close
[0m19:50:12.170276 [debug] [ThreadPool]: SQL status: SUCCESS 9 in 0.957 seconds
[0m19:50:12.174103 [debug] [ThreadPool]: On list_ZOMATO_marts: Close
[0m19:50:12.400344 [debug] [MainThread]: Sending event: {'category': 'dbt', 'action': 'runnable_timing', 'label': '4f3a6ad6-ca86-4b5c-bca9-54f4ee9d2949', 'context': [<snowplow_tracker.self_describing_json.SelfDescribingJson object at 0x7f11d1bd6630>]}
[0m19:50:12.407449 [debug] [Thread-1 (]: Began running node model.zomato.mart_review_insights
[0m19:50:12.408428 [info ] [Thread-1 (]: 1 of 1 START sql table model marts.mart_review_insights ........................ [RUN]
[0m19:50:12.409233 [debug] [Thread-1 (]: Re-using an available connection from the pool (formerly list_ZOMATO_staging, now model.zomato.mart_review_insights)
[0m19:50:12.409972 [debug] [Thread-1 (]: Began compiling node model.zomato.mart_review_insights
[0m19:50:12.419350 [debug] [Thread-1 (]: Writing injected SQL for node "model.zomato.mart_review_insights"
[0m19:50:12.421905 [debug] [Thread-1 (]: Began executing node model.zomato.mart_review_insights
[0m19:50:12.457292 [debug] [Thread-1 (]: Writing runtime sql for node "model.zomato.mart_review_insights"
[0m19:50:12.461066 [debug] [Thread-1 (]: Using snowflake connection "model.zomato.mart_review_insights"
[0m19:50:12.461917 [debug] [Thread-1 (]: On model.zomato.mart_review_insights: /* {"app": "dbt", "dbt_version": "1.12.0", "profile_name": "zomato", "target_name": "dev", "node_id": "model.zomato.mart_review_insights"} */
create or replace transient table ZOMATO.marts.mart_review_insights
         as
        (

select 
rr.city,
e.topic,
e.sentiment_label,
count(*) as reviews,
round(avg(e.sentiment_score), 3) as avg_sentiment_score,
round(avg(rr.rating), 2)        as avg_star_rating,
count_if(e.key_issue is not null) as flagged_issues
from ZOMATO.AI.review_enriched e
inner join ZOMATO.staging.stg_reviews rr using (review_id)
group by 1, 2, 3
        );
[0m19:50:12.462645 [debug] [Thread-1 (]: Opening a new connection, currently in state closed
[0m19:50:13.170715 [debug] [Thread-1 (]: Snowflake adapter: Snowflake query id: 01c63ca6-3203-19ff-0017-e2020003de46
[0m19:50:13.172148 [debug] [Thread-1 (]: Snowflake adapter: Snowflake error: 000904 (42000): SQL compilation error: error line 6 at position 0
invalid identifier 'RR.CITY'
[0m19:50:13.173398 [debug] [Thread-1 (]: On model.zomato.mart_review_insights: Close
[0m19:50:13.385558 [debug] [Thread-1 (]: Database Error in model mart_review_insights (models/marts/mart_review_insights.sql)
  000904 (42000): SQL compilation error: error line 6 at position 0
  invalid identifier 'RR.CITY'
  compiled code at target/run/zomato/models/marts/mart_review_insights.sql
[0m19:50:13.388258 [debug] [Thread-1 (]: Sending event: {'category': 'dbt', 'action': 'run_model', 'label': '4f3a6ad6-ca86-4b5c-bca9-54f4ee9d2949', 'context': [<snowplow_tracker.self_describing_json.SelfDescribingJson object at 0x7f11e52acec0>]}
[0m19:50:13.389523 [error] [Thread-1 (]: 1 of 1 ERROR creating sql table model marts.mart_review_insights ............... [[31mERROR[0m in 0.98s]
[0m19:50:13.391059 [debug] [Thread-1 (]: Finished running node model.zomato.mart_review_insights
[0m19:50:13.392229 [debug] [Thread-11 ]: Marking all children of 'model.zomato.mart_review_insights' to be skipped because of status 'error'.  Reason: Database Error in model mart_review_insights (models/marts/mart_review_insights.sql)
  000904 (42000): SQL compilation error: error line 6 at position 0
  invalid identifier 'RR.CITY'
  compiled code at target/run/zomato/models/marts/mart_review_insights.sql.
[0m19:50:13.396747 [debug] [MainThread]: Connection 'master' was properly closed.
[0m19:50:13.397417 [debug] [MainThread]: Connection 'list_ZOMATO_marts' was properly closed.
[0m19:50:13.397998 [debug] [MainThread]: Connection 'model.zomato.mart_review_insights' was properly closed.
[0m19:50:13.398587 [info ] [MainThread]: 
[0m19:50:13.399429 [info ] [MainThread]: Finished running 1 table model in 0 hours 0 minutes and 5.72 seconds (5.72s).
[0m19:50:13.400664 [debug] [MainThread]: Command end result
[0m19:50:13.468672 [debug] [MainThread]: Wrote artifact WritableManifest to /opt/airflow/dbt/zomato/target/manifest.json
[0m19:50:13.473146 [debug] [MainThread]: Wrote artifact SemanticManifest to /opt/airflow/dbt/zomato/target/semantic_manifest.json
[0m19:50:13.478018 [debug] [MainThread]: Wrote artifact OsiDocument to /opt/airflow/dbt/zomato/target/osi_document.json
[0m19:50:13.487947 [debug] [MainThread]: Wrote artifact RunExecutionResult to /opt/airflow/dbt/zomato/target/run_results.json
[0m19:50:13.488515 [info ] [MainThread]: 
[0m19:50:13.489440 [info ] [MainThread]: [31mCompleted with 1 error, 0 partial successes, and 0 warnings:[0m
[0m19:50:13.490135 [info ] [MainThread]: 
[0m19:50:13.491000 [error] [MainThread]: [[31mERROR[0m]: in model mart_review_insights (models/marts/mart_review_insights.sql)
[0m19:50:13.491791 [error] [MainThread]:   Database Error in model mart_review_insights (models/marts/mart_review_insights.sql)
  000904 (42000): SQL compilation error: error line 6 at position 0
  invalid identifier 'RR.CITY'
  compiled code at target/run/zomato/models/marts/mart_review_insights.sql
[0m19:50:13.492570 [info ] [MainThread]: 
[0m19:50:13.493565 [info ] [MainThread]:   compiled code at target/compiled/zomato/models/marts/mart_review_insights.sql
[0m19:50:13.494270 [info ] [MainThread]: 
[0m19:50:13.494898 [info ] [MainThread]: Done. PASS=0 WARN=0 ERROR=1 SKIP=0 NO-OP=0 REUSED=0 TOTAL=1
[0m19:50:13.496102 [debug] [MainThread]: Resource report: {"command_name": "build", "command_success": false, "command_wall_clock_time": 7.183831, "process_in_blocks": "0", "process_kernel_time": 0.431077, "process_mem_max_rss": "177024", "process_out_blocks": "2744", "process_user_time": 4.208731}
[0m19:50:13.496787 [debug] [MainThread]: Command `dbt build` failed at 19:50:13.496679 after 7.18 seconds
[0m19:50:13.497821 [debug] [MainThread]: Sending event: {'category': 'dbt', 'action': 'invocation', 'label': 'end', 'context': [<snowplow_tracker.self_describing_json.SelfDescribingJson object at 0x7f11e5084260>, <snowplow_tracker.self_describing_json.SelfDescribingJson object at 0x7f11e3fcd820>, <snowplow_tracker.self_describing_json.SelfDescribingJson object at 0x7f11e1d4ea20>]}
[0m19:50:13.498974 [debug] [MainThread]: Flushing usage events
[0m19:50:16.193476 [debug] [MainThread]: An error was encountered while trying to flush usage events
[0m19:55:22.652599 [debug] [MainThread]: Sending event: {'category': 'dbt', 'action': 'invocation', 'label': 'start', 'context': [<snowplow_tracker.self_describing_json.SelfDescribingJson object at 0x7fe577155280>, <snowplow_tracker.self_describing_json.SelfDescribingJson object at 0x7fe579c1ea50>, <snowplow_tracker.self_describing_json.SelfDescribingJson object at 0x7fe576a86f90>]}


============================== 19:55:22.660942 | 6e80b3e2-6812-43f9-bdc8-849fb8accb9f ==============================
[0m19:55:22.660942 [info ] [MainThread]: Running with dbt=1.12.0
[0m19:55:22.662284 [debug] [MainThread]: running dbt with arguments {'warn_error_options': 'WarnErrorOptionsV2(error=[], warn=[], silence=[])', 'static_parser': 'True', 'log_format': 'default', 'indirect_selection': 'eager', 'version_check': 'True', 'invocation_command': 'dbt build --exclude tag:ai --project-dir /opt/airflow/dbt/zomato --profiles-dir /opt/airflow/dbt/zomato', 'target_path': 'None', 'introspect': 'True', 'hints_enabled': 'True', 'empty': 'False', 'printer_width': '80', 'warn_error': 'None', 'maximum_seed_size_mib': '1', 'quiet': 'False', 'partial_parse': 'True', 'debug': 'False', 'use_experimental_parser': 'False', 'profiles_dir': '/opt/airflow/dbt/zomato', 'send_anonymous_usage_stats': 'True', 'log_cache_events': 'False', 'fail_fast': 'False', 'cache_selected_only': 'False', 'no_print': 'None', 'write_json': 'True', 'log_path': '/opt/airflow/dbt/zomato/logs', 'use_colors': 'True'}
[0m19:55:23.318708 [debug] [MainThread]: Sending event: {'category': 'dbt', 'action': 'project_id', 'label': '6e80b3e2-6812-43f9-bdc8-849fb8accb9f', 'context': [<snowplow_tracker.self_describing_json.SelfDescribingJson object at 0x7fe573e6de80>]}
[0m19:55:23.410281 [debug] [MainThread]: Sending event: {'category': 'dbt', 'action': 'adapter_info', 'label': '6e80b3e2-6812-43f9-bdc8-849fb8accb9f', 'context': [<snowplow_tracker.self_describing_json.SelfDescribingJson object at 0x7fe57898c860>]}
[0m19:55:23.411765 [info ] [MainThread]: Registered adapter: snowflake=1.8.4
[0m19:55:23.528380 [debug] [MainThread]: checksum: b0e43d10305132c56d20e06d6acd19b0e2ab954460bc87bfcfc553bb03080190, vars: {}, profile: zomato, target: dev, version: 1.12.0
[0m19:55:23.772308 [debug] [MainThread]: Partial parsing enabled: 0 files deleted, 0 files added, 1 files changed.
[0m19:55:23.773600 [debug] [MainThread]: Partial parsing: updated file: zomato://models/marts/mart_review_insights.sql
[0m19:55:24.151352 [warn ] [MainThread]: [[33mWARNING[0m]: Configuration paths exist in your dbt_project.yml file which do not apply to any resources.
There are 1 unused configuration paths:
- snapshots.zomato
[0m19:55:24.158433 [debug] [MainThread]: Sending event: {'category': 'dbt', 'action': 'load_project', 'label': '6e80b3e2-6812-43f9-bdc8-849fb8accb9f', 'context': [<snowplow_tracker.self_describing_json.SelfDescribingJson object at 0x7fe571fa7aa0>]}
[0m19:55:24.345662 [debug] [MainThread]: Wrote artifact WritableManifest to /opt/airflow/dbt/zomato/target/manifest.json
[0m19:55:24.350635 [debug] [MainThread]: Wrote artifact SemanticManifest to /opt/airflow/dbt/zomato/target/semantic_manifest.json
[0m19:55:24.370604 [debug] [MainThread]: Wrote artifact OsiDocument to /opt/airflow/dbt/zomato/target/osi_document.json
[0m19:55:24.406693 [debug] [MainThread]: Sending event: {'category': 'dbt', 'action': 'resource_counts', 'label': '6e80b3e2-6812-43f9-bdc8-849fb8accb9f', 'context': [<snowplow_tracker.self_describing_json.SelfDescribingJson object at 0x7fe571d1f9e0>]}
[0m19:55:24.407993 [info ] [MainThread]: Found 17 models, 16 data tests, 8 sources, 506 macros
[0m19:55:24.415771 [info ] [MainThread]: 
[0m19:55:24.416877 [info ] [MainThread]: Concurrency: 8 threads (target='dev')
[0m19:55:24.417747 [info ] [MainThread]: 
[0m19:55:24.419151 [debug] [MainThread]: Acquiring new snowflake connection 'master'
[0m19:55:24.427570 [debug] [ThreadPool]: Acquiring new snowflake connection 'list_ZOMATO'
[0m19:55:24.428889 [debug] [ThreadPool]: Acquiring new snowflake connection 'list_ZOMATO'
[0m19:55:24.454726 [debug] [ThreadPool]: Using snowflake connection "list_ZOMATO"
[0m19:55:24.457010 [debug] [ThreadPool]: Using snowflake connection "list_ZOMATO"
[0m19:55:24.457672 [debug] [ThreadPool]: On list_ZOMATO: /* {"app": "dbt", "dbt_version": "1.12.0", "profile_name": "zomato", "target_name": "dev", "connection_name": "list_ZOMATO"} */
show terse schemas in database ZOMATO
    limit 10000
[0m19:55:24.458569 [debug] [ThreadPool]: On list_ZOMATO: /* {"app": "dbt", "dbt_version": "1.12.0", "profile_name": "zomato", "target_name": "dev", "connection_name": "list_ZOMATO"} */
show terse schemas in database ZOMATO
    limit 10000
[0m19:55:24.459482 [debug] [ThreadPool]: Opening a new connection, currently in state init
[0m19:55:24.460339 [debug] [ThreadPool]: Opening a new connection, currently in state init
[0m19:55:26.879223 [debug] [ThreadPool]: SQL status: SUCCESS 8 in 2.420 seconds
[0m19:55:26.880557 [debug] [ThreadPool]: SQL status: SUCCESS 8 in 2.420 seconds
[0m19:55:26.883715 [debug] [ThreadPool]: On list_ZOMATO: Close
[0m19:55:26.886390 [debug] [ThreadPool]: On list_ZOMATO: Close
[0m19:55:27.214882 [debug] [ThreadPool]: Re-using an available connection from the pool (formerly list_ZOMATO, now list_ZOMATO_marts)
[0m19:55:27.221643 [debug] [ThreadPool]: Re-using an available connection from the pool (formerly list_ZOMATO, now list_ZOMATO_staging)
[0m19:55:27.235809 [debug] [ThreadPool]: Using snowflake connection "list_ZOMATO_marts"
[0m19:55:27.242663 [debug] [ThreadPool]: Using snowflake connection "list_ZOMATO_staging"
[0m19:55:27.243506 [debug] [ThreadPool]: On list_ZOMATO_marts: /* {"app": "dbt", "dbt_version": "1.12.0", "profile_name": "zomato", "target_name": "dev", "connection_name": "list_ZOMATO_marts"} */
show objects in ZOMATO.marts limit 10000
[0m19:55:27.244483 [debug] [ThreadPool]: On list_ZOMATO_staging: /* {"app": "dbt", "dbt_version": "1.12.0", "profile_name": "zomato", "target_name": "dev", "connection_name": "list_ZOMATO_staging"} */
show objects in ZOMATO.staging limit 10000
[0m19:55:27.245352 [debug] [ThreadPool]: Opening a new connection, currently in state closed
[0m19:55:27.246151 [debug] [ThreadPool]: Opening a new connection, currently in state closed
[0m19:55:28.143442 [debug] [ThreadPool]: SQL status: SUCCESS 9 in 0.898 seconds
[0m19:55:28.147388 [debug] [ThreadPool]: On list_ZOMATO_marts: Close
[0m19:55:28.328092 [debug] [ThreadPool]: SQL status: SUCCESS 7 in 1.082 seconds
[0m19:55:28.331461 [debug] [ThreadPool]: On list_ZOMATO_staging: Close
[0m19:55:28.550146 [debug] [MainThread]: Sending event: {'category': 'dbt', 'action': 'runnable_timing', 'label': '6e80b3e2-6812-43f9-bdc8-849fb8accb9f', 'context': [<snowplow_tracker.self_describing_json.SelfDescribingJson object at 0x7fe5702d48f0>]}
[0m19:55:28.560407 [debug] [Thread-1 (]: Began running node model.zomato.dim_date
[0m19:55:28.561275 [debug] [Thread-2 (]: Began running node model.zomato.stg_food
[0m19:55:28.562134 [debug] [Thread-3 (]: Began running node model.zomato.stg_menu
[0m19:55:28.563160 [info ] [Thread-1 (]: 1 of 32 START sql table model marts.dim_date ................................... [RUN]
[0m19:55:28.564390 [debug] [Thread-4 (]: Began running node model.zomato.stg_order_items
[0m19:55:28.565256 [debug] [Thread-5 (]: Began running node model.zomato.stg_orders
[0m19:55:28.566981 [debug] [Thread-6 (]: Began running node model.zomato.stg_restaurants
[0m19:55:28.568152 [debug] [Thread-7 (]: Began running node model.zomato.stg_reviews
[0m19:55:28.566311 [info ] [Thread-2 (]: 2 of 32 START sql view model staging.stg_food .................................. [RUN]
[0m19:55:28.569244 [debug] [Thread-8 (]: Began running node model.zomato.stg_users
[0m19:55:28.570241 [info ] [Thread-3 (]: 3 of 32 START sql view model staging.stg_menu .................................. [RUN]
[0m19:55:28.572095 [debug] [Thread-1 (]: Re-using an available connection from the pool (formerly list_ZOMATO_staging, now model.zomato.dim_date)
[0m19:55:28.573807 [info ] [Thread-4 (]: 4 of 32 START sql view model staging.stg_order_items ........................... [RUN]
[0m19:55:28.575406 [info ] [Thread-5 (]: 5 of 32 START sql view model staging.stg_orders ................................ [RUN]
[0m19:55:28.578010 [info ] [Thread-6 (]: 6 of 32 START sql view model staging.stg_restaurants ........................... [RUN]
[0m19:55:28.579393 [info ] [Thread-7 (]: 7 of 32 START sql view model staging.stg_reviews ............................... [RUN]
[0m19:55:28.580640 [debug] [Thread-2 (]: Re-using an available connection from the pool (formerly list_ZOMATO_marts, now model.zomato.stg_food)
[0m19:55:28.582081 [info ] [Thread-8 (]: 8 of 32 START sql view model staging.stg_users ................................. [RUN]
[0m19:55:28.583456 [debug] [Thread-3 (]: Acquiring new snowflake connection 'model.zomato.stg_menu'
[0m19:55:28.584453 [debug] [Thread-1 (]: Began compiling node model.zomato.dim_date
[0m19:55:28.585545 [debug] [Thread-4 (]: Acquiring new snowflake connection 'model.zomato.stg_order_items'
[0m19:55:28.586674 [debug] [Thread-5 (]: Acquiring new snowflake connection 'model.zomato.stg_orders'
[0m19:55:28.587838 [debug] [Thread-6 (]: Acquiring new snowflake connection 'model.zomato.stg_restaurants'
[0m19:55:28.589226 [debug] [Thread-7 (]: Acquiring new snowflake connection 'model.zomato.stg_reviews'
[0m19:55:28.590250 [debug] [Thread-2 (]: Began compiling node model.zomato.stg_food
[0m19:55:28.591453 [debug] [Thread-8 (]: Acquiring new snowflake connection 'model.zomato.stg_users'
[0m19:55:28.592756 [debug] [Thread-3 (]: Began compiling node model.zomato.stg_menu
[0m19:55:28.606547 [debug] [Thread-4 (]: Began compiling node model.zomato.stg_order_items
[0m19:55:28.614486 [debug] [Thread-1 (]: Writing injected SQL for node "model.zomato.dim_date"
[0m19:55:28.616157 [debug] [Thread-5 (]: Began compiling node model.zomato.stg_orders
[0m19:55:28.617427 [debug] [Thread-6 (]: Began compiling node model.zomato.stg_restaurants
[0m19:55:28.618661 [debug] [Thread-7 (]: Began compiling node model.zomato.stg_reviews
[0m19:55:28.623153 [debug] [Thread-2 (]: Writing injected SQL for node "model.zomato.stg_food"
[0m19:55:28.651427 [debug] [Thread-7 (]: Writing injected SQL for node "model.zomato.stg_reviews"
[0m19:55:28.629556 [debug] [Thread-3 (]: Writing injected SQL for node "model.zomato.stg_menu"
[0m19:55:28.634708 [debug] [Thread-4 (]: Writing injected SQL for node "model.zomato.stg_order_items"
[0m19:55:28.639913 [debug] [Thread-5 (]: Writing injected SQL for node "model.zomato.stg_orders"
[0m19:55:28.645348 [debug] [Thread-6 (]: Writing injected SQL for node "model.zomato.stg_restaurants"
[0m19:55:28.625236 [debug] [Thread-8 (]: Began compiling node model.zomato.stg_users
[0m19:55:28.654131 [debug] [Thread-1 (]: Began executing node model.zomato.dim_date
[0m19:55:28.658496 [debug] [Thread-2 (]: Began executing node model.zomato.stg_food
[0m19:55:28.661250 [debug] [Thread-7 (]: Began executing node model.zomato.stg_reviews
[0m19:55:28.667921 [debug] [Thread-3 (]: Began executing node model.zomato.stg_menu
[0m19:55:28.666094 [debug] [Thread-8 (]: Writing injected SQL for node "model.zomato.stg_users"
[0m19:55:28.686504 [debug] [Thread-5 (]: Began executing node model.zomato.stg_orders
[0m19:55:28.693869 [debug] [Thread-4 (]: Began executing node model.zomato.stg_order_items
[0m19:55:28.700608 [debug] [Thread-6 (]: Began executing node model.zomato.stg_restaurants
[0m19:55:28.774352 [debug] [Thread-1 (]: Writing runtime sql for node "model.zomato.dim_date"
[0m19:55:28.801973 [debug] [Thread-7 (]: Writing runtime sql for node "model.zomato.stg_reviews"
[0m19:55:28.813010 [debug] [Thread-3 (]: Writing runtime sql for node "model.zomato.stg_menu"
[0m19:55:28.818925 [debug] [Thread-2 (]: Writing runtime sql for node "model.zomato.stg_food"
[0m19:55:28.822717 [debug] [Thread-5 (]: Writing runtime sql for node "model.zomato.stg_orders"
[0m19:55:28.930662 [debug] [Thread-4 (]: Writing runtime sql for node "model.zomato.stg_order_items"
[0m19:55:28.934768 [debug] [Thread-6 (]: Writing runtime sql for node "model.zomato.stg_restaurants"
[0m19:55:28.936462 [debug] [Thread-8 (]: Began executing node model.zomato.stg_users
[0m19:55:28.940755 [debug] [Thread-1 (]: Using snowflake connection "model.zomato.dim_date"
[0m19:55:28.942686 [debug] [Thread-7 (]: Using snowflake connection "model.zomato.stg_reviews"
[0m19:55:28.944659 [debug] [Thread-3 (]: Using snowflake connection "model.zomato.stg_menu"
[0m19:55:28.946820 [debug] [Thread-2 (]: Using snowflake connection "model.zomato.stg_food"
[0m19:55:28.951856 [debug] [Thread-8 (]: Writing runtime sql for node "model.zomato.stg_users"
[0m19:55:28.953294 [debug] [Thread-1 (]: On model.zomato.dim_date: /* {"app": "dbt", "dbt_version": "1.12.0", "profile_name": "zomato", "target_name": "dev", "node_id": "model.zomato.dim_date"} */
create or replace transient table ZOMATO.marts.dim_date
         as
        (with spine as (
    select dateadd(day, seq4(), '2024-01-01'::date) as date_day 
    from 
    table(generator(rowcount=>1200)))
select date_day, year(date_day) as year, month(date_day) as month, monthname(date_day) as month_name,
       dayname(date_day) as day_name, (dayofweekiso(date_day)>=6) as is_weekend
from spine where date_day <= '2026-12-31'
        );
[0m19:55:28.954584 [debug] [Thread-5 (]: Using snowflake connection "model.zomato.stg_orders"
[0m19:55:28.956068 [debug] [Thread-4 (]: Using snowflake connection "model.zomato.stg_order_items"
[0m19:55:28.956891 [debug] [Thread-7 (]: On model.zomato.stg_reviews: /* {"app": "dbt", "dbt_version": "1.12.0", "profile_name": "zomato", "target_name": "dev", "node_id": "model.zomato.stg_reviews"} */
create or replace   view ZOMATO.staging.stg_reviews
  
   as (
    select
    *
from ZOMATO.RAW.reviews
  );
[0m19:55:28.958125 [debug] [Thread-6 (]: Using snowflake connection "model.zomato.stg_restaurants"
[0m19:55:28.959383 [debug] [Thread-3 (]: On model.zomato.stg_menu: /* {"app": "dbt", "dbt_version": "1.12.0", "profile_name": "zomato", "target_name": "dev", "node_id": "model.zomato.stg_menu"} */
create or replace   view ZOMATO.staging.stg_menu
  
   as (
    select
    *
from ZOMATO.RAW.menu
  );
[0m19:55:28.961222 [debug] [Thread-2 (]: On model.zomato.stg_food: /* {"app": "dbt", "dbt_version": "1.12.0", "profile_name": "zomato", "target_name": "dev", "node_id": "model.zomato.stg_food"} */
create or replace   view ZOMATO.staging.stg_food
  
   as (
    select
    *
from ZOMATO.RAW.food
  );
[0m19:55:28.962757 [debug] [Thread-1 (]: Opening a new connection, currently in state closed
[0m19:55:28.964220 [debug] [Thread-5 (]: On model.zomato.stg_orders: /* {"app": "dbt", "dbt_version": "1.12.0", "profile_name": "zomato", "target_name": "dev", "node_id": "model.zomato.stg_orders"} */
create or replace   view ZOMATO.staging.stg_orders
  
   as (
    select
    *
from ZOMATO.RAW.orders
  );
[0m19:55:28.965414 [debug] [Thread-4 (]: On model.zomato.stg_order_items: /* {"app": "dbt", "dbt_version": "1.12.0", "profile_name": "zomato", "target_name": "dev", "node_id": "model.zomato.stg_order_items"} */
create or replace   view ZOMATO.staging.stg_order_items
  
   as (
    select
    *
from ZOMATO.RAW.order_items
  );
[0m19:55:28.966550 [debug] [Thread-7 (]: Opening a new connection, currently in state init
[0m19:55:28.967743 [debug] [Thread-8 (]: Using snowflake connection "model.zomato.stg_users"
[0m19:55:28.968698 [debug] [Thread-6 (]: On model.zomato.stg_restaurants: /* {"app": "dbt", "dbt_version": "1.12.0", "profile_name": "zomato", "target_name": "dev", "node_id": "model.zomato.stg_restaurants"} */
create or replace   view ZOMATO.staging.stg_restaurants
  
   as (
    select
    *
from ZOMATO.RAW.restaurants
  );
[0m19:55:28.969713 [debug] [Thread-3 (]: Opening a new connection, currently in state init
[0m19:55:28.970703 [debug] [Thread-2 (]: Opening a new connection, currently in state closed
[0m19:55:28.979088 [debug] [Thread-5 (]: Opening a new connection, currently in state init
[0m19:55:28.989648 [debug] [Thread-4 (]: Opening a new connection, currently in state init
[0m19:55:28.995308 [debug] [Thread-8 (]: On model.zomato.stg_users: /* {"app": "dbt", "dbt_version": "1.12.0", "profile_name": "zomato", "target_name": "dev", "node_id": "model.zomato.stg_users"} */
create or replace   view ZOMATO.staging.stg_users
  
   as (
    select
    *
from ZOMATO.RAW.users
  );
[0m19:55:28.999616 [debug] [Thread-6 (]: Opening a new connection, currently in state init
[0m19:55:29.150306 [debug] [Thread-8 (]: Opening a new connection, currently in state init
[0m19:55:29.977541 [debug] [Thread-7 (]: SQL status: SUCCESS 1 in 1.011 seconds
[0m19:55:30.026680 [debug] [Thread-7 (]: On model.zomato.stg_reviews: Close
[0m19:55:30.099716 [debug] [Thread-2 (]: SQL status: SUCCESS 1 in 1.129 seconds
[0m19:55:30.101623 [debug] [Thread-8 (]: SQL status: SUCCESS 1 in 0.951 seconds
[0m19:55:30.106096 [debug] [Thread-2 (]: On model.zomato.stg_food: Close
[0m19:55:30.110974 [debug] [Thread-8 (]: On model.zomato.stg_users: Close
[0m19:55:30.117313 [debug] [Thread-5 (]: SQL status: SUCCESS 1 in 1.138 seconds
[0m19:55:30.119249 [debug] [Thread-3 (]: SQL status: SUCCESS 1 in 1.149 seconds
[0m19:55:30.126326 [debug] [Thread-6 (]: SQL status: SUCCESS 1 in 1.126 seconds
[0m19:55:30.135321 [debug] [Thread-5 (]: On model.zomato.stg_orders: Close
[0m19:55:30.144967 [debug] [Thread-3 (]: On model.zomato.stg_menu: Close
[0m19:55:30.148956 [debug] [Thread-4 (]: SQL status: SUCCESS 1 in 1.159 seconds
[0m19:55:30.161453 [debug] [Thread-6 (]: On model.zomato.stg_restaurants: Close
[0m19:55:30.175661 [debug] [Thread-4 (]: On model.zomato.stg_order_items: Close
[0m19:55:30.233561 [debug] [Thread-1 (]: SQL status: SUCCESS 1 in 1.271 seconds
[0m19:55:30.239212 [debug] [Thread-1 (]: On model.zomato.dim_date: Close
[0m19:55:30.383307 [debug] [Thread-7 (]: Sending event: {'category': 'dbt', 'action': 'run_model', 'label': '6e80b3e2-6812-43f9-bdc8-849fb8accb9f', 'context': [<snowplow_tracker.self_describing_json.SelfDescribingJson object at 0x7fe5127ae660>]}
[0m19:55:30.389838 [debug] [Thread-2 (]: Sending event: {'category': 'dbt', 'action': 'run_model', 'label': '6e80b3e2-6812-43f9-bdc8-849fb8accb9f', 'context': [<snowplow_tracker.self_describing_json.SelfDescribingJson object at 0x7fe576c3cda0>]}
[0m19:55:30.385431 [info ] [Thread-7 (]: 7 of 32 OK created sql view model staging.stg_reviews .......................... [[32mSUCCESS 1[0m in 1.78s]
[0m19:55:30.394859 [info ] [Thread-2 (]: 2 of 32 OK created sql view model staging.stg_food ............................. [[32mSUCCESS 1[0m in 1.80s]
[0m19:55:30.396377 [debug] [Thread-7 (]: Finished running node model.zomato.stg_reviews
[0m19:55:30.398099 [debug] [Thread-2 (]: Finished running node model.zomato.stg_food
[0m19:55:30.401318 [debug] [Thread-7 (]: Began running node test.zomato.not_null_stg_reviews_review_id.943b8fc3e4
[0m19:55:30.402271 [debug] [Thread-2 (]: Began running node test.zomato.unique_stg_reviews_review_id.9b6c259f3c
[0m19:55:30.403781 [info ] [Thread-7 (]: 9 of 32 START test not_null_stg_reviews_review_id .............................. [RUN]
[0m19:55:30.406603 [info ] [Thread-2 (]: 10 of 32 START test unique_stg_reviews_review_id ............................... [RUN]
[0m19:55:30.409268 [debug] [Thread-7 (]: Re-using an available connection from the pool (formerly model.zomato.stg_reviews, now test.zomato.not_null_stg_reviews_review_id.943b8fc3e4)
[0m19:55:30.411404 [debug] [Thread-2 (]: Re-using an available connection from the pool (formerly model.zomato.stg_food, now test.zomato.unique_stg_reviews_review_id.9b6c259f3c)
[0m19:55:30.412930 [debug] [Thread-7 (]: Began compiling node test.zomato.not_null_stg_reviews_review_id.943b8fc3e4
[0m19:55:30.414825 [debug] [Thread-2 (]: Began compiling node test.zomato.unique_stg_reviews_review_id.9b6c259f3c
[0m19:55:30.475388 [debug] [Thread-2 (]: Writing injected SQL for node "test.zomato.unique_stg_reviews_review_id.9b6c259f3c"
[0m19:55:30.483347 [debug] [Thread-7 (]: Writing injected SQL for node "test.zomato.not_null_stg_reviews_review_id.943b8fc3e4"
[0m19:55:30.496218 [debug] [Thread-6 (]: Sending event: {'category': 'dbt', 'action': 'run_model', 'label': '6e80b3e2-6812-43f9-bdc8-849fb8accb9f', 'context': [<snowplow_tracker.self_describing_json.SelfDescribingJson object at 0x7fe578ceff50>]}
[0m19:55:30.499136 [debug] [Thread-8 (]: Sending event: {'category': 'dbt', 'action': 'run_model', 'label': '6e80b3e2-6812-43f9-bdc8-849fb8accb9f', 'context': [<snowplow_tracker.self_describing_json.SelfDescribingJson object at 0x7fe573ede660>]}
[0m19:55:30.500605 [debug] [Thread-3 (]: Sending event: {'category': 'dbt', 'action': 'run_model', 'label': '6e80b3e2-6812-43f9-bdc8-849fb8accb9f', 'context': [<snowplow_tracker.self_describing_json.SelfDescribingJson object at 0x7fe573edc4a0>]}
[0m19:55:30.502144 [debug] [Thread-1 (]: Sending event: {'category': 'dbt', 'action': 'run_model', 'label': '6e80b3e2-6812-43f9-bdc8-849fb8accb9f', 'context': [<snowplow_tracker.self_describing_json.SelfDescribingJson object at 0x7fe573edc110>]}
[0m19:55:30.507948 [info ] [Thread-6 (]: 6 of 32 OK created sql view model staging.stg_restaurants ...................... [[32mSUCCESS 1[0m in 1.91s]
[0m19:55:30.511828 [debug] [Thread-5 (]: Sending event: {'category': 'dbt', 'action': 'run_model', 'label': '6e80b3e2-6812-43f9-bdc8-849fb8accb9f', 'context': [<snowplow_tracker.self_describing_json.SelfDescribingJson object at 0x7fe5740d7cb0>]}
[0m19:55:30.514579 [info ] [Thread-8 (]: 8 of 32 OK created sql view model staging.stg_users ............................ [[32mSUCCESS 1[0m in 1.91s]
[0m19:55:30.516209 [debug] [Thread-2 (]: Began executing node test.zomato.unique_stg_reviews_review_id.9b6c259f3c
[0m19:55:30.517705 [info ] [Thread-3 (]: 3 of 32 OK created sql view model staging.stg_menu ............................. [[32mSUCCESS 1[0m in 1.92s]
[0m19:55:30.519494 [debug] [Thread-7 (]: Began executing node test.zomato.not_null_stg_reviews_review_id.943b8fc3e4
[0m19:55:30.522637 [info ] [Thread-1 (]: 1 of 32 OK created sql table model marts.dim_date .............................. [[32mSUCCESS 1[0m in 1.93s]
[0m19:55:30.527456 [debug] [Thread-6 (]: Finished running node model.zomato.stg_restaurants
[0m19:55:30.529371 [info ] [Thread-5 (]: 5 of 32 OK created sql view model staging.stg_orders ........................... [[32mSUCCESS 1[0m in 1.92s]
[0m19:55:30.532768 [debug] [Thread-4 (]: Sending event: {'category': 'dbt', 'action': 'run_model', 'label': '6e80b3e2-6812-43f9-bdc8-849fb8accb9f', 'context': [<snowplow_tracker.self_describing_json.SelfDescribingJson object at 0x7fe573850110>]}
[0m19:55:30.535237 [debug] [Thread-8 (]: Finished running node model.zomato.stg_users
[0m19:55:30.548999 [debug] [Thread-3 (]: Finished running node model.zomato.stg_menu
[0m19:55:30.614304 [debug] [Thread-1 (]: Finished running node model.zomato.dim_date
[0m19:55:30.606191 [debug] [Thread-2 (]: Writing runtime sql for node "test.zomato.unique_stg_reviews_review_id.9b6c259f3c"
[0m19:55:30.627146 [debug] [Thread-7 (]: Writing runtime sql for node "test.zomato.not_null_stg_reviews_review_id.943b8fc3e4"
[0m19:55:30.628671 [debug] [Thread-6 (]: Began running node model.zomato.dim_food
[0m19:55:30.632329 [debug] [Thread-5 (]: Finished running node model.zomato.stg_orders
[0m19:55:30.634666 [info ] [Thread-4 (]: 4 of 32 OK created sql view model staging.stg_order_items ...................... [[32mSUCCESS 1[0m in 1.95s]
[0m19:55:30.636466 [debug] [Thread-8 (]: Began running node test.zomato.not_null_stg_restaurants_id.732688e26a
[0m19:55:30.638092 [debug] [Thread-3 (]: Began running node test.zomato.unique_stg_restaurants_id.43c737c387
[0m19:55:30.640106 [debug] [Thread-1 (]: Began running node test.zomato.not_null_stg_users_user_id.980dfc1b77
[0m19:55:30.643753 [info ] [Thread-6 (]: 11 of 32 START sql table model marts.dim_food .................................. [RUN]
[0m19:55:30.646787 [debug] [Thread-2 (]: Using snowflake connection "test.zomato.unique_stg_reviews_review_id.9b6c259f3c"
[0m19:55:30.648302 [debug] [Thread-5 (]: Began running node test.zomato.unique_stg_users_user_id.c2ff477e6b
[0m19:55:30.650740 [debug] [Thread-7 (]: Using snowflake connection "test.zomato.not_null_stg_reviews_review_id.943b8fc3e4"
[0m19:55:30.652191 [debug] [Thread-4 (]: Finished running node model.zomato.stg_order_items
[0m19:55:30.653697 [info ] [Thread-8 (]: 12 of 32 START test not_null_stg_restaurants_id ................................ [RUN]
[0m19:55:30.655454 [info ] [Thread-3 (]: 13 of 32 START test unique_stg_restaurants_id .................................. [RUN]
[0m19:55:30.656741 [info ] [Thread-1 (]: 14 of 32 START test not_null_stg_users_user_id ................................. [RUN]
[0m19:55:30.658578 [debug] [Thread-6 (]: Re-using an available connection from the pool (formerly model.zomato.stg_restaurants, now model.zomato.dim_food)
[0m19:55:30.660180 [debug] [Thread-2 (]: On test.zomato.unique_stg_reviews_review_id.9b6c259f3c: /* {"app": "dbt", "dbt_version": "1.12.0", "profile_name": "zomato", "target_name": "dev", "node_id": "test.zomato.unique_stg_reviews_review_id.9b6c259f3c"} */
select
      count(*) as failures,
      count(*) != 0 as should_warn,
      count(*) != 0 as should_error
    from (
      
    
  
    
    

select
    review_id as unique_field,
    count(*) as n_records

from ZOMATO.staging.stg_reviews
where review_id is not null
group by review_id
having count(*) > 1



  
  
      
    ) dbt_internal_test
[0m19:55:30.662375 [info ] [Thread-5 (]: 15 of 32 START test unique_stg_users_user_id ................................... [RUN]
[0m19:55:30.665286 [debug] [Thread-7 (]: On test.zomato.not_null_stg_reviews_review_id.943b8fc3e4: /* {"app": "dbt", "dbt_version": "1.12.0", "profile_name": "zomato", "target_name": "dev", "node_id": "test.zomato.not_null_stg_reviews_review_id.943b8fc3e4"} */
select
      count(*) as failures,
      count(*) != 0 as should_warn,
      count(*) != 0 as should_error
    from (
      
    
  
    
    



select review_id
from ZOMATO.staging.stg_reviews
where review_id is null



  
  
      
    ) dbt_internal_test
[0m19:55:30.667223 [debug] [Thread-4 (]: Began running node test.zomato.not_null_stg_orders_order_id.81cfe2fe64
[0m19:55:30.669111 [debug] [Thread-8 (]: Re-using an available connection from the pool (formerly model.zomato.stg_users, now test.zomato.not_null_stg_restaurants_id.732688e26a)
[0m19:55:30.670578 [debug] [Thread-3 (]: Re-using an available connection from the pool (formerly model.zomato.stg_menu, now test.zomato.unique_stg_restaurants_id.43c737c387)
[0m19:55:30.672261 [debug] [Thread-1 (]: Re-using an available connection from the pool (formerly model.zomato.dim_date, now test.zomato.not_null_stg_users_user_id.980dfc1b77)
[0m19:55:30.673678 [debug] [Thread-6 (]: Began compiling node model.zomato.dim_food
[0m19:55:30.675209 [debug] [Thread-2 (]: Opening a new connection, currently in state closed
[0m19:55:30.676843 [debug] [Thread-5 (]: Re-using an available connection from the pool (formerly model.zomato.stg_orders, now test.zomato.unique_stg_users_user_id.c2ff477e6b)
[0m19:55:30.678624 [debug] [Thread-7 (]: Opening a new connection, currently in state closed
[0m19:55:30.680863 [info ] [Thread-4 (]: 16 of 32 START test not_null_stg_orders_order_id ............................... [RUN]
[0m19:55:30.682325 [debug] [Thread-8 (]: Began compiling node test.zomato.not_null_stg_restaurants_id.732688e26a
[0m19:55:30.683603 [debug] [Thread-3 (]: Began compiling node test.zomato.unique_stg_restaurants_id.43c737c387
[0m19:55:30.684876 [debug] [Thread-1 (]: Began compiling node test.zomato.not_null_stg_users_user_id.980dfc1b77
[0m19:55:30.688296 [debug] [Thread-6 (]: Writing injected SQL for node "model.zomato.dim_food"
[0m19:55:30.695654 [debug] [Thread-5 (]: Began compiling node test.zomato.unique_stg_users_user_id.c2ff477e6b
[0m19:55:30.715837 [debug] [Thread-4 (]: Re-using an available connection from the pool (formerly model.zomato.stg_order_items, now test.zomato.not_null_stg_orders_order_id.81cfe2fe64)
[0m19:55:30.740267 [debug] [Thread-8 (]: Writing injected SQL for node "test.zomato.not_null_stg_restaurants_id.732688e26a"
[0m19:55:30.792244 [debug] [Thread-3 (]: Writing injected SQL for node "test.zomato.unique_stg_restaurants_id.43c737c387"
[0m19:55:30.805419 [debug] [Thread-6 (]: Began executing node model.zomato.dim_food
[0m19:55:30.804770 [debug] [Thread-5 (]: Writing injected SQL for node "test.zomato.unique_stg_users_user_id.c2ff477e6b"
[0m19:55:30.812278 [debug] [Thread-4 (]: Began compiling node test.zomato.not_null_stg_orders_order_id.81cfe2fe64
[0m19:55:30.814679 [debug] [Thread-1 (]: Writing injected SQL for node "test.zomato.not_null_stg_users_user_id.980dfc1b77"
[0m19:55:30.832055 [debug] [Thread-6 (]: Writing runtime sql for node "model.zomato.dim_food"
[0m19:55:30.842542 [debug] [Thread-8 (]: Began executing node test.zomato.not_null_stg_restaurants_id.732688e26a
[0m19:55:30.851222 [debug] [Thread-3 (]: Began executing node test.zomato.unique_stg_restaurants_id.43c737c387
[0m19:55:30.852620 [debug] [Thread-5 (]: Began executing node test.zomato.unique_stg_users_user_id.c2ff477e6b
[0m19:55:30.868576 [debug] [Thread-4 (]: Writing injected SQL for node "test.zomato.not_null_stg_orders_order_id.81cfe2fe64"
[0m19:55:30.873189 [debug] [Thread-8 (]: Writing runtime sql for node "test.zomato.not_null_stg_restaurants_id.732688e26a"
[0m19:55:30.877820 [debug] [Thread-3 (]: Writing runtime sql for node "test.zomato.unique_stg_restaurants_id.43c737c387"
[0m19:55:30.879649 [debug] [Thread-1 (]: Began executing node test.zomato.not_null_stg_users_user_id.980dfc1b77
[0m19:55:30.882690 [debug] [Thread-5 (]: Writing runtime sql for node "test.zomato.unique_stg_users_user_id.c2ff477e6b"
[0m19:55:30.887711 [debug] [Thread-6 (]: Using snowflake connection "model.zomato.dim_food"
[0m19:55:30.892874 [debug] [Thread-1 (]: Writing runtime sql for node "test.zomato.not_null_stg_users_user_id.980dfc1b77"
[0m19:55:30.894149 [debug] [Thread-4 (]: Began executing node test.zomato.not_null_stg_orders_order_id.81cfe2fe64
[0m19:55:30.895748 [debug] [Thread-6 (]: On model.zomato.dim_food: /* {"app": "dbt", "dbt_version": "1.12.0", "profile_name": "zomato", "target_name": "dev", "node_id": "model.zomato.dim_food"} */
create or replace transient table ZOMATO.marts.dim_food
         as
        (select
    f_id,
    item as food_name,
    veg_or_non_veg
from ZOMATO.staging.stg_food
        );
[0m19:55:30.898243 [debug] [Thread-8 (]: Using snowflake connection "test.zomato.not_null_stg_restaurants_id.732688e26a"
[0m19:55:30.900682 [debug] [Thread-3 (]: Using snowflake connection "test.zomato.unique_stg_restaurants_id.43c737c387"
[0m19:55:30.908672 [debug] [Thread-5 (]: Using snowflake connection "test.zomato.unique_stg_users_user_id.c2ff477e6b"
[0m19:55:30.906730 [debug] [Thread-4 (]: Writing runtime sql for node "test.zomato.not_null_stg_orders_order_id.81cfe2fe64"
[0m19:55:30.909575 [debug] [Thread-6 (]: Opening a new connection, currently in state closed
[0m19:55:30.910808 [debug] [Thread-8 (]: On test.zomato.not_null_stg_restaurants_id.732688e26a: /* {"app": "dbt", "dbt_version": "1.12.0", "profile_name": "zomato", "target_name": "dev", "node_id": "test.zomato.not_null_stg_restaurants_id.732688e26a"} */
select
      count(*) as failures,
      count(*) != 0 as should_warn,
      count(*) != 0 as should_error
    from (
      
    
  
    
    



select id
from ZOMATO.staging.stg_restaurants
where id is null



  
  
      
    ) dbt_internal_test
[0m19:55:30.912643 [debug] [Thread-1 (]: Using snowflake connection "test.zomato.not_null_stg_users_user_id.980dfc1b77"
[0m19:55:30.913590 [debug] [Thread-3 (]: On test.zomato.unique_stg_restaurants_id.43c737c387: /* {"app": "dbt", "dbt_version": "1.12.0", "profile_name": "zomato", "target_name": "dev", "node_id": "test.zomato.unique_stg_restaurants_id.43c737c387"} */
select
      count(*) as failures,
      count(*) != 0 as should_warn,
      count(*) != 0 as should_error
    from (
      
    
  
    
    

select
    id as unique_field,
    count(*) as n_records

from ZOMATO.staging.stg_restaurants
where id is not null
group by id
having count(*) > 1



  
  
      
    ) dbt_internal_test
[0m19:55:30.914877 [debug] [Thread-5 (]: On test.zomato.unique_stg_users_user_id.c2ff477e6b: /* {"app": "dbt", "dbt_version": "1.12.0", "profile_name": "zomato", "target_name": "dev", "node_id": "test.zomato.unique_stg_users_user_id.c2ff477e6b"} */
select
      count(*) as failures,
      count(*) != 0 as should_warn,
      count(*) != 0 as should_error
    from (
      
    
  
    
    

select
    user_id as unique_field,
    count(*) as n_records

from ZOMATO.staging.stg_users
where user_id is not null
group by user_id
having count(*) > 1



  
  
      
    ) dbt_internal_test
[0m19:55:30.919781 [debug] [Thread-8 (]: Opening a new connection, currently in state closed
[0m19:55:30.929749 [debug] [Thread-1 (]: On test.zomato.not_null_stg_users_user_id.980dfc1b77: /* {"app": "dbt", "dbt_version": "1.12.0", "profile_name": "zomato", "target_name": "dev", "node_id": "test.zomato.not_null_stg_users_user_id.980dfc1b77"} */
select
      count(*) as failures,
      count(*) != 0 as should_warn,
      count(*) != 0 as should_error
    from (
      
    
  
    
    



select user_id
from ZOMATO.staging.stg_users
where user_id is null



  
  
      
    ) dbt_internal_test
[0m19:55:30.934158 [debug] [Thread-3 (]: Opening a new connection, currently in state closed
[0m19:55:30.937257 [debug] [Thread-4 (]: Using snowflake connection "test.zomato.not_null_stg_orders_order_id.81cfe2fe64"
[0m19:55:31.004348 [debug] [Thread-4 (]: On test.zomato.not_null_stg_orders_order_id.81cfe2fe64: /* {"app": "dbt", "dbt_version": "1.12.0", "profile_name": "zomato", "target_name": "dev", "node_id": "test.zomato.not_null_stg_orders_order_id.81cfe2fe64"} */
select
      count(*) as failures,
      count(*) != 0 as should_warn,
      count(*) != 0 as should_error
    from (
      
    
  
    
    



select order_id
from ZOMATO.staging.stg_orders
where order_id is null



  
  
      
    ) dbt_internal_test
[0m19:55:30.953295 [debug] [Thread-1 (]: Opening a new connection, currently in state closed
[0m19:55:30.939101 [debug] [Thread-5 (]: Opening a new connection, currently in state closed
[0m19:55:31.012725 [debug] [Thread-4 (]: Opening a new connection, currently in state closed
[0m19:55:31.665723 [debug] [Thread-7 (]: SQL status: SUCCESS 1 in 0.987 seconds
[0m19:55:31.671594 [debug] [Thread-7 (]: On test.zomato.not_null_stg_reviews_review_id.943b8fc3e4: Close
[0m19:55:31.754613 [debug] [Thread-2 (]: SQL status: SUCCESS 1 in 1.079 seconds
[0m19:55:31.758418 [debug] [Thread-2 (]: On test.zomato.unique_stg_reviews_review_id.9b6c259f3c: Close
[0m19:55:31.830420 [debug] [Thread-8 (]: SQL status: SUCCESS 1 in 0.910 seconds
[0m19:55:31.833744 [debug] [Thread-8 (]: On test.zomato.not_null_stg_restaurants_id.732688e26a: Close
[0m19:55:31.935622 [debug] [Thread-4 (]: SQL status: SUCCESS 1 in 0.923 seconds
[0m19:55:31.939971 [debug] [Thread-1 (]: SQL status: SUCCESS 1 in 0.987 seconds
[0m19:55:31.943061 [debug] [Thread-4 (]: On test.zomato.not_null_stg_orders_order_id.81cfe2fe64: Close
[0m19:55:31.937836 [info ] [Thread-7 (]: 9 of 32 PASS not_null_stg_reviews_review_id .................................... [[32mPASS[0m in 1.53s]
[0m19:55:31.946413 [debug] [Thread-1 (]: On test.zomato.not_null_stg_users_user_id.980dfc1b77: Close
[0m19:55:31.950245 [debug] [Thread-7 (]: Finished running node test.zomato.not_null_stg_reviews_review_id.943b8fc3e4
[0m19:55:31.956268 [debug] [Thread-7 (]: Began running node test.zomato.not_null_stg_orders_r_id.902d9e6a31
[0m19:55:31.957319 [info ] [Thread-7 (]: 17 of 32 START test not_null_stg_orders_r_id ................................... [RUN]
[0m19:55:31.959004 [debug] [Thread-7 (]: Re-using an available connection from the pool (formerly test.zomato.not_null_stg_reviews_review_id.943b8fc3e4, now test.zomato.not_null_stg_orders_r_id.902d9e6a31)
[0m19:55:31.959932 [debug] [Thread-7 (]: Began compiling node test.zomato.not_null_stg_orders_r_id.902d9e6a31
[0m19:55:31.971292 [debug] [Thread-7 (]: Writing injected SQL for node "test.zomato.not_null_stg_orders_r_id.902d9e6a31"
[0m19:55:31.973632 [debug] [Thread-7 (]: Began executing node test.zomato.not_null_stg_orders_r_id.902d9e6a31
[0m19:55:31.977096 [debug] [Thread-7 (]: Writing runtime sql for node "test.zomato.not_null_stg_orders_r_id.902d9e6a31"
[0m19:55:31.980223 [debug] [Thread-7 (]: Using snowflake connection "test.zomato.not_null_stg_orders_r_id.902d9e6a31"
[0m19:55:31.981246 [debug] [Thread-7 (]: On test.zomato.not_null_stg_orders_r_id.902d9e6a31: /* {"app": "dbt", "dbt_version": "1.12.0", "profile_name": "zomato", "target_name": "dev", "node_id": "test.zomato.not_null_stg_orders_r_id.902d9e6a31"} */
select
      count(*) as failures,
      count(*) != 0 as should_warn,
      count(*) != 0 as should_error
    from (
      
    
  
    
    



select r_id
from ZOMATO.staging.stg_orders
where r_id is null



  
  
      
    ) dbt_internal_test
[0m19:55:31.982204 [debug] [Thread-7 (]: Opening a new connection, currently in state closed
[0m19:55:32.018615 [debug] [Thread-3 (]: SQL status: SUCCESS 1 in 1.084 seconds
[0m19:55:32.023888 [debug] [Thread-3 (]: On test.zomato.unique_stg_restaurants_id.43c737c387: Close
[0m19:55:32.043386 [info ] [Thread-2 (]: 10 of 32 PASS unique_stg_reviews_review_id ..................................... [[32mPASS[0m in 1.63s]
[0m19:55:32.044848 [debug] [Thread-2 (]: Finished running node test.zomato.unique_stg_reviews_review_id.9b6c259f3c
[0m19:55:32.046245 [debug] [Thread-2 (]: Began running node test.zomato.not_null_stg_orders_user_id.7d129d0209
[0m19:55:32.047949 [info ] [Thread-2 (]: 18 of 32 START test not_null_stg_orders_user_id ................................ [RUN]
[0m19:55:32.051095 [debug] [Thread-2 (]: Re-using an available connection from the pool (formerly test.zomato.unique_stg_reviews_review_id.9b6c259f3c, now test.zomato.not_null_stg_orders_user_id.7d129d0209)
[0m19:55:32.052736 [debug] [Thread-2 (]: Began compiling node test.zomato.not_null_stg_orders_user_id.7d129d0209
[0m19:55:32.068279 [debug] [Thread-5 (]: SQL status: SUCCESS 1 in 1.129 seconds
[0m19:55:32.077865 [debug] [Thread-5 (]: On test.zomato.unique_stg_users_user_id.c2ff477e6b: Close
[0m19:55:32.082037 [debug] [Thread-2 (]: Writing injected SQL for node "test.zomato.not_null_stg_orders_user_id.7d129d0209"
[0m19:55:32.091150 [debug] [Thread-2 (]: Began executing node test.zomato.not_null_stg_orders_user_id.7d129d0209
[0m19:55:32.094529 [debug] [Thread-2 (]: Writing runtime sql for node "test.zomato.not_null_stg_orders_user_id.7d129d0209"
[0m19:55:32.098039 [debug] [Thread-2 (]: Using snowflake connection "test.zomato.not_null_stg_orders_user_id.7d129d0209"
[0m19:55:32.099161 [debug] [Thread-2 (]: On test.zomato.not_null_stg_orders_user_id.7d129d0209: /* {"app": "dbt", "dbt_version": "1.12.0", "profile_name": "zomato", "target_name": "dev", "node_id": "test.zomato.not_null_stg_orders_user_id.7d129d0209"} */
select
      count(*) as failures,
      count(*) != 0 as should_warn,
      count(*) != 0 as should_error
    from (
      
    
  
    
    



select user_id
from ZOMATO.staging.stg_orders
where user_id is null



  
  
      
    ) dbt_internal_test
[0m19:55:32.100095 [debug] [Thread-2 (]: Opening a new connection, currently in state closed
[0m19:55:32.148699 [info ] [Thread-8 (]: 12 of 32 PASS not_null_stg_restaurants_id ...................................... [[32mPASS[0m in 1.48s]
[0m19:55:32.153486 [debug] [Thread-8 (]: Finished running node test.zomato.not_null_stg_restaurants_id.732688e26a
[0m19:55:32.155571 [debug] [Thread-8 (]: Began running node test.zomato.unique_stg_orders_order_id.e3b841c71a
[0m19:55:32.157536 [info ] [Thread-8 (]: 19 of 32 START test unique_stg_orders_order_id ................................. [RUN]
[0m19:55:32.160587 [debug] [Thread-8 (]: Re-using an available connection from the pool (formerly test.zomato.not_null_stg_restaurants_id.732688e26a, now test.zomato.unique_stg_orders_order_id.e3b841c71a)
[0m19:55:32.162419 [debug] [Thread-8 (]: Began compiling node test.zomato.unique_stg_orders_order_id.e3b841c71a
[0m19:55:32.182772 [debug] [Thread-8 (]: Writing injected SQL for node "test.zomato.unique_stg_orders_order_id.e3b841c71a"
[0m19:55:32.193310 [debug] [Thread-8 (]: Began executing node test.zomato.unique_stg_orders_order_id.e3b841c71a
[0m19:55:32.192387 [info ] [Thread-4 (]: 16 of 32 PASS not_null_stg_orders_order_id ..................................... [[32mPASS[0m in 1.48s]
[0m19:55:32.199525 [debug] [Thread-8 (]: Writing runtime sql for node "test.zomato.unique_stg_orders_order_id.e3b841c71a"
[0m19:55:32.201349 [debug] [Thread-4 (]: Finished running node test.zomato.not_null_stg_orders_order_id.81cfe2fe64
[0m19:55:32.203258 [debug] [Thread-4 (]: Began running node test.zomato.not_null_stg_order_items_order_item_id.26a7e2bc35
[0m19:55:32.204350 [info ] [Thread-4 (]: 20 of 32 START test not_null_stg_order_items_order_item_id ..................... [RUN]
[0m19:55:32.206136 [debug] [Thread-4 (]: Re-using an available connection from the pool (formerly test.zomato.not_null_stg_orders_order_id.81cfe2fe64, now test.zomato.not_null_stg_order_items_order_item_id.26a7e2bc35)
[0m19:55:32.207238 [debug] [Thread-4 (]: Began compiling node test.zomato.not_null_stg_order_items_order_item_id.26a7e2bc35
[0m19:55:32.214983 [debug] [Thread-8 (]: Using snowflake connection "test.zomato.unique_stg_orders_order_id.e3b841c71a"
[0m19:55:32.222059 [debug] [Thread-4 (]: Writing injected SQL for node "test.zomato.not_null_stg_order_items_order_item_id.26a7e2bc35"
[0m19:55:32.223161 [debug] [Thread-8 (]: On test.zomato.unique_stg_orders_order_id.e3b841c71a: /* {"app": "dbt", "dbt_version": "1.12.0", "profile_name": "zomato", "target_name": "dev", "node_id": "test.zomato.unique_stg_orders_order_id.e3b841c71a"} */
select
      count(*) as failures,
      count(*) != 0 as should_warn,
      count(*) != 0 as should_error
    from (
      
    
  
    
    

select
    order_id as unique_field,
    count(*) as n_records

from ZOMATO.staging.stg_orders
where order_id is not null
group by order_id
having count(*) > 1



  
  
      
    ) dbt_internal_test
[0m19:55:32.226815 [debug] [Thread-8 (]: Opening a new connection, currently in state closed
[0m19:55:32.228599 [info ] [Thread-1 (]: 14 of 32 PASS not_null_stg_users_user_id ....................................... [[32mPASS[0m in 1.56s]
[0m19:55:32.234594 [debug] [Thread-1 (]: Finished running node test.zomato.not_null_stg_users_user_id.980dfc1b77
[0m19:55:32.245351 [debug] [Thread-1 (]: Began running node test.zomato.unique_stg_order_items_order_item_id.90e333a108
[0m19:55:32.246257 [debug] [Thread-4 (]: Began executing node test.zomato.not_null_stg_order_items_order_item_id.26a7e2bc35
[0m19:55:32.251401 [info ] [Thread-1 (]: 21 of 32 START test unique_stg_order_items_order_item_id ....................... [RUN]
[0m19:55:32.256895 [debug] [Thread-4 (]: Writing runtime sql for node "test.zomato.not_null_stg_order_items_order_item_id.26a7e2bc35"
[0m19:55:32.264018 [debug] [Thread-1 (]: Re-using an available connection from the pool (formerly test.zomato.not_null_stg_users_user_id.980dfc1b77, now test.zomato.unique_stg_order_items_order_item_id.90e333a108)
[0m19:55:32.274436 [debug] [Thread-1 (]: Began compiling node test.zomato.unique_stg_order_items_order_item_id.90e333a108
[0m19:55:32.291632 [debug] [Thread-1 (]: Writing injected SQL for node "test.zomato.unique_stg_order_items_order_item_id.90e333a108"
[0m19:55:32.295434 [debug] [Thread-4 (]: Using snowflake connection "test.zomato.not_null_stg_order_items_order_item_id.26a7e2bc35"
[0m19:55:32.297631 [debug] [Thread-4 (]: On test.zomato.not_null_stg_order_items_order_item_id.26a7e2bc35: /* {"app": "dbt", "dbt_version": "1.12.0", "profile_name": "zomato", "target_name": "dev", "node_id": "test.zomato.not_null_stg_order_items_order_item_id.26a7e2bc35"} */
select
      count(*) as failures,
      count(*) != 0 as should_warn,
      count(*) != 0 as should_error
    from (
      
    
  
    
    



select order_item_id
from ZOMATO.staging.stg_order_items
where order_item_id is null



  
  
      
    ) dbt_internal_test
[0m19:55:32.299246 [debug] [Thread-4 (]: Opening a new connection, currently in state closed
[0m19:55:32.311756 [debug] [Thread-1 (]: Began executing node test.zomato.unique_stg_order_items_order_item_id.90e333a108
[0m19:55:32.322183 [debug] [Thread-1 (]: Writing runtime sql for node "test.zomato.unique_stg_order_items_order_item_id.90e333a108"
[0m19:55:32.354873 [debug] [Thread-1 (]: Using snowflake connection "test.zomato.unique_stg_order_items_order_item_id.90e333a108"
[0m19:55:32.360114 [debug] [Thread-1 (]: On test.zomato.unique_stg_order_items_order_item_id.90e333a108: /* {"app": "dbt", "dbt_version": "1.12.0", "profile_name": "zomato", "target_name": "dev", "node_id": "test.zomato.unique_stg_order_items_order_item_id.90e333a108"} */
select
      count(*) as failures,
      count(*) != 0 as should_warn,
      count(*) != 0 as should_error
    from (
      
    
  
    
    

select
    order_item_id as unique_field,
    count(*) as n_records

from ZOMATO.staging.stg_order_items
where order_item_id is not null
group by order_item_id
having count(*) > 1



  
  
      
    ) dbt_internal_test
[0m19:55:32.352417 [info ] [Thread-5 (]: 15 of 32 PASS unique_stg_users_user_id ......................................... [[32mPASS[0m in 1.68s]
[0m19:55:32.366649 [debug] [Thread-1 (]: Opening a new connection, currently in state closed
[0m19:55:32.358788 [info ] [Thread-3 (]: 13 of 32 PASS unique_stg_restaurants_id ........................................ [[32mPASS[0m in 1.69s]
[0m19:55:32.380099 [debug] [Thread-5 (]: Finished running node test.zomato.unique_stg_users_user_id.c2ff477e6b
[0m19:55:32.401617 [debug] [Thread-3 (]: Finished running node test.zomato.unique_stg_restaurants_id.43c737c387
[0m19:55:32.424452 [debug] [Thread-3 (]: Began running node model.zomato.dim_customer
[0m19:55:32.428369 [info ] [Thread-3 (]: 22 of 32 START sql table model marts.dim_customer .............................. [RUN]
[0m19:55:32.432473 [debug] [Thread-5 (]: Began running node model.zomato.dim_restaurants
[0m19:55:32.433432 [debug] [Thread-3 (]: Re-using an available connection from the pool (formerly test.zomato.unique_stg_restaurants_id.43c737c387, now model.zomato.dim_customer)
[0m19:55:32.435376 [info ] [Thread-5 (]: 23 of 32 START sql table model marts.dim_restaurants ........................... [RUN]
[0m19:55:32.439955 [debug] [Thread-3 (]: Began compiling node model.zomato.dim_customer
[0m19:55:32.441561 [debug] [Thread-5 (]: Re-using an available connection from the pool (formerly test.zomato.unique_stg_users_user_id.c2ff477e6b, now model.zomato.dim_restaurants)
[0m19:55:32.445575 [debug] [Thread-3 (]: Writing injected SQL for node "model.zomato.dim_customer"
[0m19:55:32.447442 [debug] [Thread-5 (]: Began compiling node model.zomato.dim_restaurants
[0m19:55:32.450765 [debug] [Thread-5 (]: Writing injected SQL for node "model.zomato.dim_restaurants"
[0m19:55:32.452470 [debug] [Thread-3 (]: Began executing node model.zomato.dim_customer
[0m19:55:32.455576 [debug] [Thread-3 (]: Writing runtime sql for node "model.zomato.dim_customer"
[0m19:55:32.456619 [debug] [Thread-5 (]: Began executing node model.zomato.dim_restaurants
[0m19:55:32.460484 [debug] [Thread-5 (]: Writing runtime sql for node "model.zomato.dim_restaurants"
[0m19:55:32.463590 [debug] [Thread-3 (]: Using snowflake connection "model.zomato.dim_customer"
[0m19:55:32.464794 [debug] [Thread-3 (]: On model.zomato.dim_customer: /* {"app": "dbt", "dbt_version": "1.12.0", "profile_name": "zomato", "target_name": "dev", "node_id": "model.zomato.dim_customer"} */
create or replace transient table ZOMATO.marts.dim_customer
         as
        (select
    user_id as customer_id,
    name as customer_name,
    email,
    age,
    CASE WHEN age < 25 then 'Gen Z'
         WHEN age < 40 then 'Millennial'
         WHEN age < 55 then 'Gen X'
         WHEN age is null then 'Unknown'
         ELSE 'Boomer' END as age_segment,
    gender,
    marital_status,
    occupation,
    monthly_income,
    education,
    family_size
from ZOMATO.staging.stg_users
        );
[0m19:55:32.465834 [debug] [Thread-3 (]: Opening a new connection, currently in state closed
[0m19:55:32.467181 [debug] [Thread-5 (]: Using snowflake connection "model.zomato.dim_restaurants"
[0m19:55:32.485932 [debug] [Thread-5 (]: On model.zomato.dim_restaurants: /* {"app": "dbt", "dbt_version": "1.12.0", "profile_name": "zomato", "target_name": "dev", "node_id": "model.zomato.dim_restaurants"} */
create or replace transient table ZOMATO.marts.dim_restaurants
         as
        (select
    id as restaurant_id,
    name as restaurant_name,
    city,
    cuisine,
    rating,
    rating_count,
    cost as cost_for_two
from ZOMATO.staging.stg_restaurants
        );
[0m19:55:32.495185 [debug] [Thread-5 (]: Opening a new connection, currently in state closed
[0m19:55:32.784668 [debug] [Thread-7 (]: SQL status: SUCCESS 1 in 0.802 seconds
[0m19:55:32.787860 [debug] [Thread-7 (]: On test.zomato.not_null_stg_orders_r_id.902d9e6a31: Close
[0m19:55:32.842679 [debug] [Thread-6 (]: SQL status: SUCCESS 1 in 1.933 seconds
[0m19:55:32.849231 [debug] [Thread-6 (]: On model.zomato.dim_food: Close
[0m19:55:32.970528 [debug] [Thread-2 (]: SQL status: SUCCESS 1 in 0.870 seconds
[0m19:55:32.974071 [debug] [Thread-2 (]: On test.zomato.not_null_stg_orders_user_id.7d129d0209: Close
[0m19:55:33.093524 [debug] [Thread-6 (]: Sending event: {'category': 'dbt', 'action': 'run_model', 'label': '6e80b3e2-6812-43f9-bdc8-849fb8accb9f', 'context': [<snowplow_tracker.self_describing_json.SelfDescribingJson object at 0x7fe571f7bcb0>]}
[0m19:55:33.095135 [info ] [Thread-6 (]: 11 of 32 OK created sql table model marts.dim_food ............................. [[32mSUCCESS 1[0m in 2.43s]
[0m19:55:33.096531 [debug] [Thread-6 (]: Finished running node model.zomato.dim_food
[0m19:55:33.111501 [info ] [Thread-7 (]: 17 of 32 PASS not_null_stg_orders_r_id ......................................... [[32mPASS[0m in 1.15s]
[0m19:55:33.112874 [debug] [Thread-7 (]: Finished running node test.zomato.not_null_stg_orders_r_id.902d9e6a31
[0m19:55:33.178013 [info ] [Thread-2 (]: 18 of 32 PASS not_null_stg_orders_user_id ...................................... [[32mPASS[0m in 1.13s]
[0m19:55:33.179593 [debug] [Thread-2 (]: Finished running node test.zomato.not_null_stg_orders_user_id.7d129d0209
[0m19:55:33.235949 [debug] [Thread-8 (]: SQL status: SUCCESS 1 in 1.009 seconds
[0m19:55:33.239283 [debug] [Thread-8 (]: On test.zomato.unique_stg_orders_order_id.e3b841c71a: Close
[0m19:55:33.508574 [info ] [Thread-8 (]: 19 of 32 PASS unique_stg_orders_order_id ....................................... [[32mPASS[0m in 1.35s]
[0m19:55:33.510282 [debug] [Thread-8 (]: Finished running node test.zomato.unique_stg_orders_order_id.e3b841c71a
[0m19:55:33.511693 [debug] [Thread-6 (]: Began running node model.zomato.fct_orders
[0m19:55:33.512834 [info ] [Thread-6 (]: 24 of 32 START sql incremental model marts.fct_orders .......................... [RUN]
[0m19:55:33.514234 [debug] [Thread-6 (]: Re-using an available connection from the pool (formerly model.zomato.dim_food, now model.zomato.fct_orders)
[0m19:55:33.515224 [debug] [Thread-6 (]: Began compiling node model.zomato.fct_orders
[0m19:55:33.528561 [debug] [Thread-6 (]: Writing injected SQL for node "model.zomato.fct_orders"
[0m19:55:33.532185 [debug] [Thread-6 (]: Began executing node model.zomato.fct_orders
[0m19:55:33.591627 [debug] [Thread-6 (]: Using snowflake connection "model.zomato.fct_orders"
[0m19:55:33.592825 [debug] [Thread-6 (]: On model.zomato.fct_orders: /* {"app": "dbt", "dbt_version": "1.12.0", "profile_name": "zomato", "target_name": "dev", "node_id": "model.zomato.fct_orders"} */
create or replace  temporary view ZOMATO.marts.fct_orders__dbt_tmp
  
   as (
    
select
    order_id,
    order_timestamp,
    order_date,
    user_id as customer_id,
    r_id as restaurant_id,
    restaurant_city as city,
    cuisine,
    payment_method,
    order_status,
    case when order_status = 'Delivered' then true else false end as is_delivered,
    items_count,
    sales_qty,
    subtotal,
    discount,
    delivery_fee,
    gst,
    sales_amount,
    customer_rating,
    delivery_time_min
from ZOMATO.staging.stg_orders

  where order_timestamp > (select coalesce(max(order_timestamp),'1900-01-01'::timestamp) from ZOMATO.marts.fct_orders)

  );
[0m19:55:33.593942 [debug] [Thread-6 (]: Opening a new connection, currently in state closed
[0m19:55:35.097521 [debug] [Thread-4 (]: SQL status: SUCCESS 1 in 2.798 seconds
[0m19:55:35.101446 [debug] [Thread-4 (]: On test.zomato.not_null_stg_order_items_order_item_id.26a7e2bc35: Close
[0m19:55:35.351232 [info ] [Thread-4 (]: 20 of 32 PASS not_null_stg_order_items_order_item_id ........................... [[32mPASS[0m in 3.14s]
[0m19:55:35.352874 [debug] [Thread-4 (]: Finished running node test.zomato.not_null_stg_order_items_order_item_id.26a7e2bc35
[0m19:55:35.750281 [debug] [Thread-1 (]: SQL status: SUCCESS 1 in 3.384 seconds
[0m19:55:35.754182 [debug] [Thread-1 (]: On test.zomato.unique_stg_order_items_order_item_id.90e333a108: Close
[0m19:55:35.911521 [debug] [Thread-3 (]: SQL status: SUCCESS 1 in 3.446 seconds
[0m19:55:35.916612 [debug] [Thread-3 (]: On model.zomato.dim_customer: Close
[0m19:55:35.950665 [debug] [Thread-5 (]: SQL status: SUCCESS 1 in 3.456 seconds
[0m19:55:35.954417 [debug] [Thread-5 (]: On model.zomato.dim_restaurants: Close
[0m19:55:36.018116 [info ] [Thread-1 (]: 21 of 32 PASS unique_stg_order_items_order_item_id ............................. [[32mPASS[0m in 3.75s]
[0m19:55:36.019782 [debug] [Thread-1 (]: Finished running node test.zomato.unique_stg_order_items_order_item_id.90e333a108
[0m19:55:36.021656 [debug] [Thread-2 (]: Began running node model.zomato.fact_order_items
[0m19:55:36.022921 [info ] [Thread-2 (]: 25 of 32 START sql incremental model marts.fact_order_items .................... [RUN]
[0m19:55:36.024182 [debug] [Thread-2 (]: Re-using an available connection from the pool (formerly test.zomato.not_null_stg_orders_user_id.7d129d0209, now model.zomato.fact_order_items)
[0m19:55:36.025209 [debug] [Thread-2 (]: Began compiling node model.zomato.fact_order_items
[0m19:55:36.030563 [debug] [Thread-2 (]: Writing injected SQL for node "model.zomato.fact_order_items"
[0m19:55:36.033254 [debug] [Thread-2 (]: Began executing node model.zomato.fact_order_items
[0m19:55:36.038829 [debug] [Thread-2 (]: Using snowflake connection "model.zomato.fact_order_items"
[0m19:55:36.039903 [debug] [Thread-2 (]: On model.zomato.fact_order_items: /* {"app": "dbt", "dbt_version": "1.12.0", "profile_name": "zomato", "target_name": "dev", "node_id": "model.zomato.fact_order_items"} */
create or replace  temporary view ZOMATO.marts.fact_order_items__dbt_tmp
  
   as (
    
select
    oi.order_item_id,
    oi.order_id,
    oi.r_id as restaurant_id,
    oi.f_id,
    o.order_timestamp as order_ts,
    o.order_date,
    o.restaurant_city as city,
    oi.price,
    oi.quantity,
    oi.line_amount
from ZOMATO.staging.stg_order_items oi
inner join ZOMATO.staging.stg_orders o using (order_id)

  where o.order_timestamp > (select coalesce(max(order_ts),'1900-01-01'::timestamp) from ZOMATO.marts.fact_order_items)

  );
[0m19:55:36.040968 [debug] [Thread-2 (]: Opening a new connection, currently in state closed
[0m19:55:36.243770 [debug] [Thread-5 (]: Sending event: {'category': 'dbt', 'action': 'run_model', 'label': '6e80b3e2-6812-43f9-bdc8-849fb8accb9f', 'context': [<snowplow_tracker.self_describing_json.SelfDescribingJson object at 0x7fe51233dd60>]}
[0m19:55:36.245315 [info ] [Thread-5 (]: 23 of 32 OK created sql table model marts.dim_restaurants ...................... [[32mSUCCESS 1[0m in 3.80s]
[0m19:55:36.246598 [debug] [Thread-5 (]: Finished running node model.zomato.dim_restaurants
[0m19:55:36.261400 [debug] [Thread-3 (]: Sending event: {'category': 'dbt', 'action': 'run_model', 'label': '6e80b3e2-6812-43f9-bdc8-849fb8accb9f', 'context': [<snowplow_tracker.self_describing_json.SelfDescribingJson object at 0x7fe573fcce30>]}
[0m19:55:36.263138 [info ] [Thread-3 (]: 22 of 32 OK created sql table model marts.dim_customer ......................... [[32mSUCCESS 1[0m in 3.83s]
[0m19:55:36.264729 [debug] [Thread-3 (]: Finished running node model.zomato.dim_customer
[0m19:55:36.518051 [debug] [Thread-6 (]: SQL status: SUCCESS 1 in 2.924 seconds
[0m19:55:36.530897 [debug] [Thread-6 (]: Using snowflake connection "model.zomato.fct_orders"
[0m19:55:36.532061 [debug] [Thread-6 (]: On model.zomato.fct_orders: /* {"app": "dbt", "dbt_version": "1.12.0", "profile_name": "zomato", "target_name": "dev", "node_id": "model.zomato.fct_orders"} */
describe table ZOMATO.marts.fct_orders__dbt_tmp
[0m19:55:36.688960 [debug] [Thread-6 (]: SQL status: SUCCESS 19 in 0.156 seconds
[0m19:55:36.696314 [debug] [Thread-6 (]: Using snowflake connection "model.zomato.fct_orders"
[0m19:55:36.697388 [debug] [Thread-6 (]: On model.zomato.fct_orders: /* {"app": "dbt", "dbt_version": "1.12.0", "profile_name": "zomato", "target_name": "dev", "node_id": "model.zomato.fct_orders"} */
describe table ZOMATO.marts.fct_orders
[0m19:55:36.874769 [debug] [Thread-6 (]: SQL status: SUCCESS 19 in 0.176 seconds
[0m19:55:36.906008 [debug] [Thread-6 (]: Using snowflake connection "model.zomato.fct_orders"
[0m19:55:36.907283 [debug] [Thread-6 (]: On model.zomato.fct_orders: /* {"app": "dbt", "dbt_version": "1.12.0", "profile_name": "zomato", "target_name": "dev", "node_id": "model.zomato.fct_orders"} */
describe table ZOMATO.marts.fct_orders__dbt_tmp
[0m19:55:37.168294 [debug] [Thread-6 (]: SQL status: SUCCESS 19 in 0.260 seconds
[0m19:55:37.190676 [debug] [Thread-6 (]: Using snowflake connection "model.zomato.fct_orders"
[0m19:55:37.192072 [debug] [Thread-6 (]: On model.zomato.fct_orders: /* {"app": "dbt", "dbt_version": "1.12.0", "profile_name": "zomato", "target_name": "dev", "node_id": "model.zomato.fct_orders"} */
describe table "ZOMATO"."MARTS"."FCT_ORDERS"
[0m19:55:37.333569 [debug] [Thread-6 (]: SQL status: SUCCESS 19 in 0.140 seconds
[0m19:55:37.374456 [debug] [Thread-6 (]: 
    In "ZOMATO"."MARTS"."FCT_ORDERS":
        Schema changed: False
        Source columns not in target: []
        Target columns not in source: []
        New column types: []
  
[0m19:55:37.446500 [debug] [Thread-6 (]: Writing runtime sql for node "model.zomato.fct_orders"
[0m19:55:37.452309 [debug] [Thread-6 (]: Using snowflake connection "model.zomato.fct_orders"
[0m19:55:37.453295 [debug] [Thread-6 (]: On model.zomato.fct_orders: /* {"app": "dbt", "dbt_version": "1.12.0", "profile_name": "zomato", "target_name": "dev", "node_id": "model.zomato.fct_orders"} */
-- back compat for old kwarg name
  
  begin;
[0m19:55:37.705802 [debug] [Thread-6 (]: SQL status: SUCCESS 1 in 0.251 seconds
[0m19:55:37.707580 [debug] [Thread-6 (]: Using snowflake connection "model.zomato.fct_orders"
[0m19:55:37.709283 [debug] [Thread-6 (]: On model.zomato.fct_orders: /* {"app": "dbt", "dbt_version": "1.12.0", "profile_name": "zomato", "target_name": "dev", "node_id": "model.zomato.fct_orders"} */
merge into ZOMATO.marts.fct_orders as DBT_INTERNAL_DEST
        using ZOMATO.marts.fct_orders__dbt_tmp as DBT_INTERNAL_SOURCE
        on ((DBT_INTERNAL_SOURCE.order_id = DBT_INTERNAL_DEST.order_id))

    
    when matched then update set
        "ORDER_ID" = DBT_INTERNAL_SOURCE."ORDER_ID","ORDER_TIMESTAMP" = DBT_INTERNAL_SOURCE."ORDER_TIMESTAMP","ORDER_DATE" = DBT_INTERNAL_SOURCE."ORDER_DATE","CUSTOMER_ID" = DBT_INTERNAL_SOURCE."CUSTOMER_ID","RESTAURANT_ID" = DBT_INTERNAL_SOURCE."RESTAURANT_ID","CITY" = DBT_INTERNAL_SOURCE."CITY","CUISINE" = DBT_INTERNAL_SOURCE."CUISINE","PAYMENT_METHOD" = DBT_INTERNAL_SOURCE."PAYMENT_METHOD","ORDER_STATUS" = DBT_INTERNAL_SOURCE."ORDER_STATUS","IS_DELIVERED" = DBT_INTERNAL_SOURCE."IS_DELIVERED","ITEMS_COUNT" = DBT_INTERNAL_SOURCE."ITEMS_COUNT","SALES_QTY" = DBT_INTERNAL_SOURCE."SALES_QTY","SUBTOTAL" = DBT_INTERNAL_SOURCE."SUBTOTAL","DISCOUNT" = DBT_INTERNAL_SOURCE."DISCOUNT","DELIVERY_FEE" = DBT_INTERNAL_SOURCE."DELIVERY_FEE","GST" = DBT_INTERNAL_SOURCE."GST","SALES_AMOUNT" = DBT_INTERNAL_SOURCE."SALES_AMOUNT","CUSTOMER_RATING" = DBT_INTERNAL_SOURCE."CUSTOMER_RATING","DELIVERY_TIME_MIN" = DBT_INTERNAL_SOURCE."DELIVERY_TIME_MIN"
    

    when not matched then insert
        ("ORDER_ID", "ORDER_TIMESTAMP", "ORDER_DATE", "CUSTOMER_ID", "RESTAURANT_ID", "CITY", "CUISINE", "PAYMENT_METHOD", "ORDER_STATUS", "IS_DELIVERED", "ITEMS_COUNT", "SALES_QTY", "SUBTOTAL", "DISCOUNT", "DELIVERY_FEE", "GST", "SALES_AMOUNT", "CUSTOMER_RATING", "DELIVERY_TIME_MIN")
    values
        ("ORDER_ID", "ORDER_TIMESTAMP", "ORDER_DATE", "CUSTOMER_ID", "RESTAURANT_ID", "CITY", "CUISINE", "PAYMENT_METHOD", "ORDER_STATUS", "IS_DELIVERED", "ITEMS_COUNT", "SALES_QTY", "SUBTOTAL", "DISCOUNT", "DELIVERY_FEE", "GST", "SALES_AMOUNT", "CUSTOMER_RATING", "DELIVERY_TIME_MIN")

;
[0m19:55:38.001436 [debug] [Thread-6 (]: SQL status: SUCCESS 0 in 0.291 seconds
[0m19:55:38.002622 [debug] [Thread-6 (]: Using snowflake connection "model.zomato.fct_orders"
[0m19:55:38.005163 [debug] [Thread-6 (]: On model.zomato.fct_orders: /* {"app": "dbt", "dbt_version": "1.12.0", "profile_name": "zomato", "target_name": "dev", "node_id": "model.zomato.fct_orders"} */
COMMIT
[0m19:55:38.232460 [debug] [Thread-6 (]: SQL status: SUCCESS 1 in 0.226 seconds
[0m19:55:38.252982 [debug] [Thread-6 (]: Applying DROP to: ZOMATO.marts.fct_orders__dbt_tmp
[0m19:55:38.277017 [debug] [Thread-6 (]: Using snowflake connection "model.zomato.fct_orders"
[0m19:55:38.278249 [debug] [Thread-6 (]: On model.zomato.fct_orders: /* {"app": "dbt", "dbt_version": "1.12.0", "profile_name": "zomato", "target_name": "dev", "node_id": "model.zomato.fct_orders"} */
drop view if exists ZOMATO.marts.fct_orders__dbt_tmp cascade
[0m19:55:38.449315 [debug] [Thread-6 (]: SQL status: SUCCESS 1 in 0.170 seconds
[0m19:55:38.453009 [debug] [Thread-6 (]: On model.zomato.fct_orders: Close
[0m19:55:38.751515 [debug] [Thread-6 (]: Sending event: {'category': 'dbt', 'action': 'run_model', 'label': '6e80b3e2-6812-43f9-bdc8-849fb8accb9f', 'context': [<snowplow_tracker.self_describing_json.SelfDescribingJson object at 0x7fe573ebda60>]}
[0m19:55:38.752902 [info ] [Thread-6 (]: 24 of 32 OK created sql incremental model marts.fct_orders ..................... [[32mSUCCESS 0[0m in 5.24s]
[0m19:55:38.754575 [debug] [Thread-6 (]: Finished running node model.zomato.fct_orders
[0m19:55:38.756580 [debug] [Thread-7 (]: Began running node test.zomato.accepted_values_fct_orders_order_status__Delivered__Cancelled__Refunded.165fe30b61
[0m19:55:38.757562 [debug] [Thread-4 (]: Began running node test.zomato.not_null_fct_orders_order_id.4e687af8d0
[0m19:55:38.758380 [debug] [Thread-1 (]: Began running node test.zomato.relationships_fct_orders_customer_id__customer_id__ref_dim_customer_.d39c4721da
[0m19:55:38.760216 [debug] [Thread-8 (]: Began running node test.zomato.unique_fct_orders_order_id.523ddb6ce5
[0m19:55:38.759277 [info ] [Thread-7 (]: 26 of 32 START test accepted_values_fct_orders_order_status__Delivered__Cancelled__Refunded  [RUN]
[0m19:55:38.761503 [info ] [Thread-4 (]: 27 of 32 START test not_null_fct_orders_order_id ............................... [RUN]
[0m19:55:38.763074 [info ] [Thread-1 (]: 28 of 32 START test relationships_fct_orders_customer_id__customer_id__ref_dim_customer_  [RUN]
[0m19:55:38.765171 [info ] [Thread-8 (]: 29 of 32 START test unique_fct_orders_order_id ................................. [RUN]
[0m19:55:38.766516 [debug] [Thread-7 (]: Re-using an available connection from the pool (formerly test.zomato.not_null_stg_orders_r_id.902d9e6a31, now test.zomato.accepted_values_fct_orders_order_status__Delivered__Cancelled__Refunded.165fe30b61)
[0m19:55:38.767542 [debug] [Thread-4 (]: Re-using an available connection from the pool (formerly test.zomato.not_null_stg_order_items_order_item_id.26a7e2bc35, now test.zomato.not_null_fct_orders_order_id.4e687af8d0)
[0m19:55:38.768613 [debug] [Thread-1 (]: Re-using an available connection from the pool (formerly test.zomato.unique_stg_order_items_order_item_id.90e333a108, now test.zomato.relationships_fct_orders_customer_id__customer_id__ref_dim_customer_.d39c4721da)
[0m19:55:38.769805 [debug] [Thread-8 (]: Re-using an available connection from the pool (formerly test.zomato.unique_stg_orders_order_id.e3b841c71a, now test.zomato.unique_fct_orders_order_id.523ddb6ce5)
[0m19:55:38.771177 [debug] [Thread-7 (]: Began compiling node test.zomato.accepted_values_fct_orders_order_status__Delivered__Cancelled__Refunded.165fe30b61
[0m19:55:38.772246 [debug] [Thread-4 (]: Began compiling node test.zomato.not_null_fct_orders_order_id.4e687af8d0
[0m19:55:38.773354 [debug] [Thread-1 (]: Began compiling node test.zomato.relationships_fct_orders_customer_id__customer_id__ref_dim_customer_.d39c4721da
[0m19:55:38.774538 [debug] [Thread-8 (]: Began compiling node test.zomato.unique_fct_orders_order_id.523ddb6ce5
[0m19:55:38.829476 [debug] [Thread-4 (]: Writing injected SQL for node "test.zomato.not_null_fct_orders_order_id.4e687af8d0"
[0m19:55:38.867130 [debug] [Thread-7 (]: Writing injected SQL for node "test.zomato.accepted_values_fct_orders_order_status__Delivered__Cancelled__Refunded.165fe30b61"
[0m19:55:38.875334 [debug] [Thread-2 (]: SQL status: SUCCESS 1 in 2.834 seconds
[0m19:55:38.884466 [debug] [Thread-8 (]: Writing injected SQL for node "test.zomato.unique_fct_orders_order_id.523ddb6ce5"
[0m19:55:38.894203 [debug] [Thread-2 (]: Using snowflake connection "model.zomato.fact_order_items"
[0m19:55:38.890485 [debug] [Thread-1 (]: Writing injected SQL for node "test.zomato.relationships_fct_orders_customer_id__customer_id__ref_dim_customer_.d39c4721da"
[0m19:55:38.896576 [debug] [Thread-4 (]: Began executing node test.zomato.not_null_fct_orders_order_id.4e687af8d0
[0m19:55:38.897744 [debug] [Thread-2 (]: On model.zomato.fact_order_items: /* {"app": "dbt", "dbt_version": "1.12.0", "profile_name": "zomato", "target_name": "dev", "node_id": "model.zomato.fact_order_items"} */
describe table ZOMATO.marts.fact_order_items__dbt_tmp
[0m19:55:38.899205 [debug] [Thread-7 (]: Began executing node test.zomato.accepted_values_fct_orders_order_status__Delivered__Cancelled__Refunded.165fe30b61
[0m19:55:38.903234 [debug] [Thread-4 (]: Writing runtime sql for node "test.zomato.not_null_fct_orders_order_id.4e687af8d0"
[0m19:55:38.904461 [debug] [Thread-8 (]: Began executing node test.zomato.unique_fct_orders_order_id.523ddb6ce5
[0m19:55:38.910298 [debug] [Thread-7 (]: Writing runtime sql for node "test.zomato.accepted_values_fct_orders_order_status__Delivered__Cancelled__Refunded.165fe30b61"
[0m19:55:38.912882 [debug] [Thread-1 (]: Began executing node test.zomato.relationships_fct_orders_customer_id__customer_id__ref_dim_customer_.d39c4721da
[0m19:55:38.917425 [debug] [Thread-8 (]: Writing runtime sql for node "test.zomato.unique_fct_orders_order_id.523ddb6ce5"
[0m19:55:38.921898 [debug] [Thread-1 (]: Writing runtime sql for node "test.zomato.relationships_fct_orders_customer_id__customer_id__ref_dim_customer_.d39c4721da"
[0m19:55:38.925172 [debug] [Thread-4 (]: Using snowflake connection "test.zomato.not_null_fct_orders_order_id.4e687af8d0"
[0m19:55:38.926496 [debug] [Thread-4 (]: On test.zomato.not_null_fct_orders_order_id.4e687af8d0: /* {"app": "dbt", "dbt_version": "1.12.0", "profile_name": "zomato", "target_name": "dev", "node_id": "test.zomato.not_null_fct_orders_order_id.4e687af8d0"} */
select
      count(*) as failures,
      count(*) != 0 as should_warn,
      count(*) != 0 as should_error
    from (
      
    
  
    
    



select order_id
from ZOMATO.marts.fct_orders
where order_id is null



  
  
      
    ) dbt_internal_test
[0m19:55:38.928371 [debug] [Thread-7 (]: Using snowflake connection "test.zomato.accepted_values_fct_orders_order_status__Delivered__Cancelled__Refunded.165fe30b61"
[0m19:55:38.929409 [debug] [Thread-4 (]: Opening a new connection, currently in state closed
[0m19:55:38.931119 [debug] [Thread-7 (]: On test.zomato.accepted_values_fct_orders_order_status__Delivered__Cancelled__Refunded.165fe30b61: /* {"app": "dbt", "dbt_version": "1.12.0", "profile_name": "zomato", "target_name": "dev", "node_id": "test.zomato.accepted_values_fct_orders_order_status__Delivered__Cancelled__Refunded.165fe30b61"} */
select
      count(*) as failures,
      count(*) != 0 as should_warn,
      count(*) != 0 as should_error
    from (
      
    
  
    
    

with all_values as (

    select
        order_status as value_field,
        count(*) as n_records

    from ZOMATO.marts.fct_orders
    group by order_status

)

select *
from all_values
where value_field not in (
    'Delivered','Cancelled','Refunded'
)



  
  
      
    ) dbt_internal_test
[0m19:55:38.933285 [debug] [Thread-8 (]: Using snowflake connection "test.zomato.unique_fct_orders_order_id.523ddb6ce5"
[0m19:55:38.935640 [debug] [Thread-1 (]: Using snowflake connection "test.zomato.relationships_fct_orders_customer_id__customer_id__ref_dim_customer_.d39c4721da"
[0m19:55:38.956405 [debug] [Thread-7 (]: Opening a new connection, currently in state closed
[0m19:55:38.965725 [debug] [Thread-8 (]: On test.zomato.unique_fct_orders_order_id.523ddb6ce5: /* {"app": "dbt", "dbt_version": "1.12.0", "profile_name": "zomato", "target_name": "dev", "node_id": "test.zomato.unique_fct_orders_order_id.523ddb6ce5"} */
select
      count(*) as failures,
      count(*) != 0 as should_warn,
      count(*) != 0 as should_error
    from (
      
    
  
    
    

select
    order_id as unique_field,
    count(*) as n_records

from ZOMATO.marts.fct_orders
where order_id is not null
group by order_id
having count(*) > 1



  
  
      
    ) dbt_internal_test
[0m19:55:38.968804 [debug] [Thread-1 (]: On test.zomato.relationships_fct_orders_customer_id__customer_id__ref_dim_customer_.d39c4721da: /* {"app": "dbt", "dbt_version": "1.12.0", "profile_name": "zomato", "target_name": "dev", "node_id": "test.zomato.relationships_fct_orders_customer_id__customer_id__ref_dim_customer_.d39c4721da"} */
select
      count(*) as failures,
      count(*) != 0 as should_warn,
      count(*) != 0 as should_error
    from (
      
    
  
    
    

with child as (
    select customer_id as from_field
    from ZOMATO.marts.fct_orders
    where customer_id is not null
),

parent as (
    select customer_id as to_field
    from ZOMATO.marts.dim_customer
)

select
    from_field

from child
left join parent
    on child.from_field = parent.to_field

where parent.to_field is null



  
  
      
    ) dbt_internal_test
[0m19:55:38.979465 [debug] [Thread-8 (]: Opening a new connection, currently in state closed
[0m19:55:39.008380 [debug] [Thread-1 (]: Opening a new connection, currently in state closed
[0m19:55:39.179087 [debug] [Thread-2 (]: SQL status: SUCCESS 10 in 0.273 seconds
[0m19:55:39.187660 [debug] [Thread-2 (]: Using snowflake connection "model.zomato.fact_order_items"
[0m19:55:39.193306 [debug] [Thread-2 (]: On model.zomato.fact_order_items: /* {"app": "dbt", "dbt_version": "1.12.0", "profile_name": "zomato", "target_name": "dev", "node_id": "model.zomato.fact_order_items"} */
describe table ZOMATO.marts.fact_order_items
[0m19:55:39.372651 [debug] [Thread-2 (]: SQL status: SUCCESS 10 in 0.177 seconds
[0m19:55:39.381017 [debug] [Thread-2 (]: Using snowflake connection "model.zomato.fact_order_items"
[0m19:55:39.382764 [debug] [Thread-2 (]: On model.zomato.fact_order_items: /* {"app": "dbt", "dbt_version": "1.12.0", "profile_name": "zomato", "target_name": "dev", "node_id": "model.zomato.fact_order_items"} */
describe table ZOMATO.marts.fact_order_items__dbt_tmp
[0m19:55:39.517445 [debug] [Thread-2 (]: SQL status: SUCCESS 10 in 0.133 seconds
[0m19:55:39.531949 [debug] [Thread-2 (]: Using snowflake connection "model.zomato.fact_order_items"
[0m19:55:39.533249 [debug] [Thread-2 (]: On model.zomato.fact_order_items: /* {"app": "dbt", "dbt_version": "1.12.0", "profile_name": "zomato", "target_name": "dev", "node_id": "model.zomato.fact_order_items"} */
describe table "ZOMATO"."MARTS"."FACT_ORDER_ITEMS"
[0m19:55:39.663755 [debug] [Thread-2 (]: SQL status: SUCCESS 10 in 0.129 seconds
[0m19:55:39.676568 [debug] [Thread-2 (]: 
    In "ZOMATO"."MARTS"."FACT_ORDER_ITEMS":
        Schema changed: False
        Source columns not in target: []
        Target columns not in source: []
        New column types: []
  
[0m19:55:39.685326 [debug] [Thread-2 (]: Writing runtime sql for node "model.zomato.fact_order_items"
[0m19:55:39.689452 [debug] [Thread-2 (]: Using snowflake connection "model.zomato.fact_order_items"
[0m19:55:39.690412 [debug] [Thread-2 (]: On model.zomato.fact_order_items: /* {"app": "dbt", "dbt_version": "1.12.0", "profile_name": "zomato", "target_name": "dev", "node_id": "model.zomato.fact_order_items"} */
-- back compat for old kwarg name
  
  begin;
[0m19:55:39.799846 [debug] [Thread-4 (]: SQL status: SUCCESS 1 in 0.870 seconds
[0m19:55:39.805655 [debug] [Thread-4 (]: On test.zomato.not_null_fct_orders_order_id.4e687af8d0: Close
[0m19:55:39.810642 [debug] [Thread-7 (]: SQL status: SUCCESS 1 in 0.854 seconds
[0m19:55:39.815162 [debug] [Thread-7 (]: On test.zomato.accepted_values_fct_orders_order_status__Delivered__Cancelled__Refunded.165fe30b61: Close
[0m19:55:39.827768 [debug] [Thread-2 (]: SQL status: SUCCESS 1 in 0.136 seconds
[0m19:55:39.828847 [debug] [Thread-2 (]: Using snowflake connection "model.zomato.fact_order_items"
[0m19:55:39.830200 [debug] [Thread-2 (]: On model.zomato.fact_order_items: /* {"app": "dbt", "dbt_version": "1.12.0", "profile_name": "zomato", "target_name": "dev", "node_id": "model.zomato.fact_order_items"} */
merge into ZOMATO.marts.fact_order_items as DBT_INTERNAL_DEST
        using ZOMATO.marts.fact_order_items__dbt_tmp as DBT_INTERNAL_SOURCE
        on ((DBT_INTERNAL_SOURCE.order_item_id = DBT_INTERNAL_DEST.order_item_id))

    
    when matched then update set
        "ORDER_ITEM_ID" = DBT_INTERNAL_SOURCE."ORDER_ITEM_ID","ORDER_ID" = DBT_INTERNAL_SOURCE."ORDER_ID","RESTAURANT_ID" = DBT_INTERNAL_SOURCE."RESTAURANT_ID","F_ID" = DBT_INTERNAL_SOURCE."F_ID","ORDER_TS" = DBT_INTERNAL_SOURCE."ORDER_TS","ORDER_DATE" = DBT_INTERNAL_SOURCE."ORDER_DATE","CITY" = DBT_INTERNAL_SOURCE."CITY","PRICE" = DBT_INTERNAL_SOURCE."PRICE","QUANTITY" = DBT_INTERNAL_SOURCE."QUANTITY","LINE_AMOUNT" = DBT_INTERNAL_SOURCE."LINE_AMOUNT"
    

    when not matched then insert
        ("ORDER_ITEM_ID", "ORDER_ID", "RESTAURANT_ID", "F_ID", "ORDER_TS", "ORDER_DATE", "CITY", "PRICE", "QUANTITY", "LINE_AMOUNT")
    values
        ("ORDER_ITEM_ID", "ORDER_ID", "RESTAURANT_ID", "F_ID", "ORDER_TS", "ORDER_DATE", "CITY", "PRICE", "QUANTITY", "LINE_AMOUNT")

;
[0m19:55:39.952081 [debug] [Thread-8 (]: SQL status: SUCCESS 1 in 0.973 seconds
[0m19:55:39.955290 [debug] [Thread-8 (]: On test.zomato.unique_fct_orders_order_id.523ddb6ce5: Close
[0m19:55:40.028499 [info ] [Thread-7 (]: 26 of 32 PASS accepted_values_fct_orders_order_status__Delivered__Cancelled__Refunded  [[32mPASS[0m in 1.26s]
[0m19:55:40.030132 [info ] [Thread-4 (]: 27 of 32 PASS not_null_fct_orders_order_id ..................................... [[32mPASS[0m in 1.26s]
[0m19:55:40.031896 [debug] [Thread-7 (]: Finished running node test.zomato.accepted_values_fct_orders_order_status__Delivered__Cancelled__Refunded.165fe30b61
[0m19:55:40.033355 [debug] [Thread-4 (]: Finished running node test.zomato.not_null_fct_orders_order_id.4e687af8d0
[0m19:55:40.063507 [debug] [Thread-2 (]: SQL status: SUCCESS 0 in 0.232 seconds
[0m19:55:40.064835 [debug] [Thread-2 (]: Using snowflake connection "model.zomato.fact_order_items"
[0m19:55:40.065847 [debug] [Thread-2 (]: On model.zomato.fact_order_items: /* {"app": "dbt", "dbt_version": "1.12.0", "profile_name": "zomato", "target_name": "dev", "node_id": "model.zomato.fact_order_items"} */
COMMIT
[0m19:55:40.148001 [debug] [Thread-1 (]: SQL status: SUCCESS 1 in 1.140 seconds
[0m19:55:40.151389 [debug] [Thread-1 (]: On test.zomato.relationships_fct_orders_customer_id__customer_id__ref_dim_customer_.d39c4721da: Close
[0m19:55:40.208746 [debug] [Thread-2 (]: SQL status: SUCCESS 1 in 0.142 seconds
[0m19:55:40.213165 [debug] [Thread-2 (]: Applying DROP to: ZOMATO.marts.fact_order_items__dbt_tmp
[0m19:55:40.215021 [debug] [Thread-2 (]: Using snowflake connection "model.zomato.fact_order_items"
[0m19:55:40.216183 [debug] [Thread-2 (]: On model.zomato.fact_order_items: /* {"app": "dbt", "dbt_version": "1.12.0", "profile_name": "zomato", "target_name": "dev", "node_id": "model.zomato.fact_order_items"} */
drop view if exists ZOMATO.marts.fact_order_items__dbt_tmp cascade
[0m19:55:40.221684 [info ] [Thread-8 (]: 29 of 32 PASS unique_fct_orders_order_id ....................................... [[32mPASS[0m in 1.45s]
[0m19:55:40.223164 [debug] [Thread-8 (]: Finished running node test.zomato.unique_fct_orders_order_id.523ddb6ce5
[0m19:55:40.224638 [debug] [Thread-3 (]: Began running node model.zomato.mart_daily_city_revenune
[0m19:55:40.225525 [debug] [Thread-6 (]: Began running node model.zomato.mart_delivery_sla
[0m19:55:40.226289 [debug] [Thread-5 (]: Began running node model.zomato.mart_restaurant_performance
[0m19:55:40.227305 [info ] [Thread-3 (]: 30 of 32 START sql table model marts.mart_daily_city_revenune .................. [RUN]
[0m19:55:40.228657 [info ] [Thread-6 (]: 31 of 32 START sql table model marts.mart_delivery_sla ......................... [RUN]
[0m19:55:40.229797 [info ] [Thread-5 (]: 32 of 32 START sql table model marts.mart_restaurant_performance ............... [RUN]
[0m19:55:40.231233 [debug] [Thread-3 (]: Re-using an available connection from the pool (formerly model.zomato.dim_customer, now model.zomato.mart_daily_city_revenune)
[0m19:55:40.232362 [debug] [Thread-6 (]: Re-using an available connection from the pool (formerly model.zomato.fct_orders, now model.zomato.mart_delivery_sla)
[0m19:55:40.233535 [debug] [Thread-5 (]: Re-using an available connection from the pool (formerly model.zomato.dim_restaurants, now model.zomato.mart_restaurant_performance)
[0m19:55:40.234510 [debug] [Thread-3 (]: Began compiling node model.zomato.mart_daily_city_revenune
[0m19:55:40.235474 [debug] [Thread-6 (]: Began compiling node model.zomato.mart_delivery_sla
[0m19:55:40.236401 [debug] [Thread-5 (]: Began compiling node model.zomato.mart_restaurant_performance
[0m19:55:40.240172 [debug] [Thread-3 (]: Writing injected SQL for node "model.zomato.mart_daily_city_revenune"
[0m19:55:40.243248 [debug] [Thread-6 (]: Writing injected SQL for node "model.zomato.mart_delivery_sla"
[0m19:55:40.246495 [debug] [Thread-5 (]: Writing injected SQL for node "model.zomato.mart_restaurant_performance"
[0m19:55:40.249820 [debug] [Thread-3 (]: Began executing node model.zomato.mart_daily_city_revenune
[0m19:55:40.253650 [debug] [Thread-3 (]: Writing runtime sql for node "model.zomato.mart_daily_city_revenune"
[0m19:55:40.254473 [debug] [Thread-6 (]: Began executing node model.zomato.mart_delivery_sla
[0m19:55:40.255888 [debug] [Thread-5 (]: Began executing node model.zomato.mart_restaurant_performance
[0m19:55:40.259096 [debug] [Thread-6 (]: Writing runtime sql for node "model.zomato.mart_delivery_sla"
[0m19:55:40.262919 [debug] [Thread-5 (]: Writing runtime sql for node "model.zomato.mart_restaurant_performance"
[0m19:55:40.265506 [debug] [Thread-3 (]: Using snowflake connection "model.zomato.mart_daily_city_revenune"
[0m19:55:40.267127 [debug] [Thread-3 (]: On model.zomato.mart_daily_city_revenune: /* {"app": "dbt", "dbt_version": "1.12.0", "profile_name": "zomato", "target_name": "dev", "node_id": "model.zomato.mart_daily_city_revenune"} */
create or replace transient table ZOMATO.marts.mart_daily_city_revenune
         as
        (select 
order_date, 
city, 
count(*) as orders, 
count_if(is_delivered) as delivered_orders,
round(div0(count_if(order_status='Cancelled'), count(*)),4) as cancel_rate,
sum(iff(is_delivered, sales_amount, 0)) as gmv,
round(div0(sum(iff(is_delivered, sales_amount,0)), count_if(is_delivered)),2) as aov
from ZOMATO.marts.fct_orders group by 1,2
        );
[0m19:55:40.268228 [debug] [Thread-3 (]: Opening a new connection, currently in state closed
[0m19:55:40.270166 [debug] [Thread-6 (]: Using snowflake connection "model.zomato.mart_delivery_sla"
[0m19:55:40.271789 [debug] [Thread-6 (]: On model.zomato.mart_delivery_sla: /* {"app": "dbt", "dbt_version": "1.12.0", "profile_name": "zomato", "target_name": "dev", "node_id": "model.zomato.mart_delivery_sla"} */
create or replace transient table ZOMATO.marts.mart_delivery_sla
         as
        (select city, 
hour(order_timestamp) as order_hour, 
count_if(is_delivered) as delivered_orders,
round(median(delivery_time_min),1) as p50, 
round(percentile_cont(0.9) within group (order by delivery_time_min),1) as p90
from ZOMATO.marts.fct_orders 
where is_delivered group by 1,2
        );
[0m19:55:40.275348 [debug] [Thread-6 (]: Opening a new connection, currently in state closed
[0m19:55:40.277297 [debug] [Thread-5 (]: Using snowflake connection "model.zomato.mart_restaurant_performance"
[0m19:55:40.298059 [debug] [Thread-5 (]: On model.zomato.mart_restaurant_performance: /* {"app": "dbt", "dbt_version": "1.12.0", "profile_name": "zomato", "target_name": "dev", "node_id": "model.zomato.mart_restaurant_performance"} */
create or replace transient table ZOMATO.marts.mart_restaurant_performance
         as
        (select 
f.restaurant_id, r.restaurant_name, r.city, r.cuisine, 
count(*) as orders,
sum(iff(f.is_delivered, f.sales_amount, 0)) as revenue, 
round(avg(f.customer_rating),2) as avg_customer_rating,
round(avg(f.delivery_time_min),1) as avg_delivery_min
from ZOMATO.marts.fct_orders f 
left join ZOMATO.marts.dim_restaurants r using (restaurant_id) 
group by 1,2,3,4
        );
[0m19:55:40.299224 [debug] [Thread-5 (]: Opening a new connection, currently in state closed
[0m19:55:40.380648 [debug] [Thread-2 (]: SQL status: SUCCESS 1 in 0.163 seconds
[0m19:55:40.386204 [debug] [Thread-2 (]: On model.zomato.fact_order_items: Close
[0m19:55:40.470285 [info ] [Thread-1 (]: 28 of 32 PASS relationships_fct_orders_customer_id__customer_id__ref_dim_customer_  [[32mPASS[0m in 1.70s]
[0m19:55:40.471716 [debug] [Thread-1 (]: Finished running node test.zomato.relationships_fct_orders_customer_id__customer_id__ref_dim_customer_.d39c4721da
[0m19:55:40.594405 [debug] [Thread-2 (]: Sending event: {'category': 'dbt', 'action': 'run_model', 'label': '6e80b3e2-6812-43f9-bdc8-849fb8accb9f', 'context': [<snowplow_tracker.self_describing_json.SelfDescribingJson object at 0x7fe575ac3d70>]}
[0m19:55:40.595874 [info ] [Thread-2 (]: 25 of 32 OK created sql incremental model marts.fact_order_items ............... [[32mSUCCESS 0[0m in 4.57s]
[0m19:55:40.597529 [debug] [Thread-2 (]: Finished running node model.zomato.fact_order_items
[0m19:55:42.819325 [debug] [Thread-3 (]: SQL status: SUCCESS 1 in 2.551 seconds
[0m19:55:42.823113 [debug] [Thread-3 (]: On model.zomato.mart_daily_city_revenune: Close
[0m19:55:42.972707 [debug] [Thread-6 (]: SQL status: SUCCESS 1 in 2.697 seconds
[0m19:55:42.977201 [debug] [Thread-6 (]: On model.zomato.mart_delivery_sla: Close
[0m19:55:43.065473 [debug] [Thread-3 (]: Sending event: {'category': 'dbt', 'action': 'run_model', 'label': '6e80b3e2-6812-43f9-bdc8-849fb8accb9f', 'context': [<snowplow_tracker.self_describing_json.SelfDescribingJson object at 0x7fe576e0b740>]}
[0m19:55:43.067475 [info ] [Thread-3 (]: 30 of 32 OK created sql table model marts.mart_daily_city_revenune ............. [[32mSUCCESS 1[0m in 2.83s]
[0m19:55:43.068897 [debug] [Thread-3 (]: Finished running node model.zomato.mart_daily_city_revenune
[0m19:55:43.074681 [debug] [Thread-5 (]: SQL status: SUCCESS 1 in 2.775 seconds
[0m19:55:43.078461 [debug] [Thread-5 (]: On model.zomato.mart_restaurant_performance: Close
[0m19:55:43.170428 [debug] [Thread-6 (]: Sending event: {'category': 'dbt', 'action': 'run_model', 'label': '6e80b3e2-6812-43f9-bdc8-849fb8accb9f', 'context': [<snowplow_tracker.self_describing_json.SelfDescribingJson object at 0x7fe573fccce0>]}
[0m19:55:43.172090 [info ] [Thread-6 (]: 31 of 32 OK created sql table model marts.mart_delivery_sla .................... [[32mSUCCESS 1[0m in 2.94s]
[0m19:55:43.173675 [debug] [Thread-6 (]: Finished running node model.zomato.mart_delivery_sla
[0m19:55:43.317297 [debug] [Thread-5 (]: Sending event: {'category': 'dbt', 'action': 'run_model', 'label': '6e80b3e2-6812-43f9-bdc8-849fb8accb9f', 'context': [<snowplow_tracker.self_describing_json.SelfDescribingJson object at 0x7fe573d6b7d0>]}
[0m19:55:43.318834 [info ] [Thread-5 (]: 32 of 32 OK created sql table model marts.mart_restaurant_performance .......... [[32mSUCCESS 1[0m in 3.08s]
[0m19:55:43.320495 [debug] [Thread-5 (]: Finished running node model.zomato.mart_restaurant_performance
[0m19:55:43.327342 [debug] [MainThread]: Connection 'master' was properly closed.
[0m19:55:43.328178 [debug] [MainThread]: Connection 'test.zomato.relationships_fct_orders_customer_id__customer_id__ref_dim_customer_.d39c4721da' was properly closed.
[0m19:55:43.328919 [debug] [MainThread]: Connection 'model.zomato.fact_order_items' was properly closed.
[0m19:55:43.329741 [debug] [MainThread]: Connection 'model.zomato.mart_daily_city_revenune' was properly closed.
[0m19:55:43.330526 [debug] [MainThread]: Connection 'test.zomato.not_null_fct_orders_order_id.4e687af8d0' was properly closed.
[0m19:55:43.331358 [debug] [MainThread]: Connection 'model.zomato.mart_restaurant_performance' was properly closed.
[0m19:55:43.332062 [debug] [MainThread]: Connection 'model.zomato.mart_delivery_sla' was properly closed.
[0m19:55:43.332756 [debug] [MainThread]: Connection 'test.zomato.accepted_values_fct_orders_order_status__Delivered__Cancelled__Refunded.165fe30b61' was properly closed.
[0m19:55:43.333544 [debug] [MainThread]: Connection 'test.zomato.unique_fct_orders_order_id.523ddb6ce5' was properly closed.
[0m19:55:43.334449 [info ] [MainThread]: 
[0m19:55:43.335475 [info ] [MainThread]: Finished running 2 incremental models, 7 table models, 16 data tests, 7 view models in 0 hours 0 minutes and 18.92 seconds (18.92s).
[0m19:55:43.344315 [debug] [MainThread]: Command end result
[0m19:55:43.430757 [debug] [MainThread]: Wrote artifact WritableManifest to /opt/airflow/dbt/zomato/target/manifest.json
[0m19:55:43.435261 [debug] [MainThread]: Wrote artifact SemanticManifest to /opt/airflow/dbt/zomato/target/semantic_manifest.json
[0m19:55:43.440443 [debug] [MainThread]: Wrote artifact OsiDocument to /opt/airflow/dbt/zomato/target/osi_document.json
[0m19:55:43.455091 [debug] [MainThread]: Wrote artifact RunExecutionResult to /opt/airflow/dbt/zomato/target/run_results.json
[0m19:55:43.455824 [info ] [MainThread]: 
[0m19:55:43.456857 [info ] [MainThread]: [32mCompleted successfully[0m
[0m19:55:43.457855 [info ] [MainThread]: 
[0m19:55:43.458765 [info ] [MainThread]: Done. PASS=32 WARN=0 ERROR=0 SKIP=0 NO-OP=0 REUSED=0 TOTAL=32
[0m19:55:43.461657 [debug] [MainThread]: Resource report: {"command_name": "build", "command_success": true, "command_wall_clock_time": 20.918041, "process_in_blocks": "0", "process_kernel_time": 1.460014, "process_mem_max_rss": "195668", "process_out_blocks": "4230", "process_user_time": 10.230863}
[0m19:55:43.462766 [debug] [MainThread]: Command `dbt build` succeeded at 19:55:43.462553 after 20.92 seconds
[0m19:55:43.463809 [debug] [MainThread]: Sending event: {'category': 'dbt', 'action': 'invocation', 'label': 'end', 'context': [<snowplow_tracker.self_describing_json.SelfDescribingJson object at 0x7fe575bd1550>, <snowplow_tracker.self_describing_json.SelfDescribingJson object at 0x7fe575bd36e0>, <snowplow_tracker.self_describing_json.SelfDescribingJson object at 0x7fe575963800>]}
[0m19:55:43.464715 [debug] [MainThread]: Flushing usage events
[0m19:55:45.183639 [debug] [MainThread]: An error was encountered while trying to flush usage events
[0m19:56:07.019955 [debug] [MainThread]: Sending event: {'category': 'dbt', 'action': 'invocation', 'label': 'start', 'context': [<snowplow_tracker.self_describing_json.SelfDescribingJson object at 0x7ff0aa71aba0>, <snowplow_tracker.self_describing_json.SelfDescribingJson object at 0x7ff0a80fbec0>, <snowplow_tracker.self_describing_json.SelfDescribingJson object at 0x7ff0a80fbd10>]}


============================== 19:56:07.029962 | f92f0ab5-2d2a-4487-afa8-0316ead95656 ==============================
[0m19:56:07.029962 [info ] [MainThread]: Running with dbt=1.12.0
[0m19:56:07.031646 [debug] [MainThread]: running dbt with arguments {'use_experimental_parser': 'False', 'printer_width': '80', 'log_cache_events': 'False', 'send_anonymous_usage_stats': 'True', 'use_colors': 'True', 'log_format': 'default', 'warn_error_options': 'WarnErrorOptionsV2(error=[], warn=[], silence=[])', 'static_parser': 'True', 'fail_fast': 'False', 'maximum_seed_size_mib': '1', 'hints_enabled': 'True', 'version_check': 'True', 'no_print': 'None', 'quiet': 'False', 'invocation_command': 'dbt build --select tag:ai --project-dir /opt/airflow/dbt/zomato --profiles-dir /opt/airflow/dbt/zomato', 'indirect_selection': 'eager', 'introspect': 'True', 'cache_selected_only': 'False', 'profiles_dir': '/opt/airflow/dbt/zomato', 'partial_parse': 'True', 'debug': 'False', 'write_json': 'True', 'target_path': 'None', 'empty': 'False', 'warn_error': 'None', 'log_path': '/opt/airflow/dbt/zomato/logs'}
[0m19:56:07.749185 [debug] [MainThread]: Sending event: {'category': 'dbt', 'action': 'project_id', 'label': 'f92f0ab5-2d2a-4487-afa8-0316ead95656', 'context': [<snowplow_tracker.self_describing_json.SelfDescribingJson object at 0x7ff0a61417f0>]}
[0m19:56:07.837628 [debug] [MainThread]: Sending event: {'category': 'dbt', 'action': 'adapter_info', 'label': 'f92f0ab5-2d2a-4487-afa8-0316ead95656', 'context': [<snowplow_tracker.self_describing_json.SelfDescribingJson object at 0x7ff0a5d84b00>]}
[0m19:56:07.839095 [info ] [MainThread]: Registered adapter: snowflake=1.8.4
[0m19:56:07.956288 [debug] [MainThread]: checksum: b0e43d10305132c56d20e06d6acd19b0e2ab954460bc87bfcfc553bb03080190, vars: {}, profile: zomato, target: dev, version: 1.12.0
[0m19:56:08.162901 [debug] [MainThread]: Partial parsing enabled: 0 files deleted, 0 files added, 0 files changed.
[0m19:56:08.163592 [debug] [MainThread]: Nothing changed, skipping partial parsing.
[0m19:56:08.164155 [debug] [MainThread]: Partial parsing enabled, no changes found, skipping parsing
[0m19:56:08.172477 [warn ] [MainThread]: [[33mWARNING[0m]: Configuration paths exist in your dbt_project.yml file which do not apply to any resources.
There are 1 unused configuration paths:
- snapshots.zomato
[0m19:56:08.179530 [debug] [MainThread]: Sending event: {'category': 'dbt', 'action': 'load_project', 'label': 'f92f0ab5-2d2a-4487-afa8-0316ead95656', 'context': [<snowplow_tracker.self_describing_json.SelfDescribingJson object at 0x7ff0a5a3ffe0>]}
[0m19:56:08.430423 [debug] [MainThread]: Wrote artifact WritableManifest to /opt/airflow/dbt/zomato/target/manifest.json
[0m19:56:08.434954 [debug] [MainThread]: Wrote artifact SemanticManifest to /opt/airflow/dbt/zomato/target/semantic_manifest.json
[0m19:56:08.453906 [debug] [MainThread]: Wrote artifact OsiDocument to /opt/airflow/dbt/zomato/target/osi_document.json
[0m19:56:08.485983 [debug] [MainThread]: Sending event: {'category': 'dbt', 'action': 'resource_counts', 'label': 'f92f0ab5-2d2a-4487-afa8-0316ead95656', 'context': [<snowplow_tracker.self_describing_json.SelfDescribingJson object at 0x7ff0a55676b0>]}
[0m19:56:08.486919 [info ] [MainThread]: Found 17 models, 16 data tests, 8 sources, 506 macros
[0m19:56:08.490376 [info ] [MainThread]: 
[0m19:56:08.491485 [info ] [MainThread]: Concurrency: 8 threads (target='dev')
[0m19:56:08.492296 [info ] [MainThread]: 
[0m19:56:08.493794 [debug] [MainThread]: Acquiring new snowflake connection 'master'
[0m19:56:08.495505 [debug] [ThreadPool]: Acquiring new snowflake connection 'list_ZOMATO'
[0m19:56:08.518381 [debug] [ThreadPool]: Using snowflake connection "list_ZOMATO"
[0m19:56:08.519372 [debug] [ThreadPool]: On list_ZOMATO: /* {"app": "dbt", "dbt_version": "1.12.0", "profile_name": "zomato", "target_name": "dev", "connection_name": "list_ZOMATO"} */
show terse schemas in database ZOMATO
    limit 10000
[0m19:56:08.520102 [debug] [ThreadPool]: Opening a new connection, currently in state init
[0m19:56:11.780091 [debug] [ThreadPool]: SQL status: SUCCESS 8 in 3.260 seconds
[0m19:56:11.783559 [debug] [ThreadPool]: On list_ZOMATO: Close
[0m19:56:12.048293 [debug] [ThreadPool]: Re-using an available connection from the pool (formerly list_ZOMATO, now list_ZOMATO_staging)
[0m19:56:12.055044 [debug] [ThreadPool]: Acquiring new snowflake connection 'list_ZOMATO_marts'
[0m19:56:12.075399 [debug] [ThreadPool]: Using snowflake connection "list_ZOMATO_staging"
[0m19:56:12.071474 [debug] [ThreadPool]: Using snowflake connection "list_ZOMATO_marts"
[0m19:56:12.076774 [debug] [ThreadPool]: On list_ZOMATO_staging: /* {"app": "dbt", "dbt_version": "1.12.0", "profile_name": "zomato", "target_name": "dev", "connection_name": "list_ZOMATO_staging"} */
show objects in ZOMATO.staging limit 10000
[0m19:56:12.077786 [debug] [ThreadPool]: On list_ZOMATO_marts: /* {"app": "dbt", "dbt_version": "1.12.0", "profile_name": "zomato", "target_name": "dev", "connection_name": "list_ZOMATO_marts"} */
show objects in ZOMATO.marts limit 10000
[0m19:56:12.078679 [debug] [ThreadPool]: Opening a new connection, currently in state closed
[0m19:56:12.079625 [debug] [ThreadPool]: Opening a new connection, currently in state init
[0m19:56:13.893226 [debug] [ThreadPool]: SQL status: SUCCESS 7 in 1.814 seconds
[0m19:56:13.894927 [debug] [ThreadPool]: SQL status: SUCCESS 9 in 1.815 seconds
[0m19:56:13.898101 [debug] [ThreadPool]: On list_ZOMATO_staging: Close
[0m19:56:13.901265 [debug] [ThreadPool]: On list_ZOMATO_marts: Close
[0m19:56:14.256720 [debug] [MainThread]: Sending event: {'category': 'dbt', 'action': 'runnable_timing', 'label': 'f92f0ab5-2d2a-4487-afa8-0316ead95656', 'context': [<snowplow_tracker.self_describing_json.SelfDescribingJson object at 0x7ff0a5861f10>]}
[0m19:56:14.269524 [debug] [Thread-1 (]: Began running node model.zomato.mart_review_insights
[0m19:56:14.270728 [info ] [Thread-1 (]: 1 of 1 START sql table model marts.mart_review_insights ........................ [RUN]
[0m19:56:14.271858 [debug] [Thread-1 (]: Re-using an available connection from the pool (formerly list_ZOMATO_marts, now model.zomato.mart_review_insights)
[0m19:56:14.272723 [debug] [Thread-1 (]: Began compiling node model.zomato.mart_review_insights
[0m19:56:14.285165 [debug] [Thread-1 (]: Writing injected SQL for node "model.zomato.mart_review_insights"
[0m19:56:14.287933 [debug] [Thread-1 (]: Began executing node model.zomato.mart_review_insights
[0m19:56:14.335158 [debug] [Thread-1 (]: Writing runtime sql for node "model.zomato.mart_review_insights"
[0m19:56:14.338901 [debug] [Thread-1 (]: Using snowflake connection "model.zomato.mart_review_insights"
[0m19:56:14.339852 [debug] [Thread-1 (]: On model.zomato.mart_review_insights: /* {"app": "dbt", "dbt_version": "1.12.0", "profile_name": "zomato", "target_name": "dev", "node_id": "model.zomato.mart_review_insights"} */
create or replace transient table ZOMATO.marts.mart_review_insights
         as
        (

select 
    dr.city,
    e.topic,
    e.sentiment_label,
    count(*) as reviews,
    round(avg(e.sentiment_score), 3) as avg_sentiment_score,
    round(avg(rr.rating), 2)        as avg_star_rating,
    count_if(e.key_issue is not null) as flagged_issues
from ZOMATO.AI.review_enriched e
inner join ZOMATO.staging.stg_reviews rr using (review_id)
inner join ZOMATO.marts.dim_restaurants dr on rr.restaurant_id = dr.restaurant_id
group by 1, 2, 3
        );
[0m19:56:14.340766 [debug] [Thread-1 (]: Opening a new connection, currently in state closed
[0m19:56:15.453466 [debug] [Thread-1 (]: SQL status: SUCCESS 1 in 1.113 seconds
[0m19:56:15.491724 [debug] [Thread-1 (]: On model.zomato.mart_review_insights: Close
[0m19:56:15.723567 [debug] [Thread-1 (]: Sending event: {'category': 'dbt', 'action': 'run_model', 'label': 'f92f0ab5-2d2a-4487-afa8-0316ead95656', 'context': [<snowplow_tracker.self_describing_json.SelfDescribingJson object at 0x7ff0a5aabbc0>]}
[0m19:56:15.725089 [info ] [Thread-1 (]: 1 of 1 OK created sql table model marts.mart_review_insights ................... [[32mSUCCESS 1[0m in 1.45s]
[0m19:56:15.726832 [debug] [Thread-1 (]: Finished running node model.zomato.mart_review_insights
[0m19:56:15.732710 [debug] [MainThread]: Connection 'master' was properly closed.
[0m19:56:15.733640 [debug] [MainThread]: Connection 'list_ZOMATO_staging' was properly closed.
[0m19:56:15.734436 [debug] [MainThread]: Connection 'model.zomato.mart_review_insights' was properly closed.
[0m19:56:15.735267 [info ] [MainThread]: 
[0m19:56:15.736659 [info ] [MainThread]: Finished running 1 table model in 0 hours 0 minutes and 7.24 seconds (7.24s).
[0m19:56:15.738379 [debug] [MainThread]: Command end result
[0m19:56:15.825580 [debug] [MainThread]: Wrote artifact WritableManifest to /opt/airflow/dbt/zomato/target/manifest.json
[0m19:56:15.830132 [debug] [MainThread]: Wrote artifact SemanticManifest to /opt/airflow/dbt/zomato/target/semantic_manifest.json
[0m19:56:15.835430 [debug] [MainThread]: Wrote artifact OsiDocument to /opt/airflow/dbt/zomato/target/osi_document.json
[0m19:56:15.846904 [debug] [MainThread]: Wrote artifact RunExecutionResult to /opt/airflow/dbt/zomato/target/run_results.json
[0m19:56:15.847797 [info ] [MainThread]: 
[0m19:56:15.848815 [info ] [MainThread]: [32mCompleted successfully[0m
[0m19:56:15.849612 [info ] [MainThread]: 
[0m19:56:15.850520 [info ] [MainThread]: Done. PASS=1 WARN=0 ERROR=0 SKIP=0 NO-OP=0 REUSED=0 TOTAL=1
[0m19:56:15.852118 [debug] [MainThread]: Resource report: {"command_name": "build", "command_success": true, "command_wall_clock_time": 8.981861, "process_in_blocks": "0", "process_kernel_time": 0.386791, "process_mem_max_rss": "176576", "process_out_blocks": "2744", "process_user_time": 4.801554}
[0m19:56:15.853091 [debug] [MainThread]: Command `dbt build` succeeded at 19:56:15.852953 after 8.98 seconds
[0m19:56:15.853926 [debug] [MainThread]: Sending event: {'category': 'dbt', 'action': 'invocation', 'label': 'end', 'context': [<snowplow_tracker.self_describing_json.SelfDescribingJson object at 0x7ff0a82e30b0>, <snowplow_tracker.self_describing_json.SelfDescribingJson object at 0x7ff0a525f3e0>, <snowplow_tracker.self_describing_json.SelfDescribingJson object at 0x7ff0a73fc170>]}
[0m19:56:15.854679 [debug] [MainThread]: Flushing usage events
[0m19:56:17.075013 [debug] [MainThread]: An error was encountered while trying to flush usage events
[0m10:24:32.719477 [debug] [MainThread]: Sending event: {'category': 'dbt', 'action': 'invocation', 'label': 'start', 'context': [<snowplow_tracker.self_describing_json.SelfDescribingJson object at 0x7f5c848e0140>, <snowplow_tracker.self_describing_json.SelfDescribingJson object at 0x7f5c855e5070>, <snowplow_tracker.self_describing_json.SelfDescribingJson object at 0x7f5c855e70b0>]}


============================== 10:24:32.762789 | 069375f8-6b1b-4c0a-a5ec-c8cc820eb696 ==============================
[0m10:24:32.762789 [info ] [MainThread]: Running with dbt=1.12.0
[0m10:24:32.765112 [debug] [MainThread]: running dbt with arguments {'hints_enabled': 'True', 'warn_error': 'None', 'maximum_seed_size_mib': '1', 'profiles_dir': '/opt/airflow/dbt/zomato', 'use_experimental_parser': 'False', 'warn_error_options': 'WarnErrorOptionsV2(error=[], warn=[], silence=[])', 'write_json': 'True', 'log_format': 'default', 'log_path': '/opt/airflow/dbt/zomato/logs', 'static_parser': 'True', 'use_colors': 'True', 'cache_selected_only': 'False', 'quiet': 'False', 'indirect_selection': 'eager', 'no_print': 'None', 'invocation_command': 'dbt build --exclude tag:ai --project-dir /opt/airflow/dbt/zomato --profiles-dir /opt/airflow/dbt/zomato', 'introspect': 'True', 'send_anonymous_usage_stats': 'True', 'printer_width': '80', 'fail_fast': 'False', 'target_path': 'None', 'version_check': 'True', 'partial_parse': 'True', 'debug': 'False', 'log_cache_events': 'False', 'empty': 'False'}
[0m10:24:34.108453 [debug] [MainThread]: Sending event: {'category': 'dbt', 'action': 'project_id', 'label': '069375f8-6b1b-4c0a-a5ec-c8cc820eb696', 'context': [<snowplow_tracker.self_describing_json.SelfDescribingJson object at 0x7f5c84902cc0>]}
[0m10:24:34.233457 [debug] [MainThread]: Sending event: {'category': 'dbt', 'action': 'adapter_info', 'label': '069375f8-6b1b-4c0a-a5ec-c8cc820eb696', 'context': [<snowplow_tracker.self_describing_json.SelfDescribingJson object at 0x7f5c855e70b0>]}
[0m10:24:34.236636 [info ] [MainThread]: Registered adapter: snowflake=1.8.4
[0m10:24:34.527006 [debug] [MainThread]: checksum: b0e43d10305132c56d20e06d6acd19b0e2ab954460bc87bfcfc553bb03080190, vars: {}, profile: zomato, target: dev, version: 1.12.0
[0m10:24:35.219463 [debug] [MainThread]: Partial parsing enabled: 0 files deleted, 0 files added, 0 files changed.
[0m10:24:35.220130 [debug] [MainThread]: Nothing changed, skipping partial parsing.
[0m10:24:35.220776 [debug] [MainThread]: Partial parsing enabled, no changes found, skipping parsing
[0m10:24:35.229908 [warn ] [MainThread]: [[33mWARNING[0m]: Configuration paths exist in your dbt_project.yml file which do not apply to any resources.
There are 1 unused configuration paths:
- snapshots.zomato
[0m10:24:35.237412 [debug] [MainThread]: Sending event: {'category': 'dbt', 'action': 'load_project', 'label': '069375f8-6b1b-4c0a-a5ec-c8cc820eb696', 'context': [<snowplow_tracker.self_describing_json.SelfDescribingJson object at 0x7f5c82ce53d0>]}
[0m10:24:35.529461 [debug] [MainThread]: Wrote artifact WritableManifest to /opt/airflow/dbt/zomato/target/manifest.json
[0m10:24:35.536209 [debug] [MainThread]: Wrote artifact SemanticManifest to /opt/airflow/dbt/zomato/target/semantic_manifest.json
[0m10:24:35.578116 [debug] [MainThread]: Wrote artifact OsiDocument to /opt/airflow/dbt/zomato/target/osi_document.json
[0m10:24:35.675674 [debug] [MainThread]: Sending event: {'category': 'dbt', 'action': 'resource_counts', 'label': '069375f8-6b1b-4c0a-a5ec-c8cc820eb696', 'context': [<snowplow_tracker.self_describing_json.SelfDescribingJson object at 0x7f5c8298cb90>]}
[0m10:24:35.676804 [info ] [MainThread]: Found 17 models, 16 data tests, 8 sources, 506 macros
[0m10:24:35.685749 [info ] [MainThread]: 
[0m10:24:35.687215 [info ] [MainThread]: Concurrency: 8 threads (target='dev')
[0m10:24:35.688216 [info ] [MainThread]: 
[0m10:24:35.690214 [debug] [MainThread]: Acquiring new snowflake connection 'master'
[0m10:24:35.700602 [debug] [ThreadPool]: Acquiring new snowflake connection 'list_ZOMATO'
[0m10:24:35.703950 [debug] [ThreadPool]: Acquiring new snowflake connection 'list_ZOMATO'
[0m10:24:35.752043 [debug] [ThreadPool]: Using snowflake connection "list_ZOMATO"
[0m10:24:35.758840 [debug] [ThreadPool]: Using snowflake connection "list_ZOMATO"
[0m10:24:35.759597 [debug] [ThreadPool]: On list_ZOMATO: /* {"app": "dbt", "dbt_version": "1.12.0", "profile_name": "zomato", "target_name": "dev", "connection_name": "list_ZOMATO"} */
show terse schemas in database ZOMATO
    limit 10000
[0m10:24:35.760567 [debug] [ThreadPool]: On list_ZOMATO: /* {"app": "dbt", "dbt_version": "1.12.0", "profile_name": "zomato", "target_name": "dev", "connection_name": "list_ZOMATO"} */
show terse schemas in database ZOMATO
    limit 10000
[0m10:24:35.761501 [debug] [ThreadPool]: Opening a new connection, currently in state init
[0m10:24:35.762410 [debug] [ThreadPool]: Opening a new connection, currently in state init
[0m10:24:38.981454 [debug] [ThreadPool]: SQL status: SUCCESS 8 in 3.219 seconds
[0m10:24:38.984455 [debug] [ThreadPool]: On list_ZOMATO: Close
[0m10:24:38.992870 [debug] [ThreadPool]: SQL status: SUCCESS 8 in 3.231 seconds
[0m10:24:38.995570 [debug] [ThreadPool]: On list_ZOMATO: Close
[0m10:24:39.255916 [debug] [ThreadPool]: Re-using an available connection from the pool (formerly list_ZOMATO, now list_ZOMATO_marts)
[0m10:24:39.257724 [debug] [ThreadPool]: Re-using an available connection from the pool (formerly list_ZOMATO, now list_ZOMATO_staging)
[0m10:24:39.277809 [debug] [ThreadPool]: Using snowflake connection "list_ZOMATO_marts"
[0m10:24:39.284275 [debug] [ThreadPool]: On list_ZOMATO_marts: /* {"app": "dbt", "dbt_version": "1.12.0", "profile_name": "zomato", "target_name": "dev", "connection_name": "list_ZOMATO_marts"} */
show objects in ZOMATO.marts limit 10000
[0m10:24:39.285740 [debug] [ThreadPool]: Using snowflake connection "list_ZOMATO_staging"
[0m10:24:39.286443 [debug] [ThreadPool]: Opening a new connection, currently in state closed
[0m10:24:39.287565 [debug] [ThreadPool]: On list_ZOMATO_staging: /* {"app": "dbt", "dbt_version": "1.12.0", "profile_name": "zomato", "target_name": "dev", "connection_name": "list_ZOMATO_staging"} */
show objects in ZOMATO.staging limit 10000
[0m10:24:39.295403 [debug] [ThreadPool]: Opening a new connection, currently in state closed
[0m10:24:39.973325 [debug] [ThreadPool]: SQL status: SUCCESS 7 in 0.678 seconds
[0m10:24:39.976738 [debug] [ThreadPool]: On list_ZOMATO_staging: Close
[0m10:24:39.990390 [debug] [ThreadPool]: SQL status: SUCCESS 10 in 0.704 seconds
[0m10:24:39.993586 [debug] [ThreadPool]: On list_ZOMATO_marts: Close
[0m10:24:40.301530 [debug] [MainThread]: Sending event: {'category': 'dbt', 'action': 'runnable_timing', 'label': '069375f8-6b1b-4c0a-a5ec-c8cc820eb696', 'context': [<snowplow_tracker.self_describing_json.SelfDescribingJson object at 0x7f5c82efea20>]}
[0m10:24:40.313006 [debug] [Thread-1 (]: Began running node model.zomato.dim_date
[0m10:24:40.314841 [debug] [Thread-2 (]: Began running node model.zomato.stg_food
[0m10:24:40.315576 [debug] [Thread-3 (]: Began running node model.zomato.stg_menu
[0m10:24:40.317174 [debug] [Thread-4 (]: Began running node model.zomato.stg_order_items
[0m10:24:40.318200 [debug] [Thread-5 (]: Began running node model.zomato.stg_orders
[0m10:24:40.316497 [info ] [Thread-1 (]: 1 of 32 START sql table model marts.dim_date ................................... [RUN]
[0m10:24:40.319168 [debug] [Thread-6 (]: Began running node model.zomato.stg_restaurants
[0m10:24:40.320720 [debug] [Thread-7 (]: Began running node model.zomato.stg_reviews
[0m10:24:40.321533 [debug] [Thread-8 (]: Began running node model.zomato.stg_users
[0m10:24:40.320092 [info ] [Thread-2 (]: 2 of 32 START sql view model staging.stg_food .................................. [RUN]
[0m10:24:40.322647 [info ] [Thread-3 (]: 3 of 32 START sql view model staging.stg_menu .................................. [RUN]
[0m10:24:40.324387 [info ] [Thread-4 (]: 4 of 32 START sql view model staging.stg_order_items ........................... [RUN]
[0m10:24:40.326237 [info ] [Thread-5 (]: 5 of 32 START sql view model staging.stg_orders ................................ [RUN]
[0m10:24:40.328181 [debug] [Thread-1 (]: Re-using an available connection from the pool (formerly list_ZOMATO_marts, now model.zomato.dim_date)
[0m10:24:40.329296 [info ] [Thread-6 (]: 6 of 32 START sql view model staging.stg_restaurants ........................... [RUN]
[0m10:24:40.330635 [info ] [Thread-7 (]: 7 of 32 START sql view model staging.stg_reviews ............................... [RUN]
[0m10:24:40.331715 [info ] [Thread-8 (]: 8 of 32 START sql view model staging.stg_users ................................. [RUN]
[0m10:24:40.332988 [debug] [Thread-2 (]: Re-using an available connection from the pool (formerly list_ZOMATO_staging, now model.zomato.stg_food)
[0m10:24:40.334516 [debug] [Thread-3 (]: Acquiring new snowflake connection 'model.zomato.stg_menu'
[0m10:24:40.335642 [debug] [Thread-4 (]: Acquiring new snowflake connection 'model.zomato.stg_order_items'
[0m10:24:40.337161 [debug] [Thread-5 (]: Acquiring new snowflake connection 'model.zomato.stg_orders'
[0m10:24:40.338126 [debug] [Thread-1 (]: Began compiling node model.zomato.dim_date
[0m10:24:40.339510 [debug] [Thread-6 (]: Acquiring new snowflake connection 'model.zomato.stg_restaurants'
[0m10:24:40.340761 [debug] [Thread-7 (]: Acquiring new snowflake connection 'model.zomato.stg_reviews'
[0m10:24:40.342009 [debug] [Thread-8 (]: Acquiring new snowflake connection 'model.zomato.stg_users'
[0m10:24:40.343026 [debug] [Thread-2 (]: Began compiling node model.zomato.stg_food
[0m10:24:40.344673 [debug] [Thread-3 (]: Began compiling node model.zomato.stg_menu
[0m10:24:40.345556 [debug] [Thread-4 (]: Began compiling node model.zomato.stg_order_items
[0m10:24:40.346438 [debug] [Thread-5 (]: Began compiling node model.zomato.stg_orders
[0m10:24:40.355343 [debug] [Thread-1 (]: Writing injected SQL for node "model.zomato.dim_date"
[0m10:24:40.356436 [debug] [Thread-6 (]: Began compiling node model.zomato.stg_restaurants
[0m10:24:40.357484 [debug] [Thread-7 (]: Began compiling node model.zomato.stg_reviews
[0m10:24:40.358571 [debug] [Thread-8 (]: Began compiling node model.zomato.stg_users
[0m10:24:40.362324 [debug] [Thread-2 (]: Writing injected SQL for node "model.zomato.stg_food"
[0m10:24:40.365094 [debug] [Thread-3 (]: Writing injected SQL for node "model.zomato.stg_menu"
[0m10:24:40.368365 [debug] [Thread-4 (]: Writing injected SQL for node "model.zomato.stg_order_items"
[0m10:24:40.372014 [debug] [Thread-5 (]: Writing injected SQL for node "model.zomato.stg_orders"
[0m10:24:40.376670 [debug] [Thread-6 (]: Writing injected SQL for node "model.zomato.stg_restaurants"
[0m10:24:40.379649 [debug] [Thread-7 (]: Writing injected SQL for node "model.zomato.stg_reviews"
[0m10:24:40.383305 [debug] [Thread-8 (]: Writing injected SQL for node "model.zomato.stg_users"
[0m10:24:40.385038 [debug] [Thread-1 (]: Began executing node model.zomato.dim_date
[0m10:24:40.388514 [debug] [Thread-3 (]: Began executing node model.zomato.stg_menu
[0m10:24:40.390401 [debug] [Thread-2 (]: Began executing node model.zomato.stg_food
[0m10:24:40.392882 [debug] [Thread-4 (]: Began executing node model.zomato.stg_order_items
[0m10:24:40.393680 [debug] [Thread-6 (]: Began executing node model.zomato.stg_restaurants
[0m10:24:40.410960 [debug] [Thread-7 (]: Began executing node model.zomato.stg_reviews
[0m10:24:40.412395 [debug] [Thread-5 (]: Began executing node model.zomato.stg_orders
[0m10:24:40.508312 [debug] [Thread-4 (]: Writing runtime sql for node "model.zomato.stg_order_items"
[0m10:24:40.509368 [debug] [Thread-6 (]: Writing runtime sql for node "model.zomato.stg_restaurants"
[0m10:24:40.516797 [debug] [Thread-3 (]: Writing runtime sql for node "model.zomato.stg_menu"
[0m10:24:40.517617 [debug] [Thread-8 (]: Began executing node model.zomato.stg_users
[0m10:24:40.520663 [debug] [Thread-1 (]: Writing runtime sql for node "model.zomato.dim_date"
[0m10:24:40.521545 [debug] [Thread-2 (]: Writing runtime sql for node "model.zomato.stg_food"
[0m10:24:40.524783 [debug] [Thread-7 (]: Writing runtime sql for node "model.zomato.stg_reviews"
[0m10:24:40.529664 [debug] [Thread-5 (]: Writing runtime sql for node "model.zomato.stg_orders"
[0m10:24:40.534498 [debug] [Thread-8 (]: Writing runtime sql for node "model.zomato.stg_users"
[0m10:24:40.539427 [debug] [Thread-4 (]: Using snowflake connection "model.zomato.stg_order_items"
[0m10:24:40.540933 [debug] [Thread-4 (]: On model.zomato.stg_order_items: /* {"app": "dbt", "dbt_version": "1.12.0", "profile_name": "zomato", "target_name": "dev", "node_id": "model.zomato.stg_order_items"} */
create or replace   view ZOMATO.staging.stg_order_items
  
   as (
    select
    *
from ZOMATO.RAW.order_items
  );
[0m10:24:40.542448 [debug] [Thread-4 (]: Opening a new connection, currently in state init
[0m10:24:40.543952 [debug] [Thread-3 (]: Using snowflake connection "model.zomato.stg_menu"
[0m10:24:40.550304 [debug] [Thread-1 (]: Using snowflake connection "model.zomato.dim_date"
[0m10:24:40.551467 [debug] [Thread-8 (]: Using snowflake connection "model.zomato.stg_users"
[0m10:24:40.553275 [debug] [Thread-7 (]: Using snowflake connection "model.zomato.stg_reviews"
[0m10:24:40.553978 [debug] [Thread-3 (]: On model.zomato.stg_menu: /* {"app": "dbt", "dbt_version": "1.12.0", "profile_name": "zomato", "target_name": "dev", "node_id": "model.zomato.stg_menu"} */
create or replace   view ZOMATO.staging.stg_menu
  
   as (
    select
    *
from ZOMATO.RAW.menu
  );
[0m10:24:40.558288 [debug] [Thread-6 (]: Using snowflake connection "model.zomato.stg_restaurants"
[0m10:24:40.559262 [debug] [Thread-1 (]: On model.zomato.dim_date: /* {"app": "dbt", "dbt_version": "1.12.0", "profile_name": "zomato", "target_name": "dev", "node_id": "model.zomato.dim_date"} */
create or replace transient table ZOMATO.marts.dim_date
         as
        (with spine as (
    select dateadd(day, seq4(), '2024-01-01'::date) as date_day 
    from 
    table(generator(rowcount=>1200)))
select date_day, year(date_day) as year, month(date_day) as month, monthname(date_day) as month_name,
       dayname(date_day) as day_name, (dayofweekiso(date_day)>=6) as is_weekend
from spine where date_day <= '2026-12-31'
        );
[0m10:24:40.560396 [debug] [Thread-2 (]: Using snowflake connection "model.zomato.stg_food"
[0m10:24:40.564975 [debug] [Thread-8 (]: On model.zomato.stg_users: /* {"app": "dbt", "dbt_version": "1.12.0", "profile_name": "zomato", "target_name": "dev", "node_id": "model.zomato.stg_users"} */
create or replace   view ZOMATO.staging.stg_users
  
   as (
    select
    *
from ZOMATO.RAW.users
  );
[0m10:24:40.571493 [debug] [Thread-5 (]: Using snowflake connection "model.zomato.stg_orders"
[0m10:24:40.577599 [debug] [Thread-7 (]: On model.zomato.stg_reviews: /* {"app": "dbt", "dbt_version": "1.12.0", "profile_name": "zomato", "target_name": "dev", "node_id": "model.zomato.stg_reviews"} */
create or replace   view ZOMATO.staging.stg_reviews
  
   as (
    select
    *
from ZOMATO.RAW.reviews
  );
[0m10:24:40.578590 [debug] [Thread-3 (]: Opening a new connection, currently in state init
[0m10:24:40.579838 [debug] [Thread-6 (]: On model.zomato.stg_restaurants: /* {"app": "dbt", "dbt_version": "1.12.0", "profile_name": "zomato", "target_name": "dev", "node_id": "model.zomato.stg_restaurants"} */
create or replace   view ZOMATO.staging.stg_restaurants
  
   as (
    select
    *
from ZOMATO.RAW.restaurants
  );
[0m10:24:40.581373 [debug] [Thread-1 (]: Opening a new connection, currently in state closed
[0m10:24:40.583348 [debug] [Thread-2 (]: On model.zomato.stg_food: /* {"app": "dbt", "dbt_version": "1.12.0", "profile_name": "zomato", "target_name": "dev", "node_id": "model.zomato.stg_food"} */
create or replace   view ZOMATO.staging.stg_food
  
   as (
    select
    *
from ZOMATO.RAW.food
  );
[0m10:24:40.585524 [debug] [Thread-8 (]: Opening a new connection, currently in state init
[0m10:24:40.589383 [debug] [Thread-5 (]: On model.zomato.stg_orders: /* {"app": "dbt", "dbt_version": "1.12.0", "profile_name": "zomato", "target_name": "dev", "node_id": "model.zomato.stg_orders"} */
create or replace   view ZOMATO.staging.stg_orders
  
   as (
    select
    *
from ZOMATO.RAW.orders
  );
[0m10:24:40.596928 [debug] [Thread-7 (]: Opening a new connection, currently in state init
[0m10:24:40.608211 [debug] [Thread-6 (]: Opening a new connection, currently in state init
[0m10:24:40.653618 [debug] [Thread-2 (]: Opening a new connection, currently in state closed
[0m10:24:40.687318 [debug] [Thread-5 (]: Opening a new connection, currently in state init
[0m10:24:41.509639 [debug] [Thread-4 (]: SQL status: SUCCESS 1 in 0.967 seconds
[0m10:24:41.593007 [debug] [Thread-4 (]: On model.zomato.stg_order_items: Close
[0m10:24:41.615550 [debug] [Thread-8 (]: SQL status: SUCCESS 1 in 1.030 seconds
[0m10:24:41.620054 [debug] [Thread-8 (]: On model.zomato.stg_users: Close
[0m10:24:41.780794 [debug] [Thread-6 (]: SQL status: SUCCESS 1 in 1.173 seconds
[0m10:24:41.784695 [debug] [Thread-6 (]: On model.zomato.stg_restaurants: Close
[0m10:24:41.877544 [debug] [Thread-5 (]: SQL status: SUCCESS 1 in 1.191 seconds
[0m10:24:41.879806 [debug] [Thread-3 (]: SQL status: SUCCESS 1 in 1.301 seconds
[0m10:24:41.882040 [debug] [Thread-2 (]: SQL status: SUCCESS 1 in 1.228 seconds
[0m10:24:41.883416 [debug] [Thread-7 (]: SQL status: SUCCESS 1 in 1.287 seconds
[0m10:24:41.887263 [debug] [Thread-5 (]: On model.zomato.stg_orders: Close
[0m10:24:41.895733 [debug] [Thread-3 (]: On model.zomato.stg_menu: Close
[0m10:24:41.897570 [debug] [Thread-8 (]: Sending event: {'category': 'dbt', 'action': 'run_model', 'label': '069375f8-6b1b-4c0a-a5ec-c8cc820eb696', 'context': [<snowplow_tracker.self_describing_json.SelfDescribingJson object at 0x7f5c85bf0f20>]}
[0m10:24:41.901537 [debug] [Thread-2 (]: On model.zomato.stg_food: Close
[0m10:24:41.902500 [debug] [Thread-4 (]: Sending event: {'category': 'dbt', 'action': 'run_model', 'label': '069375f8-6b1b-4c0a-a5ec-c8cc820eb696', 'context': [<snowplow_tracker.self_describing_json.SelfDescribingJson object at 0x7f5c7017a6f0>]}
[0m10:24:41.906796 [debug] [Thread-7 (]: On model.zomato.stg_reviews: Close
[0m10:24:41.915413 [info ] [Thread-8 (]: 8 of 32 OK created sql view model staging.stg_users ............................ [[32mSUCCESS 1[0m in 1.55s]
[0m10:24:41.923387 [info ] [Thread-4 (]: 4 of 32 OK created sql view model staging.stg_order_items ...................... [[32mSUCCESS 1[0m in 1.56s]
[0m10:24:41.927683 [debug] [Thread-8 (]: Finished running node model.zomato.stg_users
[0m10:24:41.930037 [debug] [Thread-4 (]: Finished running node model.zomato.stg_order_items
[0m10:24:41.932427 [debug] [Thread-4 (]: Began running node test.zomato.not_null_stg_users_user_id.980dfc1b77
[0m10:24:41.933483 [debug] [Thread-8 (]: Began running node test.zomato.unique_stg_users_user_id.c2ff477e6b
[0m10:24:41.935329 [info ] [Thread-4 (]: 9 of 32 START test not_null_stg_users_user_id .................................. [RUN]
[0m10:24:41.936444 [info ] [Thread-8 (]: 10 of 32 START test unique_stg_users_user_id ................................... [RUN]
[0m10:24:41.938779 [debug] [Thread-4 (]: Re-using an available connection from the pool (formerly model.zomato.stg_order_items, now test.zomato.not_null_stg_users_user_id.980dfc1b77)
[0m10:24:41.940099 [debug] [Thread-8 (]: Re-using an available connection from the pool (formerly model.zomato.stg_users, now test.zomato.unique_stg_users_user_id.c2ff477e6b)
[0m10:24:41.941130 [debug] [Thread-4 (]: Began compiling node test.zomato.not_null_stg_users_user_id.980dfc1b77
[0m10:24:41.942154 [debug] [Thread-8 (]: Began compiling node test.zomato.unique_stg_users_user_id.c2ff477e6b
[0m10:24:41.988789 [debug] [Thread-4 (]: Writing injected SQL for node "test.zomato.not_null_stg_users_user_id.980dfc1b77"
[0m10:24:41.993199 [debug] [Thread-8 (]: Writing injected SQL for node "test.zomato.unique_stg_users_user_id.c2ff477e6b"
[0m10:24:42.000285 [debug] [Thread-4 (]: Began executing node test.zomato.not_null_stg_users_user_id.980dfc1b77
[0m10:24:42.026044 [debug] [Thread-8 (]: Began executing node test.zomato.unique_stg_users_user_id.c2ff477e6b
[0m10:24:42.065157 [debug] [Thread-4 (]: Writing runtime sql for node "test.zomato.not_null_stg_users_user_id.980dfc1b77"
[0m10:24:42.082876 [debug] [Thread-8 (]: Writing runtime sql for node "test.zomato.unique_stg_users_user_id.c2ff477e6b"
[0m10:24:42.085760 [debug] [Thread-4 (]: Using snowflake connection "test.zomato.not_null_stg_users_user_id.980dfc1b77"
[0m10:24:42.087620 [debug] [Thread-4 (]: On test.zomato.not_null_stg_users_user_id.980dfc1b77: /* {"app": "dbt", "dbt_version": "1.12.0", "profile_name": "zomato", "target_name": "dev", "node_id": "test.zomato.not_null_stg_users_user_id.980dfc1b77"} */
select
      count(*) as failures,
      count(*) != 0 as should_warn,
      count(*) != 0 as should_error
    from (
      
    
  
    
    



select user_id
from ZOMATO.staging.stg_users
where user_id is null



  
  
      
    ) dbt_internal_test
[0m10:24:42.090093 [debug] [Thread-4 (]: Opening a new connection, currently in state closed
[0m10:24:42.092522 [debug] [Thread-8 (]: Using snowflake connection "test.zomato.unique_stg_users_user_id.c2ff477e6b"
[0m10:24:42.103041 [debug] [Thread-6 (]: Sending event: {'category': 'dbt', 'action': 'run_model', 'label': '069375f8-6b1b-4c0a-a5ec-c8cc820eb696', 'context': [<snowplow_tracker.self_describing_json.SelfDescribingJson object at 0x7f5c826ec530>]}
[0m10:24:42.105062 [debug] [Thread-8 (]: On test.zomato.unique_stg_users_user_id.c2ff477e6b: /* {"app": "dbt", "dbt_version": "1.12.0", "profile_name": "zomato", "target_name": "dev", "node_id": "test.zomato.unique_stg_users_user_id.c2ff477e6b"} */
select
      count(*) as failures,
      count(*) != 0 as should_warn,
      count(*) != 0 as should_error
    from (
      
    
  
    
    

select
    user_id as unique_field,
    count(*) as n_records

from ZOMATO.staging.stg_users
where user_id is not null
group by user_id
having count(*) > 1



  
  
      
    ) dbt_internal_test
[0m10:24:42.122821 [info ] [Thread-6 (]: 6 of 32 OK created sql view model staging.stg_restaurants ...................... [[32mSUCCESS 1[0m in 1.76s]
[0m10:24:42.127637 [debug] [Thread-1 (]: SQL status: SUCCESS 1 in 1.546 seconds
[0m10:24:42.137793 [debug] [Thread-8 (]: Opening a new connection, currently in state closed
[0m10:24:42.139635 [debug] [Thread-5 (]: Sending event: {'category': 'dbt', 'action': 'run_model', 'label': '069375f8-6b1b-4c0a-a5ec-c8cc820eb696', 'context': [<snowplow_tracker.self_describing_json.SelfDescribingJson object at 0x7f5c82d64200>]}
[0m10:24:42.141063 [debug] [Thread-6 (]: Finished running node model.zomato.stg_restaurants
[0m10:24:42.147344 [debug] [Thread-1 (]: On model.zomato.dim_date: Close
[0m10:24:42.205942 [debug] [Thread-3 (]: Sending event: {'category': 'dbt', 'action': 'run_model', 'label': '069375f8-6b1b-4c0a-a5ec-c8cc820eb696', 'context': [<snowplow_tracker.self_describing_json.SelfDescribingJson object at 0x7f5c4e534d70>]}
[0m10:24:42.188416 [info ] [Thread-5 (]: 5 of 32 OK created sql view model staging.stg_orders ........................... [[32mSUCCESS 1[0m in 1.80s]
[0m10:24:42.218693 [debug] [Thread-6 (]: Began running node test.zomato.not_null_stg_order_items_order_item_id.26a7e2bc35
[0m10:24:42.253567 [info ] [Thread-3 (]: 3 of 32 OK created sql view model staging.stg_menu ............................. [[32mSUCCESS 1[0m in 1.87s]
[0m10:24:42.261825 [debug] [Thread-5 (]: Finished running node model.zomato.stg_orders
[0m10:24:42.266433 [info ] [Thread-6 (]: 11 of 32 START test not_null_stg_order_items_order_item_id ..................... [RUN]
[0m10:24:42.268756 [debug] [Thread-7 (]: Sending event: {'category': 'dbt', 'action': 'run_model', 'label': '069375f8-6b1b-4c0a-a5ec-c8cc820eb696', 'context': [<snowplow_tracker.self_describing_json.SelfDescribingJson object at 0x7f5c854d3080>]}
[0m10:24:42.270152 [debug] [Thread-3 (]: Finished running node model.zomato.stg_menu
[0m10:24:42.272144 [debug] [Thread-2 (]: Sending event: {'category': 'dbt', 'action': 'run_model', 'label': '069375f8-6b1b-4c0a-a5ec-c8cc820eb696', 'context': [<snowplow_tracker.self_describing_json.SelfDescribingJson object at 0x7f5c82cfbe90>]}
[0m10:24:42.275594 [debug] [Thread-5 (]: Began running node test.zomato.unique_stg_order_items_order_item_id.90e333a108
[0m10:24:42.277443 [debug] [Thread-6 (]: Re-using an available connection from the pool (formerly model.zomato.stg_restaurants, now test.zomato.not_null_stg_order_items_order_item_id.26a7e2bc35)
[0m10:24:42.279268 [info ] [Thread-7 (]: 7 of 32 OK created sql view model staging.stg_reviews .......................... [[32mSUCCESS 1[0m in 1.93s]
[0m10:24:42.280661 [debug] [Thread-3 (]: Began running node test.zomato.not_null_stg_restaurants_id.732688e26a
[0m10:24:42.282390 [info ] [Thread-2 (]: 2 of 32 OK created sql view model staging.stg_food ............................. [[32mSUCCESS 1[0m in 1.94s]
[0m10:24:42.283627 [info ] [Thread-5 (]: 12 of 32 START test unique_stg_order_items_order_item_id ....................... [RUN]
[0m10:24:42.285231 [debug] [Thread-6 (]: Began compiling node test.zomato.not_null_stg_order_items_order_item_id.26a7e2bc35
[0m10:24:42.287188 [debug] [Thread-7 (]: Finished running node model.zomato.stg_reviews
[0m10:24:42.288413 [info ] [Thread-3 (]: 13 of 32 START test not_null_stg_restaurants_id ................................ [RUN]
[0m10:24:42.290399 [debug] [Thread-2 (]: Finished running node model.zomato.stg_food
[0m10:24:42.291514 [debug] [Thread-5 (]: Re-using an available connection from the pool (formerly model.zomato.stg_orders, now test.zomato.unique_stg_order_items_order_item_id.90e333a108)
[0m10:24:42.304092 [debug] [Thread-7 (]: Began running node test.zomato.unique_stg_restaurants_id.43c737c387
[0m10:24:42.310766 [debug] [Thread-6 (]: Writing injected SQL for node "test.zomato.not_null_stg_order_items_order_item_id.26a7e2bc35"
[0m10:24:42.312431 [debug] [Thread-3 (]: Re-using an available connection from the pool (formerly model.zomato.stg_menu, now test.zomato.not_null_stg_restaurants_id.732688e26a)
[0m10:24:42.314344 [debug] [Thread-2 (]: Began running node test.zomato.not_null_stg_orders_order_id.81cfe2fe64
[0m10:24:42.315980 [debug] [Thread-5 (]: Began compiling node test.zomato.unique_stg_order_items_order_item_id.90e333a108
[0m10:24:42.318082 [info ] [Thread-7 (]: 14 of 32 START test unique_stg_restaurants_id .................................. [RUN]
[0m10:24:42.320580 [debug] [Thread-3 (]: Began compiling node test.zomato.not_null_stg_restaurants_id.732688e26a
[0m10:24:42.322460 [info ] [Thread-2 (]: 15 of 32 START test not_null_stg_orders_order_id ............................... [RUN]
[0m10:24:42.336283 [debug] [Thread-7 (]: Re-using an available connection from the pool (formerly model.zomato.stg_reviews, now test.zomato.unique_stg_restaurants_id.43c737c387)
[0m10:24:42.337812 [debug] [Thread-6 (]: Began executing node test.zomato.not_null_stg_order_items_order_item_id.26a7e2bc35
[0m10:24:42.344859 [debug] [Thread-5 (]: Writing injected SQL for node "test.zomato.unique_stg_order_items_order_item_id.90e333a108"
[0m10:24:42.363395 [debug] [Thread-2 (]: Re-using an available connection from the pool (formerly model.zomato.stg_food, now test.zomato.not_null_stg_orders_order_id.81cfe2fe64)
[0m10:24:42.369118 [debug] [Thread-3 (]: Writing injected SQL for node "test.zomato.not_null_stg_restaurants_id.732688e26a"
[0m10:24:42.371698 [debug] [Thread-7 (]: Began compiling node test.zomato.unique_stg_restaurants_id.43c737c387
[0m10:24:42.378024 [debug] [Thread-6 (]: Writing runtime sql for node "test.zomato.not_null_stg_order_items_order_item_id.26a7e2bc35"
[0m10:24:42.380767 [debug] [Thread-2 (]: Began compiling node test.zomato.not_null_stg_orders_order_id.81cfe2fe64
[0m10:24:42.408283 [debug] [Thread-7 (]: Writing injected SQL for node "test.zomato.unique_stg_restaurants_id.43c737c387"
[0m10:24:42.415661 [debug] [Thread-5 (]: Began executing node test.zomato.unique_stg_order_items_order_item_id.90e333a108
[0m10:24:42.429812 [debug] [Thread-3 (]: Began executing node test.zomato.not_null_stg_restaurants_id.732688e26a
[0m10:24:42.451071 [debug] [Thread-2 (]: Writing injected SQL for node "test.zomato.not_null_stg_orders_order_id.81cfe2fe64"
[0m10:24:42.455559 [debug] [Thread-6 (]: Using snowflake connection "test.zomato.not_null_stg_order_items_order_item_id.26a7e2bc35"
[0m10:24:42.460452 [debug] [Thread-5 (]: Writing runtime sql for node "test.zomato.unique_stg_order_items_order_item_id.90e333a108"
[0m10:24:42.467387 [debug] [Thread-3 (]: Writing runtime sql for node "test.zomato.not_null_stg_restaurants_id.732688e26a"
[0m10:24:42.469234 [debug] [Thread-7 (]: Began executing node test.zomato.unique_stg_restaurants_id.43c737c387
[0m10:24:42.470324 [debug] [Thread-6 (]: On test.zomato.not_null_stg_order_items_order_item_id.26a7e2bc35: /* {"app": "dbt", "dbt_version": "1.12.0", "profile_name": "zomato", "target_name": "dev", "node_id": "test.zomato.not_null_stg_order_items_order_item_id.26a7e2bc35"} */
select
      count(*) as failures,
      count(*) != 0 as should_warn,
      count(*) != 0 as should_error
    from (
      
    
  
    
    



select order_item_id
from ZOMATO.staging.stg_order_items
where order_item_id is null



  
  
      
    ) dbt_internal_test
[0m10:24:42.474216 [debug] [Thread-2 (]: Began executing node test.zomato.not_null_stg_orders_order_id.81cfe2fe64
[0m10:24:42.477565 [debug] [Thread-7 (]: Writing runtime sql for node "test.zomato.unique_stg_restaurants_id.43c737c387"
[0m10:24:42.479481 [debug] [Thread-6 (]: Opening a new connection, currently in state closed
[0m10:24:42.482139 [debug] [Thread-5 (]: Using snowflake connection "test.zomato.unique_stg_order_items_order_item_id.90e333a108"
[0m10:24:42.489404 [debug] [Thread-2 (]: Writing runtime sql for node "test.zomato.not_null_stg_orders_order_id.81cfe2fe64"
[0m10:24:42.493302 [debug] [Thread-3 (]: Using snowflake connection "test.zomato.not_null_stg_restaurants_id.732688e26a"
[0m10:24:42.513579 [debug] [Thread-5 (]: On test.zomato.unique_stg_order_items_order_item_id.90e333a108: /* {"app": "dbt", "dbt_version": "1.12.0", "profile_name": "zomato", "target_name": "dev", "node_id": "test.zomato.unique_stg_order_items_order_item_id.90e333a108"} */
select
      count(*) as failures,
      count(*) != 0 as should_warn,
      count(*) != 0 as should_error
    from (
      
    
  
    
    

select
    order_item_id as unique_field,
    count(*) as n_records

from ZOMATO.staging.stg_order_items
where order_item_id is not null
group by order_item_id
having count(*) > 1



  
  
      
    ) dbt_internal_test
[0m10:24:42.517136 [debug] [Thread-7 (]: Using snowflake connection "test.zomato.unique_stg_restaurants_id.43c737c387"
[0m10:24:42.529206 [debug] [Thread-3 (]: On test.zomato.not_null_stg_restaurants_id.732688e26a: /* {"app": "dbt", "dbt_version": "1.12.0", "profile_name": "zomato", "target_name": "dev", "node_id": "test.zomato.not_null_stg_restaurants_id.732688e26a"} */
select
      count(*) as failures,
      count(*) != 0 as should_warn,
      count(*) != 0 as should_error
    from (
      
    
  
    
    



select id
from ZOMATO.staging.stg_restaurants
where id is null



  
  
      
    ) dbt_internal_test
[0m10:24:42.538293 [debug] [Thread-2 (]: Using snowflake connection "test.zomato.not_null_stg_orders_order_id.81cfe2fe64"
[0m10:24:42.547672 [debug] [Thread-5 (]: Opening a new connection, currently in state closed
[0m10:24:42.563469 [debug] [Thread-1 (]: Sending event: {'category': 'dbt', 'action': 'run_model', 'label': '069375f8-6b1b-4c0a-a5ec-c8cc820eb696', 'context': [<snowplow_tracker.self_describing_json.SelfDescribingJson object at 0x7f5c82d32090>]}
[0m10:24:42.567724 [debug] [Thread-7 (]: On test.zomato.unique_stg_restaurants_id.43c737c387: /* {"app": "dbt", "dbt_version": "1.12.0", "profile_name": "zomato", "target_name": "dev", "node_id": "test.zomato.unique_stg_restaurants_id.43c737c387"} */
select
      count(*) as failures,
      count(*) != 0 as should_warn,
      count(*) != 0 as should_error
    from (
      
    
  
    
    

select
    id as unique_field,
    count(*) as n_records

from ZOMATO.staging.stg_restaurants
where id is not null
group by id
having count(*) > 1



  
  
      
    ) dbt_internal_test
[0m10:24:42.580334 [debug] [Thread-3 (]: Opening a new connection, currently in state closed
[0m10:24:42.589451 [debug] [Thread-2 (]: On test.zomato.not_null_stg_orders_order_id.81cfe2fe64: /* {"app": "dbt", "dbt_version": "1.12.0", "profile_name": "zomato", "target_name": "dev", "node_id": "test.zomato.not_null_stg_orders_order_id.81cfe2fe64"} */
select
      count(*) as failures,
      count(*) != 0 as should_warn,
      count(*) != 0 as should_error
    from (
      
    
  
    
    



select order_id
from ZOMATO.staging.stg_orders
where order_id is null



  
  
      
    ) dbt_internal_test
[0m10:24:42.595339 [info ] [Thread-1 (]: 1 of 32 OK created sql table model marts.dim_date .............................. [[32mSUCCESS 1[0m in 2.24s]
[0m10:24:42.604237 [debug] [Thread-7 (]: Opening a new connection, currently in state closed
[0m10:24:42.654392 [debug] [Thread-2 (]: Opening a new connection, currently in state closed
[0m10:24:42.673217 [debug] [Thread-1 (]: Finished running node model.zomato.dim_date
[0m10:24:42.732230 [debug] [Thread-1 (]: Began running node test.zomato.not_null_stg_orders_r_id.902d9e6a31
[0m10:24:42.747587 [info ] [Thread-1 (]: 16 of 32 START test not_null_stg_orders_r_id ................................... [RUN]
[0m10:24:42.779089 [debug] [Thread-1 (]: Re-using an available connection from the pool (formerly model.zomato.dim_date, now test.zomato.not_null_stg_orders_r_id.902d9e6a31)
[0m10:24:42.782833 [debug] [Thread-1 (]: Began compiling node test.zomato.not_null_stg_orders_r_id.902d9e6a31
[0m10:24:42.831872 [debug] [Thread-1 (]: Writing injected SQL for node "test.zomato.not_null_stg_orders_r_id.902d9e6a31"
[0m10:24:42.889333 [debug] [Thread-1 (]: Began executing node test.zomato.not_null_stg_orders_r_id.902d9e6a31
[0m10:24:42.898414 [debug] [Thread-1 (]: Writing runtime sql for node "test.zomato.not_null_stg_orders_r_id.902d9e6a31"
[0m10:24:42.911334 [debug] [Thread-1 (]: Using snowflake connection "test.zomato.not_null_stg_orders_r_id.902d9e6a31"
[0m10:24:42.921187 [debug] [Thread-1 (]: On test.zomato.not_null_stg_orders_r_id.902d9e6a31: /* {"app": "dbt", "dbt_version": "1.12.0", "profile_name": "zomato", "target_name": "dev", "node_id": "test.zomato.not_null_stg_orders_r_id.902d9e6a31"} */
select
      count(*) as failures,
      count(*) != 0 as should_warn,
      count(*) != 0 as should_error
    from (
      
    
  
    
    



select r_id
from ZOMATO.staging.stg_orders
where r_id is null



  
  
      
    ) dbt_internal_test
[0m10:24:42.939303 [debug] [Thread-1 (]: Opening a new connection, currently in state closed
[0m10:24:43.123361 [debug] [Thread-4 (]: SQL status: SUCCESS 1 in 1.033 seconds
[0m10:24:43.132058 [debug] [Thread-4 (]: On test.zomato.not_null_stg_users_user_id.980dfc1b77: Close
[0m10:24:43.345955 [debug] [Thread-8 (]: SQL status: SUCCESS 1 in 1.208 seconds
[0m10:24:43.352165 [debug] [Thread-8 (]: On test.zomato.unique_stg_users_user_id.c2ff477e6b: Close
[0m10:24:43.451836 [info ] [Thread-4 (]: 9 of 32 PASS not_null_stg_users_user_id ........................................ [[32mPASS[0m in 1.51s]
[0m10:24:43.454405 [debug] [Thread-4 (]: Finished running node test.zomato.not_null_stg_users_user_id.980dfc1b77
[0m10:24:43.476399 [debug] [Thread-4 (]: Began running node test.zomato.not_null_stg_orders_user_id.7d129d0209
[0m10:24:43.482782 [info ] [Thread-4 (]: 17 of 32 START test not_null_stg_orders_user_id ................................ [RUN]
[0m10:24:43.491291 [debug] [Thread-4 (]: Re-using an available connection from the pool (formerly test.zomato.not_null_stg_users_user_id.980dfc1b77, now test.zomato.not_null_stg_orders_user_id.7d129d0209)
[0m10:24:43.495149 [debug] [Thread-4 (]: Began compiling node test.zomato.not_null_stg_orders_user_id.7d129d0209
[0m10:24:43.536541 [debug] [Thread-4 (]: Writing injected SQL for node "test.zomato.not_null_stg_orders_user_id.7d129d0209"
[0m10:24:43.540511 [debug] [Thread-6 (]: SQL status: SUCCESS 1 in 1.061 seconds
[0m10:24:43.544074 [debug] [Thread-6 (]: On test.zomato.not_null_stg_order_items_order_item_id.26a7e2bc35: Close
[0m10:24:43.550114 [debug] [Thread-4 (]: Began executing node test.zomato.not_null_stg_orders_user_id.7d129d0209
[0m10:24:43.555140 [debug] [Thread-4 (]: Writing runtime sql for node "test.zomato.not_null_stg_orders_user_id.7d129d0209"
[0m10:24:43.560587 [debug] [Thread-4 (]: Using snowflake connection "test.zomato.not_null_stg_orders_user_id.7d129d0209"
[0m10:24:43.562323 [debug] [Thread-4 (]: On test.zomato.not_null_stg_orders_user_id.7d129d0209: /* {"app": "dbt", "dbt_version": "1.12.0", "profile_name": "zomato", "target_name": "dev", "node_id": "test.zomato.not_null_stg_orders_user_id.7d129d0209"} */
select
      count(*) as failures,
      count(*) != 0 as should_warn,
      count(*) != 0 as should_error
    from (
      
    
  
    
    



select user_id
from ZOMATO.staging.stg_orders
where user_id is null



  
  
      
    ) dbt_internal_test
[0m10:24:43.563552 [debug] [Thread-4 (]: Opening a new connection, currently in state closed
[0m10:24:43.635004 [info ] [Thread-8 (]: 10 of 32 PASS unique_stg_users_user_id ......................................... [[32mPASS[0m in 1.69s]
[0m10:24:43.637365 [debug] [Thread-8 (]: Finished running node test.zomato.unique_stg_users_user_id.c2ff477e6b
[0m10:24:43.639999 [debug] [Thread-8 (]: Began running node test.zomato.unique_stg_orders_order_id.e3b841c71a
[0m10:24:43.646229 [info ] [Thread-8 (]: 18 of 32 START test unique_stg_orders_order_id ................................. [RUN]
[0m10:24:43.653144 [debug] [Thread-8 (]: Re-using an available connection from the pool (formerly test.zomato.unique_stg_users_user_id.c2ff477e6b, now test.zomato.unique_stg_orders_order_id.e3b841c71a)
[0m10:24:43.655849 [debug] [Thread-8 (]: Began compiling node test.zomato.unique_stg_orders_order_id.e3b841c71a
[0m10:24:43.671252 [debug] [Thread-8 (]: Writing injected SQL for node "test.zomato.unique_stg_orders_order_id.e3b841c71a"
[0m10:24:43.675243 [debug] [Thread-8 (]: Began executing node test.zomato.unique_stg_orders_order_id.e3b841c71a
[0m10:24:43.678715 [debug] [Thread-8 (]: Writing runtime sql for node "test.zomato.unique_stg_orders_order_id.e3b841c71a"
[0m10:24:43.682109 [debug] [Thread-8 (]: Using snowflake connection "test.zomato.unique_stg_orders_order_id.e3b841c71a"
[0m10:24:43.683124 [debug] [Thread-8 (]: On test.zomato.unique_stg_orders_order_id.e3b841c71a: /* {"app": "dbt", "dbt_version": "1.12.0", "profile_name": "zomato", "target_name": "dev", "node_id": "test.zomato.unique_stg_orders_order_id.e3b841c71a"} */
select
      count(*) as failures,
      count(*) != 0 as should_warn,
      count(*) != 0 as should_error
    from (
      
    
  
    
    

select
    order_id as unique_field,
    count(*) as n_records

from ZOMATO.staging.stg_orders
where order_id is not null
group by order_id
having count(*) > 1



  
  
      
    ) dbt_internal_test
[0m10:24:43.684081 [debug] [Thread-8 (]: Opening a new connection, currently in state closed
[0m10:24:43.714862 [debug] [Thread-2 (]: SQL status: SUCCESS 1 in 1.060 seconds
[0m10:24:43.720889 [debug] [Thread-2 (]: On test.zomato.not_null_stg_orders_order_id.81cfe2fe64: Close
[0m10:24:43.773360 [info ] [Thread-6 (]: 11 of 32 PASS not_null_stg_order_items_order_item_id ........................... [[32mPASS[0m in 1.50s]
[0m10:24:43.777371 [debug] [Thread-6 (]: Finished running node test.zomato.not_null_stg_order_items_order_item_id.26a7e2bc35
[0m10:24:43.778602 [debug] [Thread-6 (]: Began running node test.zomato.not_null_stg_reviews_review_id.943b8fc3e4
[0m10:24:43.779810 [info ] [Thread-6 (]: 19 of 32 START test not_null_stg_reviews_review_id ............................. [RUN]
[0m10:24:43.781221 [debug] [Thread-6 (]: Re-using an available connection from the pool (formerly test.zomato.not_null_stg_order_items_order_item_id.26a7e2bc35, now test.zomato.not_null_stg_reviews_review_id.943b8fc3e4)
[0m10:24:43.782132 [debug] [Thread-6 (]: Began compiling node test.zomato.not_null_stg_reviews_review_id.943b8fc3e4
[0m10:24:43.794384 [debug] [Thread-6 (]: Writing injected SQL for node "test.zomato.not_null_stg_reviews_review_id.943b8fc3e4"
[0m10:24:43.798061 [debug] [Thread-6 (]: Began executing node test.zomato.not_null_stg_reviews_review_id.943b8fc3e4
[0m10:24:43.801249 [debug] [Thread-6 (]: Writing runtime sql for node "test.zomato.not_null_stg_reviews_review_id.943b8fc3e4"
[0m10:24:43.804809 [debug] [Thread-6 (]: Using snowflake connection "test.zomato.not_null_stg_reviews_review_id.943b8fc3e4"
[0m10:24:43.806086 [debug] [Thread-6 (]: On test.zomato.not_null_stg_reviews_review_id.943b8fc3e4: /* {"app": "dbt", "dbt_version": "1.12.0", "profile_name": "zomato", "target_name": "dev", "node_id": "test.zomato.not_null_stg_reviews_review_id.943b8fc3e4"} */
select
      count(*) as failures,
      count(*) != 0 as should_warn,
      count(*) != 0 as should_error
    from (
      
    
  
    
    



select review_id
from ZOMATO.staging.stg_reviews
where review_id is null



  
  
      
    ) dbt_internal_test
[0m10:24:43.807140 [debug] [Thread-6 (]: Opening a new connection, currently in state closed
[0m10:24:43.823408 [debug] [Thread-1 (]: SQL status: SUCCESS 1 in 0.898 seconds
[0m10:24:43.834191 [debug] [Thread-1 (]: On test.zomato.not_null_stg_orders_r_id.902d9e6a31: Close
[0m10:24:43.972514 [debug] [Thread-3 (]: SQL status: SUCCESS 1 in 1.392 seconds
[0m10:24:43.978225 [debug] [Thread-3 (]: On test.zomato.not_null_stg_restaurants_id.732688e26a: Close
[0m10:24:43.980309 [info ] [Thread-2 (]: 15 of 32 PASS not_null_stg_orders_order_id ..................................... [[32mPASS[0m in 1.62s]
[0m10:24:43.985595 [debug] [Thread-2 (]: Finished running node test.zomato.not_null_stg_orders_order_id.81cfe2fe64
[0m10:24:43.987096 [debug] [Thread-2 (]: Began running node test.zomato.unique_stg_reviews_review_id.9b6c259f3c
[0m10:24:43.990482 [debug] [Thread-7 (]: SQL status: SUCCESS 1 in 1.386 seconds
[0m10:24:43.989211 [info ] [Thread-2 (]: 20 of 32 START test unique_stg_reviews_review_id ............................... [RUN]
[0m10:24:43.994021 [debug] [Thread-7 (]: On test.zomato.unique_stg_restaurants_id.43c737c387: Close
[0m10:24:43.997806 [debug] [Thread-2 (]: Re-using an available connection from the pool (formerly test.zomato.not_null_stg_orders_order_id.81cfe2fe64, now test.zomato.unique_stg_reviews_review_id.9b6c259f3c)
[0m10:24:44.016704 [debug] [Thread-2 (]: Began compiling node test.zomato.unique_stg_reviews_review_id.9b6c259f3c
[0m10:24:44.028311 [debug] [Thread-2 (]: Writing injected SQL for node "test.zomato.unique_stg_reviews_review_id.9b6c259f3c"
[0m10:24:44.031123 [debug] [Thread-2 (]: Began executing node test.zomato.unique_stg_reviews_review_id.9b6c259f3c
[0m10:24:44.034576 [debug] [Thread-2 (]: Writing runtime sql for node "test.zomato.unique_stg_reviews_review_id.9b6c259f3c"
[0m10:24:44.038091 [debug] [Thread-2 (]: Using snowflake connection "test.zomato.unique_stg_reviews_review_id.9b6c259f3c"
[0m10:24:44.039157 [debug] [Thread-2 (]: On test.zomato.unique_stg_reviews_review_id.9b6c259f3c: /* {"app": "dbt", "dbt_version": "1.12.0", "profile_name": "zomato", "target_name": "dev", "node_id": "test.zomato.unique_stg_reviews_review_id.9b6c259f3c"} */
select
      count(*) as failures,
      count(*) != 0 as should_warn,
      count(*) != 0 as should_error
    from (
      
    
  
    
    

select
    review_id as unique_field,
    count(*) as n_records

from ZOMATO.staging.stg_reviews
where review_id is not null
group by review_id
having count(*) > 1



  
  
      
    ) dbt_internal_test
[0m10:24:44.040214 [debug] [Thread-2 (]: Opening a new connection, currently in state closed
[0m10:24:44.107740 [debug] [Thread-5 (]: SQL status: SUCCESS 1 in 1.560 seconds
[0m10:24:44.112334 [debug] [Thread-5 (]: On test.zomato.unique_stg_order_items_order_item_id.90e333a108: Close
[0m10:24:44.122442 [info ] [Thread-1 (]: 16 of 32 PASS not_null_stg_orders_r_id ......................................... [[32mPASS[0m in 1.34s]
[0m10:24:44.136893 [debug] [Thread-1 (]: Finished running node test.zomato.not_null_stg_orders_r_id.902d9e6a31
[0m10:24:44.144400 [debug] [Thread-1 (]: Began running node model.zomato.dim_food
[0m10:24:44.147301 [info ] [Thread-1 (]: 21 of 32 START sql table model marts.dim_food .................................. [RUN]
[0m10:24:44.151132 [debug] [Thread-1 (]: Re-using an available connection from the pool (formerly test.zomato.not_null_stg_orders_r_id.902d9e6a31, now model.zomato.dim_food)
[0m10:24:44.153230 [debug] [Thread-1 (]: Began compiling node model.zomato.dim_food
[0m10:24:44.159173 [debug] [Thread-1 (]: Writing injected SQL for node "model.zomato.dim_food"
[0m10:24:44.163578 [debug] [Thread-1 (]: Began executing node model.zomato.dim_food
[0m10:24:44.171821 [debug] [Thread-1 (]: Writing runtime sql for node "model.zomato.dim_food"
[0m10:24:44.182571 [debug] [Thread-1 (]: Using snowflake connection "model.zomato.dim_food"
[0m10:24:44.187777 [debug] [Thread-1 (]: On model.zomato.dim_food: /* {"app": "dbt", "dbt_version": "1.12.0", "profile_name": "zomato", "target_name": "dev", "node_id": "model.zomato.dim_food"} */
create or replace transient table ZOMATO.marts.dim_food
         as
        (select
    f_id,
    item as food_name,
    veg_or_non_veg
from ZOMATO.staging.stg_food
        );
[0m10:24:44.195727 [debug] [Thread-1 (]: Opening a new connection, currently in state closed
[0m10:24:44.244541 [info ] [Thread-7 (]: 14 of 32 PASS unique_stg_restaurants_id ........................................ [[32mPASS[0m in 1.91s]
[0m10:24:44.265913 [debug] [Thread-7 (]: Finished running node test.zomato.unique_stg_restaurants_id.43c737c387
[0m10:24:44.267449 [debug] [Thread-7 (]: Began running node model.zomato.dim_customer
[0m10:24:44.279243 [info ] [Thread-7 (]: 22 of 32 START sql table model marts.dim_customer .............................. [RUN]
[0m10:24:44.285651 [debug] [Thread-7 (]: Re-using an available connection from the pool (formerly test.zomato.unique_stg_restaurants_id.43c737c387, now model.zomato.dim_customer)
[0m10:24:44.292170 [debug] [Thread-7 (]: Began compiling node model.zomato.dim_customer
[0m10:24:44.304151 [debug] [Thread-7 (]: Writing injected SQL for node "model.zomato.dim_customer"
[0m10:24:44.309056 [info ] [Thread-3 (]: 13 of 32 PASS not_null_stg_restaurants_id ...................................... [[32mPASS[0m in 2.00s]
[0m10:24:44.310814 [debug] [Thread-3 (]: Finished running node test.zomato.not_null_stg_restaurants_id.732688e26a
[0m10:24:44.313638 [debug] [Thread-7 (]: Began executing node model.zomato.dim_customer
[0m10:24:44.314913 [debug] [Thread-3 (]: Began running node model.zomato.dim_restaurants
[0m10:24:44.320268 [debug] [Thread-7 (]: Writing runtime sql for node "model.zomato.dim_customer"
[0m10:24:44.410016 [info ] [Thread-3 (]: 23 of 32 START sql table model marts.dim_restaurants ........................... [RUN]
[0m10:24:44.424756 [debug] [Thread-4 (]: SQL status: SUCCESS 1 in 0.855 seconds
[0m10:24:44.431272 [debug] [Thread-3 (]: Re-using an available connection from the pool (formerly test.zomato.not_null_stg_restaurants_id.732688e26a, now model.zomato.dim_restaurants)
[0m10:24:44.437545 [debug] [Thread-4 (]: On test.zomato.not_null_stg_orders_user_id.7d129d0209: Close
[0m10:24:44.440941 [info ] [Thread-5 (]: 12 of 32 PASS unique_stg_order_items_order_item_id ............................. [[32mPASS[0m in 2.15s]
[0m10:24:44.443440 [debug] [Thread-3 (]: Began compiling node model.zomato.dim_restaurants
[0m10:24:44.446299 [debug] [Thread-7 (]: Using snowflake connection "model.zomato.dim_customer"
[0m10:24:44.452390 [debug] [Thread-5 (]: Finished running node test.zomato.unique_stg_order_items_order_item_id.90e333a108
[0m10:24:44.458178 [debug] [Thread-3 (]: Writing injected SQL for node "model.zomato.dim_restaurants"
[0m10:24:44.459707 [debug] [Thread-7 (]: On model.zomato.dim_customer: /* {"app": "dbt", "dbt_version": "1.12.0", "profile_name": "zomato", "target_name": "dev", "node_id": "model.zomato.dim_customer"} */
create or replace transient table ZOMATO.marts.dim_customer
         as
        (select
    user_id as customer_id,
    name as customer_name,
    email,
    age,
    CASE WHEN age < 25 then 'Gen Z'
         WHEN age < 40 then 'Millennial'
         WHEN age < 55 then 'Gen X'
         WHEN age is null then 'Unknown'
         ELSE 'Boomer' END as age_segment,
    gender,
    marital_status,
    occupation,
    monthly_income,
    education,
    family_size
from ZOMATO.staging.stg_users
        );
[0m10:24:44.462521 [debug] [Thread-7 (]: Opening a new connection, currently in state closed
[0m10:24:44.482700 [debug] [Thread-3 (]: Began executing node model.zomato.dim_restaurants
[0m10:24:44.490364 [debug] [Thread-3 (]: Writing runtime sql for node "model.zomato.dim_restaurants"
[0m10:24:44.524010 [debug] [Thread-3 (]: Using snowflake connection "model.zomato.dim_restaurants"
[0m10:24:44.525715 [debug] [Thread-3 (]: On model.zomato.dim_restaurants: /* {"app": "dbt", "dbt_version": "1.12.0", "profile_name": "zomato", "target_name": "dev", "node_id": "model.zomato.dim_restaurants"} */
create or replace transient table ZOMATO.marts.dim_restaurants
         as
        (select
    id as restaurant_id,
    name as restaurant_name,
    city,
    cuisine,
    rating,
    rating_count,
    cost as cost_for_two
from ZOMATO.staging.stg_restaurants
        );
[0m10:24:44.528527 [debug] [Thread-3 (]: Opening a new connection, currently in state closed
[0m10:24:44.758258 [debug] [Thread-6 (]: SQL status: SUCCESS 1 in 0.951 seconds
[0m10:24:44.776933 [debug] [Thread-8 (]: SQL status: SUCCESS 1 in 1.092 seconds
[0m10:24:44.788297 [info ] [Thread-4 (]: 17 of 32 PASS not_null_stg_orders_user_id ...................................... [[32mPASS[0m in 1.30s]
[0m10:24:44.804204 [debug] [Thread-6 (]: On test.zomato.not_null_stg_reviews_review_id.943b8fc3e4: Close
[0m10:24:44.814422 [debug] [Thread-8 (]: On test.zomato.unique_stg_orders_order_id.e3b841c71a: Close
[0m10:24:44.817299 [debug] [Thread-4 (]: Finished running node test.zomato.not_null_stg_orders_user_id.7d129d0209
[0m10:24:45.132856 [debug] [Thread-2 (]: SQL status: SUCCESS 1 in 1.093 seconds
[0m10:24:45.136712 [debug] [Thread-2 (]: On test.zomato.unique_stg_reviews_review_id.9b6c259f3c: Close
[0m10:24:45.138034 [info ] [Thread-6 (]: 19 of 32 PASS not_null_stg_reviews_review_id ................................... [[32mPASS[0m in 1.36s]
[0m10:24:45.141269 [debug] [Thread-6 (]: Finished running node test.zomato.not_null_stg_reviews_review_id.943b8fc3e4
[0m10:24:45.142437 [info ] [Thread-8 (]: 18 of 32 PASS unique_stg_orders_order_id ....................................... [[32mPASS[0m in 1.49s]
[0m10:24:45.145251 [debug] [Thread-8 (]: Finished running node test.zomato.unique_stg_orders_order_id.e3b841c71a
[0m10:24:45.146271 [debug] [Thread-5 (]: Began running node model.zomato.fact_order_items
[0m10:24:45.146932 [debug] [Thread-4 (]: Began running node model.zomato.fct_orders
[0m10:24:45.147763 [info ] [Thread-5 (]: 24 of 32 START sql incremental model marts.fact_order_items .................... [RUN]
[0m10:24:45.148793 [info ] [Thread-4 (]: 25 of 32 START sql incremental model marts.fct_orders .......................... [RUN]
[0m10:24:45.149644 [debug] [Thread-5 (]: Re-using an available connection from the pool (formerly test.zomato.unique_stg_order_items_order_item_id.90e333a108, now model.zomato.fact_order_items)
[0m10:24:45.150533 [debug] [Thread-4 (]: Re-using an available connection from the pool (formerly test.zomato.not_null_stg_orders_user_id.7d129d0209, now model.zomato.fct_orders)
[0m10:24:45.151506 [debug] [Thread-5 (]: Began compiling node model.zomato.fact_order_items
[0m10:24:45.152371 [debug] [Thread-4 (]: Began compiling node model.zomato.fct_orders
[0m10:24:45.162935 [debug] [Thread-5 (]: Writing injected SQL for node "model.zomato.fact_order_items"
[0m10:24:45.168716 [debug] [Thread-4 (]: Writing injected SQL for node "model.zomato.fct_orders"
[0m10:24:45.173722 [debug] [Thread-5 (]: Began executing node model.zomato.fact_order_items
[0m10:24:45.175405 [debug] [Thread-4 (]: Began executing node model.zomato.fct_orders
[0m10:24:45.284165 [debug] [Thread-5 (]: Using snowflake connection "model.zomato.fact_order_items"
[0m10:24:45.288560 [debug] [Thread-4 (]: Using snowflake connection "model.zomato.fct_orders"
[0m10:24:45.290322 [debug] [Thread-5 (]: On model.zomato.fact_order_items: /* {"app": "dbt", "dbt_version": "1.12.0", "profile_name": "zomato", "target_name": "dev", "node_id": "model.zomato.fact_order_items"} */
create or replace  temporary view ZOMATO.marts.fact_order_items__dbt_tmp
  
   as (
    
select
    oi.order_item_id,
    oi.order_id,
    oi.r_id as restaurant_id,
    oi.f_id,
    o.order_timestamp as order_ts,
    o.order_date,
    o.restaurant_city as city,
    oi.price,
    oi.quantity,
    oi.line_amount
from ZOMATO.staging.stg_order_items oi
inner join ZOMATO.staging.stg_orders o using (order_id)

  where o.order_timestamp > (select coalesce(max(order_ts),'1900-01-01'::timestamp) from ZOMATO.marts.fact_order_items)

  );
[0m10:24:45.291528 [debug] [Thread-4 (]: On model.zomato.fct_orders: /* {"app": "dbt", "dbt_version": "1.12.0", "profile_name": "zomato", "target_name": "dev", "node_id": "model.zomato.fct_orders"} */
create or replace  temporary view ZOMATO.marts.fct_orders__dbt_tmp
  
   as (
    
select
    order_id,
    order_timestamp,
    order_date,
    user_id as customer_id,
    r_id as restaurant_id,
    restaurant_city as city,
    cuisine,
    payment_method,
    order_status,
    case when order_status = 'Delivered' then true else false end as is_delivered,
    items_count,
    sales_qty,
    subtotal,
    discount,
    delivery_fee,
    gst,
    sales_amount,
    customer_rating,
    delivery_time_min
from ZOMATO.staging.stg_orders

  where order_timestamp > (select coalesce(max(order_timestamp),'1900-01-01'::timestamp) from ZOMATO.marts.fct_orders)

  );
[0m10:24:45.292541 [debug] [Thread-5 (]: Opening a new connection, currently in state closed
[0m10:24:45.293400 [debug] [Thread-4 (]: Opening a new connection, currently in state closed
[0m10:24:45.410966 [info ] [Thread-2 (]: 20 of 32 PASS unique_stg_reviews_review_id ..................................... [[32mPASS[0m in 1.41s]
[0m10:24:45.412519 [debug] [Thread-2 (]: Finished running node test.zomato.unique_stg_reviews_review_id.9b6c259f3c
[0m10:24:46.067129 [debug] [Thread-7 (]: SQL status: SUCCESS 1 in 1.604 seconds
[0m10:24:46.070831 [debug] [Thread-7 (]: On model.zomato.dim_customer: Close
[0m10:24:46.097687 [debug] [Thread-4 (]: SQL status: SUCCESS 1 in 0.804 seconds
[0m10:24:46.110391 [debug] [Thread-4 (]: Using snowflake connection "model.zomato.fct_orders"
[0m10:24:46.111406 [debug] [Thread-4 (]: On model.zomato.fct_orders: /* {"app": "dbt", "dbt_version": "1.12.0", "profile_name": "zomato", "target_name": "dev", "node_id": "model.zomato.fct_orders"} */
describe table ZOMATO.marts.fct_orders__dbt_tmp
[0m10:24:46.115386 [debug] [Thread-5 (]: SQL status: SUCCESS 1 in 0.823 seconds
[0m10:24:46.118385 [debug] [Thread-5 (]: Using snowflake connection "model.zomato.fact_order_items"
[0m10:24:46.119327 [debug] [Thread-5 (]: On model.zomato.fact_order_items: /* {"app": "dbt", "dbt_version": "1.12.0", "profile_name": "zomato", "target_name": "dev", "node_id": "model.zomato.fact_order_items"} */
describe table ZOMATO.marts.fact_order_items__dbt_tmp
[0m10:24:46.146301 [debug] [Thread-3 (]: SQL status: SUCCESS 1 in 1.618 seconds
[0m10:24:46.149714 [debug] [Thread-3 (]: On model.zomato.dim_restaurants: Close
[0m10:24:46.237797 [debug] [Thread-4 (]: SQL status: SUCCESS 19 in 0.126 seconds
[0m10:24:46.244277 [debug] [Thread-4 (]: Using snowflake connection "model.zomato.fct_orders"
[0m10:24:46.245208 [debug] [Thread-4 (]: On model.zomato.fct_orders: /* {"app": "dbt", "dbt_version": "1.12.0", "profile_name": "zomato", "target_name": "dev", "node_id": "model.zomato.fct_orders"} */
describe table ZOMATO.marts.fct_orders
[0m10:24:46.283182 [debug] [Thread-1 (]: SQL status: SUCCESS 1 in 2.088 seconds
[0m10:24:46.284613 [debug] [Thread-5 (]: SQL status: SUCCESS 10 in 0.164 seconds
[0m10:24:46.287752 [debug] [Thread-1 (]: On model.zomato.dim_food: Close
[0m10:24:46.292688 [debug] [Thread-5 (]: Using snowflake connection "model.zomato.fact_order_items"
[0m10:24:46.297141 [debug] [Thread-5 (]: On model.zomato.fact_order_items: /* {"app": "dbt", "dbt_version": "1.12.0", "profile_name": "zomato", "target_name": "dev", "node_id": "model.zomato.fact_order_items"} */
describe table ZOMATO.marts.fact_order_items
[0m10:24:46.370946 [debug] [Thread-4 (]: SQL status: SUCCESS 19 in 0.125 seconds
[0m10:24:46.374614 [debug] [Thread-7 (]: Sending event: {'category': 'dbt', 'action': 'run_model', 'label': '069375f8-6b1b-4c0a-a5ec-c8cc820eb696', 'context': [<snowplow_tracker.self_describing_json.SelfDescribingJson object at 0x7f5c4e48ba40>]}
[0m10:24:46.381695 [debug] [Thread-3 (]: Sending event: {'category': 'dbt', 'action': 'run_model', 'label': '069375f8-6b1b-4c0a-a5ec-c8cc820eb696', 'context': [<snowplow_tracker.self_describing_json.SelfDescribingJson object at 0x7f5c4e51d820>]}
[0m10:24:46.388633 [info ] [Thread-7 (]: 22 of 32 OK created sql table model marts.dim_customer ......................... [[32mSUCCESS 1[0m in 2.09s]
[0m10:24:46.405755 [info ] [Thread-3 (]: 23 of 32 OK created sql table model marts.dim_restaurants ...................... [[32mSUCCESS 1[0m in 1.95s]
[0m10:24:46.406691 [debug] [Thread-4 (]: Using snowflake connection "model.zomato.fct_orders"
[0m10:24:46.408411 [debug] [Thread-7 (]: Finished running node model.zomato.dim_customer
[0m10:24:46.409581 [debug] [Thread-3 (]: Finished running node model.zomato.dim_restaurants
[0m10:24:46.411201 [debug] [Thread-4 (]: On model.zomato.fct_orders: /* {"app": "dbt", "dbt_version": "1.12.0", "profile_name": "zomato", "target_name": "dev", "node_id": "model.zomato.fct_orders"} */
describe table ZOMATO.marts.fct_orders__dbt_tmp
[0m10:24:46.489853 [debug] [Thread-5 (]: SQL status: SUCCESS 10 in 0.192 seconds
[0m10:24:46.497250 [debug] [Thread-5 (]: Using snowflake connection "model.zomato.fact_order_items"
[0m10:24:46.498723 [debug] [Thread-5 (]: On model.zomato.fact_order_items: /* {"app": "dbt", "dbt_version": "1.12.0", "profile_name": "zomato", "target_name": "dev", "node_id": "model.zomato.fact_order_items"} */
describe table ZOMATO.marts.fact_order_items__dbt_tmp
[0m10:24:46.598403 [debug] [Thread-4 (]: SQL status: SUCCESS 19 in 0.185 seconds
[0m10:24:46.601344 [debug] [Thread-1 (]: Sending event: {'category': 'dbt', 'action': 'run_model', 'label': '069375f8-6b1b-4c0a-a5ec-c8cc820eb696', 'context': [<snowplow_tracker.self_describing_json.SelfDescribingJson object at 0x7f5c4e537650>]}
[0m10:24:46.613772 [info ] [Thread-1 (]: 21 of 32 OK created sql table model marts.dim_food ............................. [[32mSUCCESS 1[0m in 2.45s]
[0m10:24:46.620455 [debug] [Thread-1 (]: Finished running node model.zomato.dim_food
[0m10:24:46.624789 [debug] [Thread-4 (]: Using snowflake connection "model.zomato.fct_orders"
[0m10:24:46.626341 [debug] [Thread-4 (]: On model.zomato.fct_orders: /* {"app": "dbt", "dbt_version": "1.12.0", "profile_name": "zomato", "target_name": "dev", "node_id": "model.zomato.fct_orders"} */
describe table "ZOMATO"."MARTS"."FCT_ORDERS"
[0m10:24:46.718115 [debug] [Thread-5 (]: SQL status: SUCCESS 10 in 0.218 seconds
[0m10:24:46.728285 [debug] [Thread-5 (]: Using snowflake connection "model.zomato.fact_order_items"
[0m10:24:46.729185 [debug] [Thread-5 (]: On model.zomato.fact_order_items: /* {"app": "dbt", "dbt_version": "1.12.0", "profile_name": "zomato", "target_name": "dev", "node_id": "model.zomato.fact_order_items"} */
describe table "ZOMATO"."MARTS"."FACT_ORDER_ITEMS"
[0m10:24:46.734579 [debug] [Thread-4 (]: SQL status: SUCCESS 19 in 0.107 seconds
[0m10:24:46.765137 [debug] [Thread-4 (]: 
    In "ZOMATO"."MARTS"."FCT_ORDERS":
        Schema changed: False
        Source columns not in target: []
        Target columns not in source: []
        New column types: []
  
[0m10:24:46.830328 [debug] [Thread-4 (]: Writing runtime sql for node "model.zomato.fct_orders"
[0m10:24:46.835320 [debug] [Thread-4 (]: Using snowflake connection "model.zomato.fct_orders"
[0m10:24:46.836415 [debug] [Thread-4 (]: On model.zomato.fct_orders: /* {"app": "dbt", "dbt_version": "1.12.0", "profile_name": "zomato", "target_name": "dev", "node_id": "model.zomato.fct_orders"} */
-- back compat for old kwarg name
  
  begin;
[0m10:24:46.850516 [debug] [Thread-5 (]: SQL status: SUCCESS 10 in 0.120 seconds
[0m10:24:46.861489 [debug] [Thread-5 (]: 
    In "ZOMATO"."MARTS"."FACT_ORDER_ITEMS":
        Schema changed: False
        Source columns not in target: []
        Target columns not in source: []
        New column types: []
  
[0m10:24:46.865166 [debug] [Thread-5 (]: Writing runtime sql for node "model.zomato.fact_order_items"
[0m10:24:46.869396 [debug] [Thread-5 (]: Using snowflake connection "model.zomato.fact_order_items"
[0m10:24:46.870270 [debug] [Thread-5 (]: On model.zomato.fact_order_items: /* {"app": "dbt", "dbt_version": "1.12.0", "profile_name": "zomato", "target_name": "dev", "node_id": "model.zomato.fact_order_items"} */
-- back compat for old kwarg name
  
  begin;
[0m10:24:46.964495 [debug] [Thread-4 (]: SQL status: SUCCESS 1 in 0.127 seconds
[0m10:24:46.965771 [debug] [Thread-4 (]: Using snowflake connection "model.zomato.fct_orders"
[0m10:24:46.967280 [debug] [Thread-4 (]: On model.zomato.fct_orders: /* {"app": "dbt", "dbt_version": "1.12.0", "profile_name": "zomato", "target_name": "dev", "node_id": "model.zomato.fct_orders"} */
merge into ZOMATO.marts.fct_orders as DBT_INTERNAL_DEST
        using ZOMATO.marts.fct_orders__dbt_tmp as DBT_INTERNAL_SOURCE
        on ((DBT_INTERNAL_SOURCE.order_id = DBT_INTERNAL_DEST.order_id))

    
    when matched then update set
        "ORDER_ID" = DBT_INTERNAL_SOURCE."ORDER_ID","ORDER_TIMESTAMP" = DBT_INTERNAL_SOURCE."ORDER_TIMESTAMP","ORDER_DATE" = DBT_INTERNAL_SOURCE."ORDER_DATE","CUSTOMER_ID" = DBT_INTERNAL_SOURCE."CUSTOMER_ID","RESTAURANT_ID" = DBT_INTERNAL_SOURCE."RESTAURANT_ID","CITY" = DBT_INTERNAL_SOURCE."CITY","CUISINE" = DBT_INTERNAL_SOURCE."CUISINE","PAYMENT_METHOD" = DBT_INTERNAL_SOURCE."PAYMENT_METHOD","ORDER_STATUS" = DBT_INTERNAL_SOURCE."ORDER_STATUS","IS_DELIVERED" = DBT_INTERNAL_SOURCE."IS_DELIVERED","ITEMS_COUNT" = DBT_INTERNAL_SOURCE."ITEMS_COUNT","SALES_QTY" = DBT_INTERNAL_SOURCE."SALES_QTY","SUBTOTAL" = DBT_INTERNAL_SOURCE."SUBTOTAL","DISCOUNT" = DBT_INTERNAL_SOURCE."DISCOUNT","DELIVERY_FEE" = DBT_INTERNAL_SOURCE."DELIVERY_FEE","GST" = DBT_INTERNAL_SOURCE."GST","SALES_AMOUNT" = DBT_INTERNAL_SOURCE."SALES_AMOUNT","CUSTOMER_RATING" = DBT_INTERNAL_SOURCE."CUSTOMER_RATING","DELIVERY_TIME_MIN" = DBT_INTERNAL_SOURCE."DELIVERY_TIME_MIN"
    

    when not matched then insert
        ("ORDER_ID", "ORDER_TIMESTAMP", "ORDER_DATE", "CUSTOMER_ID", "RESTAURANT_ID", "CITY", "CUISINE", "PAYMENT_METHOD", "ORDER_STATUS", "IS_DELIVERED", "ITEMS_COUNT", "SALES_QTY", "SUBTOTAL", "DISCOUNT", "DELIVERY_FEE", "GST", "SALES_AMOUNT", "CUSTOMER_RATING", "DELIVERY_TIME_MIN")
    values
        ("ORDER_ID", "ORDER_TIMESTAMP", "ORDER_DATE", "CUSTOMER_ID", "RESTAURANT_ID", "CITY", "CUISINE", "PAYMENT_METHOD", "ORDER_STATUS", "IS_DELIVERED", "ITEMS_COUNT", "SALES_QTY", "SUBTOTAL", "DISCOUNT", "DELIVERY_FEE", "GST", "SALES_AMOUNT", "CUSTOMER_RATING", "DELIVERY_TIME_MIN")

;
[0m10:24:47.004657 [debug] [Thread-5 (]: SQL status: SUCCESS 1 in 0.134 seconds
[0m10:24:47.005745 [debug] [Thread-5 (]: Using snowflake connection "model.zomato.fact_order_items"
[0m10:24:47.006986 [debug] [Thread-5 (]: On model.zomato.fact_order_items: /* {"app": "dbt", "dbt_version": "1.12.0", "profile_name": "zomato", "target_name": "dev", "node_id": "model.zomato.fact_order_items"} */
merge into ZOMATO.marts.fact_order_items as DBT_INTERNAL_DEST
        using ZOMATO.marts.fact_order_items__dbt_tmp as DBT_INTERNAL_SOURCE
        on ((DBT_INTERNAL_SOURCE.order_item_id = DBT_INTERNAL_DEST.order_item_id))

    
    when matched then update set
        "ORDER_ITEM_ID" = DBT_INTERNAL_SOURCE."ORDER_ITEM_ID","ORDER_ID" = DBT_INTERNAL_SOURCE."ORDER_ID","RESTAURANT_ID" = DBT_INTERNAL_SOURCE."RESTAURANT_ID","F_ID" = DBT_INTERNAL_SOURCE."F_ID","ORDER_TS" = DBT_INTERNAL_SOURCE."ORDER_TS","ORDER_DATE" = DBT_INTERNAL_SOURCE."ORDER_DATE","CITY" = DBT_INTERNAL_SOURCE."CITY","PRICE" = DBT_INTERNAL_SOURCE."PRICE","QUANTITY" = DBT_INTERNAL_SOURCE."QUANTITY","LINE_AMOUNT" = DBT_INTERNAL_SOURCE."LINE_AMOUNT"
    

    when not matched then insert
        ("ORDER_ITEM_ID", "ORDER_ID", "RESTAURANT_ID", "F_ID", "ORDER_TS", "ORDER_DATE", "CITY", "PRICE", "QUANTITY", "LINE_AMOUNT")
    values
        ("ORDER_ITEM_ID", "ORDER_ID", "RESTAURANT_ID", "F_ID", "ORDER_TS", "ORDER_DATE", "CITY", "PRICE", "QUANTITY", "LINE_AMOUNT")

;
[0m10:24:47.307061 [debug] [Thread-4 (]: SQL status: SUCCESS 0 in 0.338 seconds
[0m10:24:47.308696 [debug] [Thread-4 (]: Using snowflake connection "model.zomato.fct_orders"
[0m10:24:47.309772 [debug] [Thread-4 (]: On model.zomato.fct_orders: /* {"app": "dbt", "dbt_version": "1.12.0", "profile_name": "zomato", "target_name": "dev", "node_id": "model.zomato.fct_orders"} */
COMMIT
[0m10:24:47.402210 [debug] [Thread-5 (]: SQL status: SUCCESS 0 in 0.393 seconds
[0m10:24:47.403321 [debug] [Thread-5 (]: Using snowflake connection "model.zomato.fact_order_items"
[0m10:24:47.404208 [debug] [Thread-5 (]: On model.zomato.fact_order_items: /* {"app": "dbt", "dbt_version": "1.12.0", "profile_name": "zomato", "target_name": "dev", "node_id": "model.zomato.fact_order_items"} */
COMMIT
[0m10:24:47.505435 [debug] [Thread-4 (]: SQL status: SUCCESS 1 in 0.194 seconds
[0m10:24:47.519832 [debug] [Thread-4 (]: Applying DROP to: ZOMATO.marts.fct_orders__dbt_tmp
[0m10:24:47.532761 [debug] [Thread-4 (]: Using snowflake connection "model.zomato.fct_orders"
[0m10:24:47.534025 [debug] [Thread-4 (]: On model.zomato.fct_orders: /* {"app": "dbt", "dbt_version": "1.12.0", "profile_name": "zomato", "target_name": "dev", "node_id": "model.zomato.fct_orders"} */
drop view if exists ZOMATO.marts.fct_orders__dbt_tmp cascade
[0m10:24:47.639529 [debug] [Thread-5 (]: SQL status: SUCCESS 1 in 0.234 seconds
[0m10:24:47.643429 [debug] [Thread-5 (]: Applying DROP to: ZOMATO.marts.fact_order_items__dbt_tmp
[0m10:24:47.645023 [debug] [Thread-5 (]: Using snowflake connection "model.zomato.fact_order_items"
[0m10:24:47.645963 [debug] [Thread-5 (]: On model.zomato.fact_order_items: /* {"app": "dbt", "dbt_version": "1.12.0", "profile_name": "zomato", "target_name": "dev", "node_id": "model.zomato.fact_order_items"} */
drop view if exists ZOMATO.marts.fact_order_items__dbt_tmp cascade
[0m10:24:47.711029 [debug] [Thread-4 (]: SQL status: SUCCESS 1 in 0.176 seconds
[0m10:24:47.713826 [debug] [Thread-4 (]: On model.zomato.fct_orders: Close
[0m10:24:47.817733 [debug] [Thread-5 (]: SQL status: SUCCESS 1 in 0.171 seconds
[0m10:24:47.821878 [debug] [Thread-5 (]: On model.zomato.fact_order_items: Close
[0m10:24:47.901651 [debug] [Thread-4 (]: Sending event: {'category': 'dbt', 'action': 'run_model', 'label': '069375f8-6b1b-4c0a-a5ec-c8cc820eb696', 'context': [<snowplow_tracker.self_describing_json.SelfDescribingJson object at 0x7f5c82e211f0>]}
[0m10:24:47.903759 [info ] [Thread-4 (]: 25 of 32 OK created sql incremental model marts.fct_orders ..................... [[32mSUCCESS 0[0m in 2.75s]
[0m10:24:47.908450 [debug] [Thread-4 (]: Finished running node model.zomato.fct_orders
[0m10:24:47.910268 [debug] [Thread-8 (]: Began running node test.zomato.accepted_values_fct_orders_order_status__Delivered__Cancelled__Refunded.165fe30b61
[0m10:24:47.911129 [debug] [Thread-6 (]: Began running node test.zomato.not_null_fct_orders_order_id.4e687af8d0
[0m10:24:47.911982 [debug] [Thread-2 (]: Began running node test.zomato.relationships_fct_orders_customer_id__customer_id__ref_dim_customer_.d39c4721da
[0m10:24:47.913591 [debug] [Thread-7 (]: Began running node test.zomato.unique_fct_orders_order_id.523ddb6ce5
[0m10:24:47.912794 [info ] [Thread-8 (]: 26 of 32 START test accepted_values_fct_orders_order_status__Delivered__Cancelled__Refunded  [RUN]
[0m10:24:47.914714 [info ] [Thread-6 (]: 27 of 32 START test not_null_fct_orders_order_id ............................... [RUN]
[0m10:24:47.916295 [info ] [Thread-2 (]: 28 of 32 START test relationships_fct_orders_customer_id__customer_id__ref_dim_customer_  [RUN]
[0m10:24:47.917529 [info ] [Thread-7 (]: 29 of 32 START test unique_fct_orders_order_id ................................. [RUN]
[0m10:24:47.918860 [debug] [Thread-8 (]: Re-using an available connection from the pool (formerly test.zomato.unique_stg_orders_order_id.e3b841c71a, now test.zomato.accepted_values_fct_orders_order_status__Delivered__Cancelled__Refunded.165fe30b61)
[0m10:24:47.920135 [debug] [Thread-6 (]: Re-using an available connection from the pool (formerly test.zomato.not_null_stg_reviews_review_id.943b8fc3e4, now test.zomato.not_null_fct_orders_order_id.4e687af8d0)
[0m10:24:47.921174 [debug] [Thread-2 (]: Re-using an available connection from the pool (formerly test.zomato.unique_stg_reviews_review_id.9b6c259f3c, now test.zomato.relationships_fct_orders_customer_id__customer_id__ref_dim_customer_.d39c4721da)
[0m10:24:47.922269 [debug] [Thread-7 (]: Re-using an available connection from the pool (formerly model.zomato.dim_customer, now test.zomato.unique_fct_orders_order_id.523ddb6ce5)
[0m10:24:47.923260 [debug] [Thread-8 (]: Began compiling node test.zomato.accepted_values_fct_orders_order_status__Delivered__Cancelled__Refunded.165fe30b61
[0m10:24:47.924170 [debug] [Thread-6 (]: Began compiling node test.zomato.not_null_fct_orders_order_id.4e687af8d0
[0m10:24:47.925205 [debug] [Thread-2 (]: Began compiling node test.zomato.relationships_fct_orders_customer_id__customer_id__ref_dim_customer_.d39c4721da
[0m10:24:47.926346 [debug] [Thread-7 (]: Began compiling node test.zomato.unique_fct_orders_order_id.523ddb6ce5
[0m10:24:47.996521 [debug] [Thread-8 (]: Writing injected SQL for node "test.zomato.accepted_values_fct_orders_order_status__Delivered__Cancelled__Refunded.165fe30b61"
[0m10:24:47.959825 [debug] [Thread-6 (]: Writing injected SQL for node "test.zomato.not_null_fct_orders_order_id.4e687af8d0"
[0m10:24:48.027983 [debug] [Thread-7 (]: Writing injected SQL for node "test.zomato.unique_fct_orders_order_id.523ddb6ce5"
[0m10:24:48.031087 [debug] [Thread-2 (]: Writing injected SQL for node "test.zomato.relationships_fct_orders_customer_id__customer_id__ref_dim_customer_.d39c4721da"
[0m10:24:48.038609 [debug] [Thread-8 (]: Began executing node test.zomato.accepted_values_fct_orders_order_status__Delivered__Cancelled__Refunded.165fe30b61
[0m10:24:48.042210 [debug] [Thread-8 (]: Writing runtime sql for node "test.zomato.accepted_values_fct_orders_order_status__Delivered__Cancelled__Refunded.165fe30b61"
[0m10:24:48.043514 [debug] [Thread-6 (]: Began executing node test.zomato.not_null_fct_orders_order_id.4e687af8d0
[0m10:24:48.044447 [debug] [Thread-7 (]: Began executing node test.zomato.unique_fct_orders_order_id.523ddb6ce5
[0m10:24:48.049156 [debug] [Thread-6 (]: Writing runtime sql for node "test.zomato.not_null_fct_orders_order_id.4e687af8d0"
[0m10:24:48.050307 [debug] [Thread-2 (]: Began executing node test.zomato.relationships_fct_orders_customer_id__customer_id__ref_dim_customer_.d39c4721da
[0m10:24:48.053347 [debug] [Thread-7 (]: Writing runtime sql for node "test.zomato.unique_fct_orders_order_id.523ddb6ce5"
[0m10:24:48.055625 [debug] [Thread-8 (]: Using snowflake connection "test.zomato.accepted_values_fct_orders_order_status__Delivered__Cancelled__Refunded.165fe30b61"
[0m10:24:48.058717 [debug] [Thread-2 (]: Writing runtime sql for node "test.zomato.relationships_fct_orders_customer_id__customer_id__ref_dim_customer_.d39c4721da"
[0m10:24:48.060737 [debug] [Thread-8 (]: On test.zomato.accepted_values_fct_orders_order_status__Delivered__Cancelled__Refunded.165fe30b61: /* {"app": "dbt", "dbt_version": "1.12.0", "profile_name": "zomato", "target_name": "dev", "node_id": "test.zomato.accepted_values_fct_orders_order_status__Delivered__Cancelled__Refunded.165fe30b61"} */
select
      count(*) as failures,
      count(*) != 0 as should_warn,
      count(*) != 0 as should_error
    from (
      
    
  
    
    

with all_values as (

    select
        order_status as value_field,
        count(*) as n_records

    from ZOMATO.marts.fct_orders
    group by order_status

)

select *
from all_values
where value_field not in (
    'Delivered','Cancelled','Refunded'
)



  
  
      
    ) dbt_internal_test
[0m10:24:48.062417 [debug] [Thread-6 (]: Using snowflake connection "test.zomato.not_null_fct_orders_order_id.4e687af8d0"
[0m10:24:48.063651 [debug] [Thread-8 (]: Opening a new connection, currently in state closed
[0m10:24:48.064831 [debug] [Thread-6 (]: On test.zomato.not_null_fct_orders_order_id.4e687af8d0: /* {"app": "dbt", "dbt_version": "1.12.0", "profile_name": "zomato", "target_name": "dev", "node_id": "test.zomato.not_null_fct_orders_order_id.4e687af8d0"} */
select
      count(*) as failures,
      count(*) != 0 as should_warn,
      count(*) != 0 as should_error
    from (
      
    
  
    
    



select order_id
from ZOMATO.marts.fct_orders
where order_id is null



  
  
      
    ) dbt_internal_test
[0m10:24:48.066739 [debug] [Thread-7 (]: Using snowflake connection "test.zomato.unique_fct_orders_order_id.523ddb6ce5"
[0m10:24:48.095530 [debug] [Thread-2 (]: Using snowflake connection "test.zomato.relationships_fct_orders_customer_id__customer_id__ref_dim_customer_.d39c4721da"
[0m10:24:48.101313 [debug] [Thread-6 (]: Opening a new connection, currently in state closed
[0m10:24:48.115148 [debug] [Thread-7 (]: On test.zomato.unique_fct_orders_order_id.523ddb6ce5: /* {"app": "dbt", "dbt_version": "1.12.0", "profile_name": "zomato", "target_name": "dev", "node_id": "test.zomato.unique_fct_orders_order_id.523ddb6ce5"} */
select
      count(*) as failures,
      count(*) != 0 as should_warn,
      count(*) != 0 as should_error
    from (
      
    
  
    
    

select
    order_id as unique_field,
    count(*) as n_records

from ZOMATO.marts.fct_orders
where order_id is not null
group by order_id
having count(*) > 1



  
  
      
    ) dbt_internal_test
[0m10:24:48.119396 [debug] [Thread-2 (]: On test.zomato.relationships_fct_orders_customer_id__customer_id__ref_dim_customer_.d39c4721da: /* {"app": "dbt", "dbt_version": "1.12.0", "profile_name": "zomato", "target_name": "dev", "node_id": "test.zomato.relationships_fct_orders_customer_id__customer_id__ref_dim_customer_.d39c4721da"} */
select
      count(*) as failures,
      count(*) != 0 as should_warn,
      count(*) != 0 as should_error
    from (
      
    
  
    
    

with child as (
    select customer_id as from_field
    from ZOMATO.marts.fct_orders
    where customer_id is not null
),

parent as (
    select customer_id as to_field
    from ZOMATO.marts.dim_customer
)

select
    from_field

from child
left join parent
    on child.from_field = parent.to_field

where parent.to_field is null



  
  
      
    ) dbt_internal_test
[0m10:24:48.135854 [debug] [Thread-7 (]: Opening a new connection, currently in state closed
[0m10:24:48.172131 [debug] [Thread-2 (]: Opening a new connection, currently in state closed
[0m10:24:48.214280 [debug] [Thread-5 (]: Sending event: {'category': 'dbt', 'action': 'run_model', 'label': '069375f8-6b1b-4c0a-a5ec-c8cc820eb696', 'context': [<snowplow_tracker.self_describing_json.SelfDescribingJson object at 0x7f5c82e4f9b0>]}
[0m10:24:48.244161 [info ] [Thread-5 (]: 24 of 32 OK created sql incremental model marts.fact_order_items ............... [[32mSUCCESS 0[0m in 3.06s]
[0m10:24:48.251363 [debug] [Thread-5 (]: Finished running node model.zomato.fact_order_items
[0m10:24:48.939240 [debug] [Thread-6 (]: SQL status: SUCCESS 1 in 0.838 seconds
[0m10:24:48.943514 [debug] [Thread-6 (]: On test.zomato.not_null_fct_orders_order_id.4e687af8d0: Close
[0m10:24:49.107305 [debug] [Thread-8 (]: SQL status: SUCCESS 1 in 1.044 seconds
[0m10:24:49.110669 [debug] [Thread-8 (]: On test.zomato.accepted_values_fct_orders_order_status__Delivered__Cancelled__Refunded.165fe30b61: Close
[0m10:24:49.215502 [info ] [Thread-6 (]: 27 of 32 PASS not_null_fct_orders_order_id ..................................... [[32mPASS[0m in 1.29s]
[0m10:24:49.217229 [debug] [Thread-6 (]: Finished running node test.zomato.not_null_fct_orders_order_id.4e687af8d0
[0m10:24:49.320272 [debug] [Thread-2 (]: SQL status: SUCCESS 1 in 1.148 seconds
[0m10:24:49.326993 [debug] [Thread-2 (]: On test.zomato.relationships_fct_orders_customer_id__customer_id__ref_dim_customer_.d39c4721da: Close
[0m10:24:49.332299 [info ] [Thread-8 (]: 26 of 32 PASS accepted_values_fct_orders_order_status__Delivered__Cancelled__Refunded  [[32mPASS[0m in 1.41s]
[0m10:24:49.336734 [debug] [Thread-8 (]: Finished running node test.zomato.accepted_values_fct_orders_order_status__Delivered__Cancelled__Refunded.165fe30b61
[0m10:24:49.603665 [info ] [Thread-2 (]: 28 of 32 PASS relationships_fct_orders_customer_id__customer_id__ref_dim_customer_  [[32mPASS[0m in 1.68s]
[0m10:24:49.605049 [debug] [Thread-2 (]: Finished running node test.zomato.relationships_fct_orders_customer_id__customer_id__ref_dim_customer_.d39c4721da
[0m10:24:50.298276 [debug] [Thread-7 (]: SQL status: SUCCESS 1 in 2.166 seconds
[0m10:24:50.301044 [debug] [Thread-7 (]: On test.zomato.unique_fct_orders_order_id.523ddb6ce5: Close
[0m10:24:50.552707 [info ] [Thread-7 (]: 29 of 32 PASS unique_fct_orders_order_id ....................................... [[32mPASS[0m in 2.63s]
[0m10:24:50.554009 [debug] [Thread-7 (]: Finished running node test.zomato.unique_fct_orders_order_id.523ddb6ce5
[0m10:24:50.556126 [debug] [Thread-1 (]: Began running node model.zomato.mart_daily_city_revenune
[0m10:24:50.556749 [debug] [Thread-4 (]: Began running node model.zomato.mart_delivery_sla
[0m10:24:50.557404 [debug] [Thread-3 (]: Began running node model.zomato.mart_restaurant_performance
[0m10:24:50.558519 [info ] [Thread-1 (]: 30 of 32 START sql table model marts.mart_daily_city_revenune .................. [RUN]
[0m10:24:50.560142 [info ] [Thread-4 (]: 31 of 32 START sql table model marts.mart_delivery_sla ......................... [RUN]
[0m10:24:50.561186 [info ] [Thread-3 (]: 32 of 32 START sql table model marts.mart_restaurant_performance ............... [RUN]
[0m10:24:50.562116 [debug] [Thread-1 (]: Re-using an available connection from the pool (formerly model.zomato.dim_food, now model.zomato.mart_daily_city_revenune)
[0m10:24:50.562999 [debug] [Thread-4 (]: Re-using an available connection from the pool (formerly model.zomato.fct_orders, now model.zomato.mart_delivery_sla)
[0m10:24:50.563753 [debug] [Thread-3 (]: Re-using an available connection from the pool (formerly model.zomato.dim_restaurants, now model.zomato.mart_restaurant_performance)
[0m10:24:50.564558 [debug] [Thread-1 (]: Began compiling node model.zomato.mart_daily_city_revenune
[0m10:24:50.565484 [debug] [Thread-4 (]: Began compiling node model.zomato.mart_delivery_sla
[0m10:24:50.566368 [debug] [Thread-3 (]: Began compiling node model.zomato.mart_restaurant_performance
[0m10:24:50.569476 [debug] [Thread-1 (]: Writing injected SQL for node "model.zomato.mart_daily_city_revenune"
[0m10:24:50.572102 [debug] [Thread-4 (]: Writing injected SQL for node "model.zomato.mart_delivery_sla"
[0m10:24:50.576372 [debug] [Thread-3 (]: Writing injected SQL for node "model.zomato.mart_restaurant_performance"
[0m10:24:50.578710 [debug] [Thread-1 (]: Began executing node model.zomato.mart_daily_city_revenune
[0m10:24:50.581320 [debug] [Thread-1 (]: Writing runtime sql for node "model.zomato.mart_daily_city_revenune"
[0m10:24:50.582073 [debug] [Thread-3 (]: Began executing node model.zomato.mart_restaurant_performance
[0m10:24:50.582968 [debug] [Thread-4 (]: Began executing node model.zomato.mart_delivery_sla
[0m10:24:50.585716 [debug] [Thread-3 (]: Writing runtime sql for node "model.zomato.mart_restaurant_performance"
[0m10:24:50.588661 [debug] [Thread-4 (]: Writing runtime sql for node "model.zomato.mart_delivery_sla"
[0m10:24:50.591720 [debug] [Thread-1 (]: Using snowflake connection "model.zomato.mart_daily_city_revenune"
[0m10:24:50.592825 [debug] [Thread-1 (]: On model.zomato.mart_daily_city_revenune: /* {"app": "dbt", "dbt_version": "1.12.0", "profile_name": "zomato", "target_name": "dev", "node_id": "model.zomato.mart_daily_city_revenune"} */
create or replace transient table ZOMATO.marts.mart_daily_city_revenune
         as
        (select 
order_date, 
city, 
count(*) as orders, 
count_if(is_delivered) as delivered_orders,
round(div0(count_if(order_status='Cancelled'), count(*)),4) as cancel_rate,
sum(iff(is_delivered, sales_amount, 0)) as gmv,
round(div0(sum(iff(is_delivered, sales_amount,0)), count_if(is_delivered)),2) as aov
from ZOMATO.marts.fct_orders group by 1,2
        );
[0m10:24:50.593795 [debug] [Thread-1 (]: Opening a new connection, currently in state closed
[0m10:24:50.606667 [debug] [Thread-4 (]: Using snowflake connection "model.zomato.mart_delivery_sla"
[0m10:24:50.611457 [debug] [Thread-4 (]: On model.zomato.mart_delivery_sla: /* {"app": "dbt", "dbt_version": "1.12.0", "profile_name": "zomato", "target_name": "dev", "node_id": "model.zomato.mart_delivery_sla"} */
create or replace transient table ZOMATO.marts.mart_delivery_sla
         as
        (select city, 
hour(order_timestamp) as order_hour, 
count_if(is_delivered) as delivered_orders,
round(median(delivery_time_min),1) as p50, 
round(percentile_cont(0.9) within group (order by delivery_time_min),1) as p90
from ZOMATO.marts.fct_orders 
where is_delivered group by 1,2
        );
[0m10:24:50.612964 [debug] [Thread-3 (]: Using snowflake connection "model.zomato.mart_restaurant_performance"
[0m10:24:50.613992 [debug] [Thread-4 (]: Opening a new connection, currently in state closed
[0m10:24:50.615624 [debug] [Thread-3 (]: On model.zomato.mart_restaurant_performance: /* {"app": "dbt", "dbt_version": "1.12.0", "profile_name": "zomato", "target_name": "dev", "node_id": "model.zomato.mart_restaurant_performance"} */
create or replace transient table ZOMATO.marts.mart_restaurant_performance
         as
        (select 
f.restaurant_id, r.restaurant_name, r.city, r.cuisine, 
count(*) as orders,
sum(iff(f.is_delivered, f.sales_amount, 0)) as revenue, 
round(avg(f.customer_rating),2) as avg_customer_rating,
round(avg(f.delivery_time_min),1) as avg_delivery_min
from ZOMATO.marts.fct_orders f 
left join ZOMATO.marts.dim_restaurants r using (restaurant_id) 
group by 1,2,3,4
        );
[0m10:24:50.622562 [debug] [Thread-3 (]: Opening a new connection, currently in state closed
[0m10:24:53.172485 [debug] [Thread-1 (]: SQL status: SUCCESS 1 in 2.579 seconds
[0m10:24:53.176041 [debug] [Thread-1 (]: On model.zomato.mart_daily_city_revenune: Close
[0m10:24:53.406324 [debug] [Thread-4 (]: SQL status: SUCCESS 1 in 2.792 seconds
[0m10:24:53.410169 [debug] [Thread-4 (]: On model.zomato.mart_delivery_sla: Close
[0m10:24:53.411506 [debug] [Thread-1 (]: Sending event: {'category': 'dbt', 'action': 'run_model', 'label': '069375f8-6b1b-4c0a-a5ec-c8cc820eb696', 'context': [<snowplow_tracker.self_describing_json.SelfDescribingJson object at 0x7f5c80423f50>]}
[0m10:24:53.414353 [info ] [Thread-1 (]: 30 of 32 OK created sql table model marts.mart_daily_city_revenune ............. [[32mSUCCESS 1[0m in 2.85s]
[0m10:24:53.417145 [debug] [Thread-1 (]: Finished running node model.zomato.mart_daily_city_revenune
[0m10:24:53.477174 [debug] [Thread-3 (]: SQL status: SUCCESS 1 in 2.854 seconds
[0m10:24:53.481657 [debug] [Thread-3 (]: On model.zomato.mart_restaurant_performance: Close
[0m10:24:53.597293 [debug] [Thread-4 (]: Sending event: {'category': 'dbt', 'action': 'run_model', 'label': '069375f8-6b1b-4c0a-a5ec-c8cc820eb696', 'context': [<snowplow_tracker.self_describing_json.SelfDescribingJson object at 0x7f5c7011a960>]}
[0m10:24:53.599112 [info ] [Thread-4 (]: 31 of 32 OK created sql table model marts.mart_delivery_sla .................... [[32mSUCCESS 1[0m in 3.03s]
[0m10:24:53.600530 [debug] [Thread-4 (]: Finished running node model.zomato.mart_delivery_sla
[0m10:24:53.799911 [debug] [Thread-3 (]: Sending event: {'category': 'dbt', 'action': 'run_model', 'label': '069375f8-6b1b-4c0a-a5ec-c8cc820eb696', 'context': [<snowplow_tracker.self_describing_json.SelfDescribingJson object at 0x7f5c82dfe540>]}
[0m10:24:53.802335 [info ] [Thread-3 (]: 32 of 32 OK created sql table model marts.mart_restaurant_performance .......... [[32mSUCCESS 1[0m in 3.24s]
[0m10:24:53.804310 [debug] [Thread-3 (]: Finished running node model.zomato.mart_restaurant_performance
[0m10:24:53.814174 [debug] [MainThread]: Connection 'master' was properly closed.
[0m10:24:53.815507 [debug] [MainThread]: Connection 'model.zomato.mart_daily_city_revenune' was properly closed.
[0m10:24:53.816776 [debug] [MainThread]: Connection 'test.zomato.relationships_fct_orders_customer_id__customer_id__ref_dim_customer_.d39c4721da' was properly closed.
[0m10:24:53.818258 [debug] [MainThread]: Connection 'model.zomato.mart_restaurant_performance' was properly closed.
[0m10:24:53.819340 [debug] [MainThread]: Connection 'model.zomato.mart_delivery_sla' was properly closed.
[0m10:24:53.820362 [debug] [MainThread]: Connection 'model.zomato.fact_order_items' was properly closed.
[0m10:24:53.821586 [debug] [MainThread]: Connection 'test.zomato.not_null_fct_orders_order_id.4e687af8d0' was properly closed.
[0m10:24:53.822806 [debug] [MainThread]: Connection 'test.zomato.unique_fct_orders_order_id.523ddb6ce5' was properly closed.
[0m10:24:53.823920 [debug] [MainThread]: Connection 'test.zomato.accepted_values_fct_orders_order_status__Delivered__Cancelled__Refunded.165fe30b61' was properly closed.
[0m10:24:53.825885 [info ] [MainThread]: 
[0m10:24:53.827975 [info ] [MainThread]: Finished running 2 incremental models, 7 table models, 16 data tests, 7 view models in 0 hours 0 minutes and 18.14 seconds (18.14s).
[0m10:24:53.843509 [debug] [MainThread]: Command end result
[0m10:24:53.957927 [debug] [MainThread]: Wrote artifact WritableManifest to /opt/airflow/dbt/zomato/target/manifest.json
[0m10:24:53.965485 [debug] [MainThread]: Wrote artifact SemanticManifest to /opt/airflow/dbt/zomato/target/semantic_manifest.json
[0m10:24:53.974816 [debug] [MainThread]: Wrote artifact OsiDocument to /opt/airflow/dbt/zomato/target/osi_document.json
[0m10:24:54.002586 [debug] [MainThread]: Wrote artifact RunExecutionResult to /opt/airflow/dbt/zomato/target/run_results.json
[0m10:24:54.004254 [info ] [MainThread]: 
[0m10:24:54.005626 [info ] [MainThread]: [32mCompleted successfully[0m
[0m10:24:54.007253 [info ] [MainThread]: 
[0m10:24:54.009273 [info ] [MainThread]: Done. PASS=32 WARN=0 ERROR=0 SKIP=0 NO-OP=0 REUSED=0 TOTAL=32
[0m10:24:54.011816 [debug] [MainThread]: Resource report: {"command_name": "build", "command_success": true, "command_wall_clock_time": 21.489796, "process_in_blocks": "119920", "process_kernel_time": 2.440461, "process_mem_max_rss": "191640", "process_out_blocks": "3006", "process_user_time": 12.460553}
[0m10:24:54.013384 [debug] [MainThread]: Command `dbt build` succeeded at 10:24:54.013157 after 21.49 seconds
[0m10:24:54.015154 [debug] [MainThread]: Sending event: {'category': 'dbt', 'action': 'invocation', 'label': 'end', 'context': [<snowplow_tracker.self_describing_json.SelfDescribingJson object at 0x7f5c8550b320>, <snowplow_tracker.self_describing_json.SelfDescribingJson object at 0x7f5c4e7a42c0>, <snowplow_tracker.self_describing_json.SelfDescribingJson object at 0x7f5c8024b0e0>]}
[0m10:24:54.016431 [debug] [MainThread]: Flushing usage events
[0m10:24:55.693097 [debug] [MainThread]: An error was encountered while trying to flush usage events
[0m10:25:11.061950 [debug] [MainThread]: Sending event: {'category': 'dbt', 'action': 'invocation', 'label': 'start', 'context': [<snowplow_tracker.self_describing_json.SelfDescribingJson object at 0x7fa36c28b8f0>, <snowplow_tracker.self_describing_json.SelfDescribingJson object at 0x7fa36dc4df40>, <snowplow_tracker.self_describing_json.SelfDescribingJson object at 0x7fa36cd86840>]}


============================== 10:25:11.069498 | 0740b723-57b5-4df5-8d4e-df1b78fc6274 ==============================
[0m10:25:11.069498 [info ] [MainThread]: Running with dbt=1.12.0
[0m10:25:11.070667 [debug] [MainThread]: running dbt with arguments {'use_colors': 'True', 'use_experimental_parser': 'False', 'invocation_command': 'dbt build --select tag:ai --project-dir /opt/airflow/dbt/zomato --profiles-dir /opt/airflow/dbt/zomato', 'version_check': 'True', 'log_cache_events': 'False', 'cache_selected_only': 'False', 'introspect': 'True', 'write_json': 'True', 'partial_parse': 'True', 'static_parser': 'True', 'empty': 'False', 'debug': 'False', 'send_anonymous_usage_stats': 'True', 'printer_width': '80', 'quiet': 'False', 'maximum_seed_size_mib': '1', 'no_print': 'None', 'profiles_dir': '/opt/airflow/dbt/zomato', 'warn_error_options': 'WarnErrorOptionsV2(error=[], warn=[], silence=[])', 'fail_fast': 'False', 'log_path': '/opt/airflow/dbt/zomato/logs', 'log_format': 'default', 'indirect_selection': 'eager', 'warn_error': 'None', 'target_path': 'None', 'hints_enabled': 'True'}
[0m10:25:11.672606 [debug] [MainThread]: Sending event: {'category': 'dbt', 'action': 'project_id', 'label': '0740b723-57b5-4df5-8d4e-df1b78fc6274', 'context': [<snowplow_tracker.self_describing_json.SelfDescribingJson object at 0x7fa36a654050>]}
[0m10:25:11.759128 [debug] [MainThread]: Sending event: {'category': 'dbt', 'action': 'adapter_info', 'label': '0740b723-57b5-4df5-8d4e-df1b78fc6274', 'context': [<snowplow_tracker.self_describing_json.SelfDescribingJson object at 0x7fa36a8c9a00>]}
[0m10:25:11.760956 [info ] [MainThread]: Registered adapter: snowflake=1.8.4
[0m10:25:11.890265 [debug] [MainThread]: checksum: b0e43d10305132c56d20e06d6acd19b0e2ab954460bc87bfcfc553bb03080190, vars: {}, profile: zomato, target: dev, version: 1.12.0
[0m10:25:12.106473 [debug] [MainThread]: Partial parsing enabled: 0 files deleted, 0 files added, 0 files changed.
[0m10:25:12.107175 [debug] [MainThread]: Nothing changed, skipping partial parsing.
[0m10:25:12.107745 [debug] [MainThread]: Partial parsing enabled, no changes found, skipping parsing
[0m10:25:12.116870 [warn ] [MainThread]: [[33mWARNING[0m]: Configuration paths exist in your dbt_project.yml file which do not apply to any resources.
There are 1 unused configuration paths:
- snapshots.zomato
[0m10:25:12.123560 [debug] [MainThread]: Sending event: {'category': 'dbt', 'action': 'load_project', 'label': '0740b723-57b5-4df5-8d4e-df1b78fc6274', 'context': [<snowplow_tracker.self_describing_json.SelfDescribingJson object at 0x7fa36a44cdd0>]}
[0m10:25:12.353253 [debug] [MainThread]: Wrote artifact WritableManifest to /opt/airflow/dbt/zomato/target/manifest.json
[0m10:25:12.357646 [debug] [MainThread]: Wrote artifact SemanticManifest to /opt/airflow/dbt/zomato/target/semantic_manifest.json
[0m10:25:12.376242 [debug] [MainThread]: Wrote artifact OsiDocument to /opt/airflow/dbt/zomato/target/osi_document.json
[0m10:25:12.407095 [debug] [MainThread]: Sending event: {'category': 'dbt', 'action': 'resource_counts', 'label': '0740b723-57b5-4df5-8d4e-df1b78fc6274', 'context': [<snowplow_tracker.self_describing_json.SelfDescribingJson object at 0x7fa369dcb590>]}
[0m10:25:12.407831 [info ] [MainThread]: Found 17 models, 16 data tests, 8 sources, 506 macros
[0m10:25:12.410728 [info ] [MainThread]: 
[0m10:25:12.411616 [info ] [MainThread]: Concurrency: 8 threads (target='dev')
[0m10:25:12.412334 [info ] [MainThread]: 
[0m10:25:12.413388 [debug] [MainThread]: Acquiring new snowflake connection 'master'
[0m10:25:12.415301 [debug] [ThreadPool]: Acquiring new snowflake connection 'list_ZOMATO'
[0m10:25:12.435285 [debug] [ThreadPool]: Using snowflake connection "list_ZOMATO"
[0m10:25:12.436028 [debug] [ThreadPool]: On list_ZOMATO: /* {"app": "dbt", "dbt_version": "1.12.0", "profile_name": "zomato", "target_name": "dev", "connection_name": "list_ZOMATO"} */
show terse schemas in database ZOMATO
    limit 10000
[0m10:25:12.436900 [debug] [ThreadPool]: Opening a new connection, currently in state init
[0m10:25:15.620066 [debug] [ThreadPool]: SQL status: SUCCESS 8 in 3.183 seconds
[0m10:25:15.622933 [debug] [ThreadPool]: On list_ZOMATO: Close
[0m10:25:15.962768 [debug] [ThreadPool]: Re-using an available connection from the pool (formerly list_ZOMATO, now list_ZOMATO_staging)
[0m10:25:15.969485 [debug] [ThreadPool]: Acquiring new snowflake connection 'list_ZOMATO_marts'
[0m10:25:15.985079 [debug] [ThreadPool]: Using snowflake connection "list_ZOMATO_staging"
[0m10:25:15.991620 [debug] [ThreadPool]: On list_ZOMATO_staging: /* {"app": "dbt", "dbt_version": "1.12.0", "profile_name": "zomato", "target_name": "dev", "connection_name": "list_ZOMATO_staging"} */
show objects in ZOMATO.staging limit 10000
[0m10:25:15.993419 [debug] [ThreadPool]: Using snowflake connection "list_ZOMATO_marts"
[0m10:25:15.994143 [debug] [ThreadPool]: Opening a new connection, currently in state closed
[0m10:25:15.995194 [debug] [ThreadPool]: On list_ZOMATO_marts: /* {"app": "dbt", "dbt_version": "1.12.0", "profile_name": "zomato", "target_name": "dev", "connection_name": "list_ZOMATO_marts"} */
show objects in ZOMATO.marts limit 10000
[0m10:25:16.002713 [debug] [ThreadPool]: Opening a new connection, currently in state init
[0m10:25:16.699744 [debug] [ThreadPool]: SQL status: SUCCESS 7 in 0.706 seconds
[0m10:25:16.703129 [debug] [ThreadPool]: On list_ZOMATO_staging: Close
[0m10:25:16.869840 [debug] [ThreadPool]: SQL status: SUCCESS 10 in 0.867 seconds
[0m10:25:16.873338 [debug] [ThreadPool]: On list_ZOMATO_marts: Close
[0m10:25:17.112803 [debug] [MainThread]: Sending event: {'category': 'dbt', 'action': 'runnable_timing', 'label': '0740b723-57b5-4df5-8d4e-df1b78fc6274', 'context': [<snowplow_tracker.self_describing_json.SelfDescribingJson object at 0x7fa36a44f8f0>]}
[0m10:25:17.122283 [debug] [Thread-1 (]: Began running node model.zomato.mart_review_insights
[0m10:25:17.123436 [info ] [Thread-1 (]: 1 of 1 START sql table model marts.mart_review_insights ........................ [RUN]
[0m10:25:17.124775 [debug] [Thread-1 (]: Re-using an available connection from the pool (formerly list_ZOMATO_marts, now model.zomato.mart_review_insights)
[0m10:25:17.126133 [debug] [Thread-1 (]: Began compiling node model.zomato.mart_review_insights
[0m10:25:17.138997 [debug] [Thread-1 (]: Writing injected SQL for node "model.zomato.mart_review_insights"
[0m10:25:17.142118 [debug] [Thread-1 (]: Began executing node model.zomato.mart_review_insights
[0m10:25:17.189679 [debug] [Thread-1 (]: Writing runtime sql for node "model.zomato.mart_review_insights"
[0m10:25:17.193563 [debug] [Thread-1 (]: Using snowflake connection "model.zomato.mart_review_insights"
[0m10:25:17.194629 [debug] [Thread-1 (]: On model.zomato.mart_review_insights: /* {"app": "dbt", "dbt_version": "1.12.0", "profile_name": "zomato", "target_name": "dev", "node_id": "model.zomato.mart_review_insights"} */
create or replace transient table ZOMATO.marts.mart_review_insights
         as
        (

select 
    dr.city,
    e.topic,
    e.sentiment_label,
    count(*) as reviews,
    round(avg(e.sentiment_score), 3) as avg_sentiment_score,
    round(avg(rr.rating), 2)        as avg_star_rating,
    count_if(e.key_issue is not null) as flagged_issues
from ZOMATO.AI.review_enriched e
inner join ZOMATO.staging.stg_reviews rr using (review_id)
inner join ZOMATO.marts.dim_restaurants dr on rr.restaurant_id = dr.restaurant_id
group by 1, 2, 3
        );
[0m10:25:17.195663 [debug] [Thread-1 (]: Opening a new connection, currently in state closed
[0m10:25:18.570865 [debug] [Thread-1 (]: SQL status: SUCCESS 1 in 1.375 seconds
[0m10:25:18.613957 [debug] [Thread-1 (]: On model.zomato.mart_review_insights: Close
[0m10:25:18.847527 [debug] [Thread-1 (]: Sending event: {'category': 'dbt', 'action': 'run_model', 'label': '0740b723-57b5-4df5-8d4e-df1b78fc6274', 'context': [<snowplow_tracker.self_describing_json.SelfDescribingJson object at 0x7fa36a617c80>]}
[0m10:25:18.848953 [info ] [Thread-1 (]: 1 of 1 OK created sql table model marts.mart_review_insights ................... [[32mSUCCESS 1[0m in 1.72s]
[0m10:25:18.850644 [debug] [Thread-1 (]: Finished running node model.zomato.mart_review_insights
[0m10:25:18.856046 [debug] [MainThread]: Connection 'master' was properly closed.
[0m10:25:18.856817 [debug] [MainThread]: Connection 'list_ZOMATO_staging' was properly closed.
[0m10:25:18.858238 [debug] [MainThread]: Connection 'model.zomato.mart_review_insights' was properly closed.
[0m10:25:18.858985 [info ] [MainThread]: 
[0m10:25:18.860272 [info ] [MainThread]: Finished running 1 table model in 0 hours 0 minutes and 6.45 seconds (6.45s).
[0m10:25:18.861923 [debug] [MainThread]: Command end result
[0m10:25:18.948912 [debug] [MainThread]: Wrote artifact WritableManifest to /opt/airflow/dbt/zomato/target/manifest.json
[0m10:25:18.954265 [debug] [MainThread]: Wrote artifact SemanticManifest to /opt/airflow/dbt/zomato/target/semantic_manifest.json
[0m10:25:18.960239 [debug] [MainThread]: Wrote artifact OsiDocument to /opt/airflow/dbt/zomato/target/osi_document.json
[0m10:25:18.973215 [debug] [MainThread]: Wrote artifact RunExecutionResult to /opt/airflow/dbt/zomato/target/run_results.json
[0m10:25:18.974009 [info ] [MainThread]: 
[0m10:25:18.975126 [info ] [MainThread]: [32mCompleted successfully[0m
[0m10:25:18.975966 [info ] [MainThread]: 
[0m10:25:18.977241 [info ] [MainThread]: Done. PASS=1 WARN=0 ERROR=0 SKIP=0 NO-OP=0 REUSED=0 TOTAL=1
[0m10:25:19.014267 [debug] [MainThread]: Resource report: {"command_name": "build", "command_success": true, "command_wall_clock_time": 8.056344, "process_in_blocks": "0", "process_kernel_time": 0.367716, "process_mem_max_rss": "176252", "process_out_blocks": "2744", "process_user_time": 4.640763}
[0m10:25:19.015814 [debug] [MainThread]: Command `dbt build` succeeded at 10:25:19.015629 after 8.06 seconds
[0m10:25:19.016872 [debug] [MainThread]: Sending event: {'category': 'dbt', 'action': 'invocation', 'label': 'end', 'context': [<snowplow_tracker.self_describing_json.SelfDescribingJson object at 0x7fa37082b290>, <snowplow_tracker.self_describing_json.SelfDescribingJson object at 0x7fa36cc5d6a0>, <snowplow_tracker.self_describing_json.SelfDescribingJson object at 0x7fa36a430200>]}
[0m10:25:19.018504 [debug] [MainThread]: Flushing usage events
[0m10:25:20.287541 [debug] [MainThread]: An error was encountered while trying to flush usage events
